
  .   ____          _            __ _ _
 /\\ / ___'_ __ _ _(_)_ __  __ _ \ \ \ \
( ( )\___ | '_ | '_| | '_ \/ _` | \ \ \ \
 \\/  ___)| |_)| | | | | || (_| |  ) ) ) )
  '  |____| .__|_| |_|_| |_\__, | / / / /
 =========|_|==============|___/=/_/_/_/

 :: Spring Boot ::                (v3.5.7)

2025-11-09T12:49:58.171-08:00  INFO 17965 --- [JobsyApplication] [           main] com.fran.jobsy.JobsyApplication          : Starting JobsyApplication v1.0 using Java 21.0.9 with PID 17965 (/home/frank/Documentos/jobsy-project/jobsy-rest-api/target/jobsy-rest-api-1.0.jar started by frank in /home/frank/Documentos/jobsy-project/jobsy-rest-api)
2025-11-09T12:49:58.174-08:00 DEBUG 17965 --- [JobsyApplication] [           main] com.fran.jobsy.JobsyApplication          : Running with Spring Boot v3.5.7, Spring v6.2.12
2025-11-09T12:49:58.175-08:00  INFO 17965 --- [JobsyApplication] [           main] com.fran.jobsy.JobsyApplication          : The following 1 profile is active: "dev"
2025-11-09T12:49:59.960-08:00  INFO 17965 --- [JobsyApplication] [           main] .s.d.r.c.RepositoryConfigurationDelegate : Bootstrapping Spring Data JPA repositories in DEFAULT mode.
2025-11-09T12:50:00.128-08:00  INFO 17965 --- [JobsyApplication] [           main] .s.d.r.c.RepositoryConfigurationDelegate : Finished Spring Data repository scanning in 157 ms. Found 16 JPA repository interfaces.
2025-11-09T12:50:01.041-08:00  INFO 17965 --- [JobsyApplication] [           main] o.s.b.w.embedded.tomcat.TomcatWebServer  : Tomcat initialized with port 8080 (http)
2025-11-09T12:50:01.061-08:00  INFO 17965 --- [JobsyApplication] [           main] o.apache.catalina.core.StandardService   : Starting service [Tomcat]
2025-11-09T12:50:01.062-08:00  INFO 17965 --- [JobsyApplication] [           main] o.apache.catalina.core.StandardEngine    : Starting Servlet engine: [Apache Tomcat/10.1.48]
2025-11-09T12:50:01.101-08:00  INFO 17965 --- [JobsyApplication] [           main] o.a.c.c.C.[Tomcat].[localhost].[/]       : Initializing Spring embedded WebApplicationContext
2025-11-09T12:50:01.102-08:00  INFO 17965 --- [JobsyApplication] [           main] w.s.c.ServletWebServerApplicationContext : Root WebApplicationContext: initialization completed in 2612 ms
2025-11-09T12:50:01.343-08:00  INFO 17965 --- [JobsyApplication] [           main] o.hibernate.jpa.internal.util.LogHelper  : HHH000204: Processing PersistenceUnitInfo [name: default]
2025-11-09T12:50:01.430-08:00  INFO 17965 --- [JobsyApplication] [           main] org.hibernate.Version                    : HHH000412: Hibernate ORM core version 6.6.33.Final
2025-11-09T12:50:01.471-08:00  INFO 17965 --- [JobsyApplication] [           main] o.h.c.internal.RegionFactoryInitiator    : HHH000026: Second-level cache disabled
2025-11-09T12:50:01.783-08:00  INFO 17965 --- [JobsyApplication] [           main] o.s.o.j.p.SpringPersistenceUnitInfo      : No LoadTimeWeaver setup: ignoring JPA class transformer
2025-11-09T12:50:01.820-08:00  INFO 17965 --- [JobsyApplication] [           main] com.zaxxer.hikari.HikariDataSource       : HikariPool-1 - Starting...
2025-11-09T12:50:03.188-08:00  INFO 17965 --- [JobsyApplication] [           main] com.zaxxer.hikari.pool.HikariPool        : HikariPool-1 - Added connection org.postgresql.jdbc.PgConnection@5bb39285
2025-11-09T12:50:03.189-08:00  INFO 17965 --- [JobsyApplication] [           main] com.zaxxer.hikari.HikariDataSource       : HikariPool-1 - Start completed.
2025-11-09T12:50:03.698-08:00  INFO 17965 --- [JobsyApplication] [           main] org.hibernate.orm.connections.pooling    : HHH10001005: Database info:
	Database JDBC URL [Connecting through datasource 'HikariDataSource (HikariPool-1)']
	Database driver: undefined/unknown
	Database version: 17.5
	Autocommit mode: undefined/unknown
	Isolation level: undefined/unknown
	Minimum pool size: undefined/unknown
	Maximum pool size: undefined/unknown
2025-11-09T12:50:05.189-08:00  INFO 17965 --- [JobsyApplication] [           main] o.h.e.t.j.p.i.JtaPlatformInitiator       : HHH000489: No JTA platform available (set 'hibernate.transaction.jta.platform' to enable JTA platform integration)
2025-11-09T12:50:05.762-08:00  INFO 17965 --- [JobsyApplication] [           main] j.LocalContainerEntityManagerFactoryBean : Initialized JPA EntityManagerFactory for persistence unit 'default'
2025-11-09T12:50:06.167-08:00  INFO 17965 --- [JobsyApplication] [           main] o.s.d.j.r.query.QueryEnhancerFactory     : Hibernate is in classpath; If applicable, HQL parser will be used.
2025-11-09T12:50:06.918-08:00 DEBUG 17965 --- [JobsyApplication] [           main] c.f.j.a.c.s.jwt.JwtAuthenticationFilter  : Filter 'jwtAuthenticationFilter' configured for use
2025-11-09T12:50:07.016-08:00  INFO 17965 --- [JobsyApplication] [           main] eAuthenticationProviderManagerConfigurer : Global AuthenticationManager configured with AuthenticationProvider bean with name authenticationProvider
2025-11-09T12:50:09.804-08:00  INFO 17965 --- [JobsyApplication] [           main] o.s.m.s.b.SimpleBrokerMessageHandler     : Starting...
2025-11-09T12:50:09.805-08:00  INFO 17965 --- [JobsyApplication] [           main] o.s.m.s.b.SimpleBrokerMessageHandler     : BrokerAvailabilityEvent[available=true, SimpleBrokerMessageHandler [org.springframework.messaging.simp.broker.DefaultSubscriptionRegistry@4c9d87ff]]
2025-11-09T12:50:09.806-08:00  INFO 17965 --- [JobsyApplication] [           main] o.s.m.s.b.SimpleBrokerMessageHandler     : Started.
2025-11-09T12:50:09.835-08:00  INFO 17965 --- [JobsyApplication] [           main] o.s.b.w.embedded.tomcat.TomcatWebServer  : Tomcat started on port 8080 (http) with context path '/'
2025-11-09T12:50:09.846-08:00  INFO 17965 --- [JobsyApplication] [           main] com.fran.jobsy.JobsyApplication          : Started JobsyApplication in 12.356 seconds (process running for 12.968)
2025-11-09T12:50:26.219-08:00  INFO 17965 --- [JobsyApplication] [nio-8080-exec-1] o.a.c.c.C.[Tomcat].[localhost].[/]       : Initializing Spring DispatcherServlet 'dispatcherServlet'
2025-11-09T12:50:26.219-08:00  INFO 17965 --- [JobsyApplication] [nio-8080-exec-1] o.s.web.servlet.DispatcherServlet        : Initializing Servlet 'dispatcherServlet'
2025-11-09T12:50:26.221-08:00  INFO 17965 --- [JobsyApplication] [nio-8080-exec-1] o.s.web.servlet.DispatcherServlet        : Completed initialization in 2 ms
2025-11-09T12:51:09.800-08:00  INFO 17965 --- [JobsyApplication] [MessageBroker-1] o.s.w.s.c.WebSocketMessageBrokerStats    : WebSocketSession[0 current WS(0)-HttpStream(0)-HttpPoll(0), 0 total, 0 closed abnormally (0 connect failure, 0 send limit, 0 transport error)], stompSubProtocol[processed CONNECT(0)-CONNECTED(0)-DISCONNECT(0)], stompBrokerRelay[null], inboundChannel[pool size = 0, active threads = 0, queued tasks = 0, completed tasks = 0], outboundChannel[pool size = 0, active threads = 0, queued tasks = 0, completed tasks = 0], sockJsScheduler[pool size = 1, active threads = 1, queued tasks = 0, completed tasks = 0]
2025-11-09T12:54:03.002-08:00 DEBUG 17965 --- [JobsyApplication] [nio-8080-exec-2] org.hibernate.SQL                        : 
    /* <criteria> */ select
        u1_0.id,
        u1_0.address_text,
        u1_0.avg_rating_cache,
        u1_0.bio,
        u1_0.country,
        u1_0.created_at,
        u1_0.curp,
        u1_0.firstname,
        u1_0.lastname,
        u1_0.lat,
        u1_0.lng,
        u1_0.password,
        u1_0.phone,
        u1_0.rfc_homoclave,
        u1_0.role,
        u1_0.service_radius_km,
        u1_0.username 
    from
        users u1_0 
    where
        u1_0.username=?
Hibernate: 
    /* <criteria> */ select
        u1_0.id,
        u1_0.address_text,
        u1_0.avg_rating_cache,
        u1_0.bio,
        u1_0.country,
        u1_0.created_at,
        u1_0.curp,
        u1_0.firstname,
        u1_0.lastname,
        u1_0.lat,
        u1_0.lng,
        u1_0.password,
        u1_0.phone,
        u1_0.rfc_homoclave,
        u1_0.role,
        u1_0.service_radius_km,
        u1_0.username 
    from
        users u1_0 
    where
        u1_0.username=?
2025-11-09T12:54:03.220-08:00 DEBUG 17965 --- [JobsyApplication] [nio-8080-exec-2] org.hibernate.SQL                        : 
    select
        up1_0.id,
        up1_0.image_id,
        up1_0.url,
        up1_0.user_id,
        u1_0.id,
        u1_0.address_text,
        u1_0.avg_rating_cache,
        u1_0.bio,
        u1_0.country,
        u1_0.created_at,
        u1_0.curp,
        u1_0.firstname,
        u1_0.lastname,
        u1_0.lat,
        u1_0.lng,
        u1_0.password,
        u1_0.phone,
        u1_0.rfc_homoclave,
        u1_0.role,
        u1_0.service_radius_km,
        u1_0.username 
    from
        user_photos up1_0 
    join
        users u1_0 
            on u1_0.id=up1_0.user_id 
    where
        up1_0.user_id=?
Hibernate: 
    select
        up1_0.id,
        up1_0.image_id,
        up1_0.url,
        up1_0.user_id,
        u1_0.id,
        u1_0.address_text,
        u1_0.avg_rating_cache,
        u1_0.bio,
        u1_0.country,
        u1_0.created_at,
        u1_0.curp,
        u1_0.firstname,
        u1_0.lastname,
        u1_0.lat,
        u1_0.lng,
        u1_0.password,
        u1_0.phone,
        u1_0.rfc_homoclave,
        u1_0.role,
        u1_0.service_radius_km,
        u1_0.username 
    from
        user_photos up1_0 
    join
        users u1_0 
            on u1_0.id=up1_0.user_id 
    where
        up1_0.user_id=?
2025-11-09T12:54:03.403-08:00 DEBUG 17965 --- [JobsyApplication] [nio-8080-exec-2] org.hibernate.SQL                        : 
    /* <criteria> */ select
        u1_0.id,
        u1_0.address_text,
        u1_0.avg_rating_cache,
        u1_0.bio,
        u1_0.country,
        u1_0.created_at,
        u1_0.curp,
        u1_0.firstname,
        u1_0.lastname,
        u1_0.lat,
        u1_0.lng,
        u1_0.password,
        u1_0.phone,
        u1_0.rfc_homoclave,
        u1_0.role,
        u1_0.service_radius_km,
        u1_0.username 
    from
        users u1_0 
    where
        u1_0.username=?
Hibernate: 
    /* <criteria> */ select
        u1_0.id,
        u1_0.address_text,
        u1_0.avg_rating_cache,
        u1_0.bio,
        u1_0.country,
        u1_0.created_at,
        u1_0.curp,
        u1_0.firstname,
        u1_0.lastname,
        u1_0.lat,
        u1_0.lng,
        u1_0.password,
        u1_0.phone,
        u1_0.rfc_homoclave,
        u1_0.role,
        u1_0.service_radius_km,
        u1_0.username 
    from
        users u1_0 
    where
        u1_0.username=?
2025-11-09T12:54:03.492-08:00 DEBUG 17965 --- [JobsyApplication] [nio-8080-exec-2] org.hibernate.SQL                        : 
    select
        up1_0.id,
        up1_0.image_id,
        up1_0.url,
        up1_0.user_id,
        u1_0.id,
        u1_0.address_text,
        u1_0.avg_rating_cache,
        u1_0.bio,
        u1_0.country,
        u1_0.created_at,
        u1_0.curp,
        u1_0.firstname,
        u1_0.lastname,
        u1_0.lat,
        u1_0.lng,
        u1_0.password,
        u1_0.phone,
        u1_0.rfc_homoclave,
        u1_0.role,
        u1_0.service_radius_km,
        u1_0.username 
    from
        user_photos up1_0 
    join
        users u1_0 
            on u1_0.id=up1_0.user_id 
    where
        up1_0.user_id=?
Hibernate: 
    select
        up1_0.id,
        up1_0.image_id,
        up1_0.url,
        up1_0.user_id,
        u1_0.id,
        u1_0.address_text,
        u1_0.avg_rating_cache,
        u1_0.bio,
        u1_0.country,
        u1_0.created_at,
        u1_0.curp,
        u1_0.firstname,
        u1_0.lastname,
        u1_0.lat,
        u1_0.lng,
        u1_0.password,
        u1_0.phone,
        u1_0.rfc_homoclave,
        u1_0.role,
        u1_0.service_radius_km,
        u1_0.username 
    from
        user_photos up1_0 
    join
        users u1_0 
            on u1_0.id=up1_0.user_id 
    where
        up1_0.user_id=?
2025-11-09T12:54:04.030-08:00 DEBUG 17965 --- [JobsyApplication] [nio-8080-exec-4] org.hibernate.SQL                        : 
    /* <criteria> */ select
        u1_0.id,
        u1_0.address_text,
        u1_0.avg_rating_cache,
        u1_0.bio,
        u1_0.country,
        u1_0.created_at,
        u1_0.curp,
        u1_0.firstname,
        u1_0.lastname,
        u1_0.lat,
        u1_0.lng,
        u1_0.password,
        u1_0.phone,
        u1_0.rfc_homoclave,
        u1_0.role,
        u1_0.service_radius_km,
        u1_0.username 
    from
        users u1_0 
    where
        u1_0.username=?
Hibernate: 
    /* <criteria> */ select
        u1_0.id,
        u1_0.address_text,
        u1_0.avg_rating_cache,
        u1_0.bio,
        u1_0.country,
        u1_0.created_at,
        u1_0.curp,
        u1_0.firstname,
        u1_0.lastname,
        u1_0.lat,
        u1_0.lng,
        u1_0.password,
        u1_0.phone,
        u1_0.rfc_homoclave,
        u1_0.role,
        u1_0.service_radius_km,
        u1_0.username 
    from
        users u1_0 
    where
        u1_0.username=?
2025-11-09T12:54:04.121-08:00 DEBUG 17965 --- [JobsyApplication] [nio-8080-exec-4] org.hibernate.SQL                        : 
    select
        up1_0.id,
        up1_0.image_id,
        up1_0.url,
        up1_0.user_id,
        u1_0.id,
        u1_0.address_text,
        u1_0.avg_rating_cache,
        u1_0.bio,
        u1_0.country,
        u1_0.created_at,
        u1_0.curp,
        u1_0.firstname,
        u1_0.lastname,
        u1_0.lat,
        u1_0.lng,
        u1_0.password,
        u1_0.phone,
        u1_0.rfc_homoclave,
        u1_0.role,
        u1_0.service_radius_km,
        u1_0.username 
    from
        user_photos up1_0 
    join
        users u1_0 
            on u1_0.id=up1_0.user_id 
    where
        up1_0.user_id=?
Hibernate: 
    select
        up1_0.id,
        up1_0.image_id,
        up1_0.url,
        up1_0.user_id,
        u1_0.id,
        u1_0.address_text,
        u1_0.avg_rating_cache,
        u1_0.bio,
        u1_0.country,
        u1_0.created_at,
        u1_0.curp,
        u1_0.firstname,
        u1_0.lastname,
        u1_0.lat,
        u1_0.lng,
        u1_0.password,
        u1_0.phone,
        u1_0.rfc_homoclave,
        u1_0.role,
        u1_0.service_radius_km,
        u1_0.username 
    from
        user_photos up1_0 
    join
        users u1_0 
            on u1_0.id=up1_0.user_id 
    where
        up1_0.user_id=?
2025-11-09T12:54:04.285-08:00 DEBUG 17965 --- [JobsyApplication] [nio-8080-exec-4] org.hibernate.SQL                        : 
    select
        u1_0.id,
        u1_0.address_text,
        u1_0.avg_rating_cache,
        u1_0.bio,
        u1_0.country,
        u1_0.created_at,
        u1_0.curp,
        u1_0.firstname,
        u1_0.lastname,
        u1_0.lat,
        u1_0.lng,
        u1_0.password,
        u1_0.phone,
        u1_0.rfc_homoclave,
        u1_0.role,
        u1_0.service_radius_km,
        u1_0.username,
        wp1_0.user_id,
        wp1_0.id,
        wp1_0.image_id,
        wp1_0.uploaded_at,
        wp1_0.url 
    from
        users u1_0 
    left join
        user_work_photos wp1_0 
            on u1_0.id=wp1_0.user_id 
    where
        u1_0.id=?
Hibernate: 
    select
        u1_0.id,
        u1_0.address_text,
        u1_0.avg_rating_cache,
        u1_0.bio,
        u1_0.country,
        u1_0.created_at,
        u1_0.curp,
        u1_0.firstname,
        u1_0.lastname,
        u1_0.lat,
        u1_0.lng,
        u1_0.password,
        u1_0.phone,
        u1_0.rfc_homoclave,
        u1_0.role,
        u1_0.service_radius_km,
        u1_0.username,
        wp1_0.user_id,
        wp1_0.id,
        wp1_0.image_id,
        wp1_0.uploaded_at,
        wp1_0.url 
    from
        users u1_0 
    left join
        user_work_photos wp1_0 
            on u1_0.id=wp1_0.user_id 
    where
        u1_0.id=?
2025-11-09T12:54:04.377-08:00 DEBUG 17965 --- [JobsyApplication] [nio-8080-exec-4] org.hibernate.SQL                        : 
    select
        up1_0.id,
        up1_0.image_id,
        up1_0.url,
        up1_0.user_id,
        u1_0.id,
        u1_0.address_text,
        u1_0.avg_rating_cache,
        u1_0.bio,
        u1_0.country,
        u1_0.created_at,
        u1_0.curp,
        u1_0.firstname,
        u1_0.lastname,
        u1_0.lat,
        u1_0.lng,
        u1_0.password,
        u1_0.phone,
        u1_0.rfc_homoclave,
        u1_0.role,
        u1_0.service_radius_km,
        u1_0.username 
    from
        user_photos up1_0 
    join
        users u1_0 
            on u1_0.id=up1_0.user_id 
    where
        up1_0.user_id=?
Hibernate: 
    select
        up1_0.id,
        up1_0.image_id,
        up1_0.url,
        up1_0.user_id,
        u1_0.id,
        u1_0.address_text,
        u1_0.avg_rating_cache,
        u1_0.bio,
        u1_0.country,
        u1_0.created_at,
        u1_0.curp,
        u1_0.firstname,
        u1_0.lastname,
        u1_0.lat,
        u1_0.lng,
        u1_0.password,
        u1_0.phone,
        u1_0.rfc_homoclave,
        u1_0.role,
        u1_0.service_radius_km,
        u1_0.username 
    from
        user_photos up1_0 
    join
        users u1_0 
            on u1_0.id=up1_0.user_id 
    where
        up1_0.user_id=?
2025-11-09T12:54:04.898-08:00 DEBUG 17965 --- [JobsyApplication] [nio-8080-exec-1] org.hibernate.SQL                        : 
    /* <criteria> */ select
        u1_0.id,
        u1_0.address_text,
        u1_0.avg_rating_cache,
        u1_0.bio,
        u1_0.country,
        u1_0.created_at,
        u1_0.curp,
        u1_0.firstname,
        u1_0.lastname,
        u1_0.lat,
        u1_0.lng,
        u1_0.password,
        u1_0.phone,
        u1_0.rfc_homoclave,
        u1_0.role,
        u1_0.service_radius_km,
        u1_0.username 
    from
        users u1_0 
    where
        u1_0.username=?
Hibernate: 
    /* <criteria> */ select
        u1_0.id,
        u1_0.address_text,
        u1_0.avg_rating_cache,
        u1_0.bio,
        u1_0.country,
        u1_0.created_at,
        u1_0.curp,
        u1_0.firstname,
        u1_0.lastname,
        u1_0.lat,
        u1_0.lng,
        u1_0.password,
        u1_0.phone,
        u1_0.rfc_homoclave,
        u1_0.role,
        u1_0.service_radius_km,
        u1_0.username 
    from
        users u1_0 
    where
        u1_0.username=?
2025-11-09T12:54:04.907-08:00 DEBUG 17965 --- [JobsyApplication] [nio-8080-exec-2] org.hibernate.SQL                        : 
    /* <criteria> */ select
        u1_0.id,
        u1_0.address_text,
        u1_0.avg_rating_cache,
        u1_0.bio,
        u1_0.country,
        u1_0.created_at,
        u1_0.curp,
        u1_0.firstname,
        u1_0.lastname,
        u1_0.lat,
        u1_0.lng,
        u1_0.password,
        u1_0.phone,
        u1_0.rfc_homoclave,
        u1_0.role,
        u1_0.service_radius_km,
        u1_0.username 
    from
        users u1_0 
    where
        u1_0.username=?
Hibernate: 
    /* <criteria> */ select
        u1_0.id,
        u1_0.address_text,
        u1_0.avg_rating_cache,
        u1_0.bio,
        u1_0.country,
        u1_0.created_at,
        u1_0.curp,
        u1_0.firstname,
        u1_0.lastname,
        u1_0.lat,
        u1_0.lng,
        u1_0.password,
        u1_0.phone,
        u1_0.rfc_homoclave,
        u1_0.role,
        u1_0.service_radius_km,
        u1_0.username 
    from
        users u1_0 
    where
        u1_0.username=?
2025-11-09T12:54:04.908-08:00 DEBUG 17965 --- [JobsyApplication] [nio-8080-exec-3] org.hibernate.SQL                        : 
    /* <criteria> */ select
        u1_0.id,
        u1_0.address_text,
        u1_0.avg_rating_cache,
        u1_0.bio,
        u1_0.country,
        u1_0.created_at,
        u1_0.curp,
        u1_0.firstname,
        u1_0.lastname,
        u1_0.lat,
        u1_0.lng,
        u1_0.password,
        u1_0.phone,
        u1_0.rfc_homoclave,
        u1_0.role,
        u1_0.service_radius_km,
        u1_0.username 
    from
        users u1_0 
    where
        u1_0.username=?
Hibernate: 
    /* <criteria> */ select
        u1_0.id,
        u1_0.address_text,
        u1_0.avg_rating_cache,
        u1_0.bio,
        u1_0.country,
        u1_0.created_at,
        u1_0.curp,
        u1_0.firstname,
        u1_0.lastname,
        u1_0.lat,
        u1_0.lng,
        u1_0.password,
        u1_0.phone,
        u1_0.rfc_homoclave,
        u1_0.role,
        u1_0.service_radius_km,
        u1_0.username 
    from
        users u1_0 
    where
        u1_0.username=?
2025-11-09T12:54:04.917-08:00 DEBUG 17965 --- [JobsyApplication] [nio-8080-exec-4] org.hibernate.SQL                        : 
    /* <criteria> */ select
        u1_0.id,
        u1_0.address_text,
        u1_0.avg_rating_cache,
        u1_0.bio,
        u1_0.country,
        u1_0.created_at,
        u1_0.curp,
        u1_0.firstname,
        u1_0.lastname,
        u1_0.lat,
        u1_0.lng,
        u1_0.password,
        u1_0.phone,
        u1_0.rfc_homoclave,
        u1_0.role,
        u1_0.service_radius_km,
        u1_0.username 
    from
        users u1_0 
    where
        u1_0.username=?
Hibernate: 
    /* <criteria> */ select
        u1_0.id,
        u1_0.address_text,
        u1_0.avg_rating_cache,
        u1_0.bio,
        u1_0.country,
        u1_0.created_at,
        u1_0.curp,
        u1_0.firstname,
        u1_0.lastname,
        u1_0.lat,
        u1_0.lng,
        u1_0.password,
        u1_0.phone,
        u1_0.rfc_homoclave,
        u1_0.role,
        u1_0.service_radius_km,
        u1_0.username 
    from
        users u1_0 
    where
        u1_0.username=?
2025-11-09T12:54:04.987-08:00 DEBUG 17965 --- [JobsyApplication] [nio-8080-exec-1] org.hibernate.SQL                        : 
    select
        up1_0.id,
        up1_0.image_id,
        up1_0.url,
        up1_0.user_id,
        u1_0.id,
        u1_0.address_text,
        u1_0.avg_rating_cache,
        u1_0.bio,
        u1_0.country,
        u1_0.created_at,
        u1_0.curp,
        u1_0.firstname,
        u1_0.lastname,
        u1_0.lat,
        u1_0.lng,
        u1_0.password,
        u1_0.phone,
        u1_0.rfc_homoclave,
        u1_0.role,
        u1_0.service_radius_km,
        u1_0.username 
    from
        user_photos up1_0 
    join
        users u1_0 
            on u1_0.id=up1_0.user_id 
    where
        up1_0.user_id=?
Hibernate: 
    select
        up1_0.id,
        up1_0.image_id,
        up1_0.url,
        up1_0.user_id,
        u1_0.id,
        u1_0.address_text,
        u1_0.avg_rating_cache,
        u1_0.bio,
        u1_0.country,
        u1_0.created_at,
        u1_0.curp,
        u1_0.firstname,
        u1_0.lastname,
        u1_0.lat,
        u1_0.lng,
        u1_0.password,
        u1_0.phone,
        u1_0.rfc_homoclave,
        u1_0.role,
        u1_0.service_radius_km,
        u1_0.username 
    from
        user_photos up1_0 
    join
        users u1_0 
            on u1_0.id=up1_0.user_id 
    where
        up1_0.user_id=?
2025-11-09T12:54:05.077-08:00 DEBUG 17965 --- [JobsyApplication] [nio-8080-exec-2] org.hibernate.SQL                        : 
    select
        up1_0.id,
        up1_0.image_id,
        up1_0.url,
        up1_0.user_id,
        u1_0.id,
        u1_0.address_text,
        u1_0.avg_rating_cache,
        u1_0.bio,
        u1_0.country,
        u1_0.created_at,
        u1_0.curp,
        u1_0.firstname,
        u1_0.lastname,
        u1_0.lat,
        u1_0.lng,
        u1_0.password,
        u1_0.phone,
        u1_0.rfc_homoclave,
        u1_0.role,
        u1_0.service_radius_km,
        u1_0.username 
    from
        user_photos up1_0 
    join
        users u1_0 
            on u1_0.id=up1_0.user_id 
    where
        up1_0.user_id=?
Hibernate: 
    select
        up1_0.id,
        up1_0.image_id,
        up1_0.url,
        up1_0.user_id,
        u1_0.id,
        u1_0.address_text,
        u1_0.avg_rating_cache,
        u1_0.bio,
        u1_0.country,
        u1_0.created_at,
        u1_0.curp,
        u1_0.firstname,
        u1_0.lastname,
        u1_0.lat,
        u1_0.lng,
        u1_0.password,
        u1_0.phone,
        u1_0.rfc_homoclave,
        u1_0.role,
        u1_0.service_radius_km,
        u1_0.username 
    from
        user_photos up1_0 
    join
        users u1_0 
            on u1_0.id=up1_0.user_id 
    where
        up1_0.user_id=?
2025-11-09T12:54:05.077-08:00 DEBUG 17965 --- [JobsyApplication] [nio-8080-exec-3] org.hibernate.SQL                        : 
    select
        up1_0.id,
        up1_0.image_id,
        up1_0.url,
        up1_0.user_id,
        u1_0.id,
        u1_0.address_text,
        u1_0.avg_rating_cache,
        u1_0.bio,
        u1_0.country,
        u1_0.created_at,
        u1_0.curp,
        u1_0.firstname,
        u1_0.lastname,
        u1_0.lat,
        u1_0.lng,
        u1_0.password,
        u1_0.phone,
        u1_0.rfc_homoclave,
        u1_0.role,
        u1_0.service_radius_km,
        u1_0.username 
    from
        user_photos up1_0 
    join
        users u1_0 
            on u1_0.id=up1_0.user_id 
    where
        up1_0.user_id=?
Hibernate: 
    select
        up1_0.id,
        up1_0.image_id,
        up1_0.url,
        up1_0.user_id,
        u1_0.id,
        u1_0.address_text,
        u1_0.avg_rating_cache,
        u1_0.bio,
        u1_0.country,
        u1_0.created_at,
        u1_0.curp,
        u1_0.firstname,
        u1_0.lastname,
        u1_0.lat,
        u1_0.lng,
        u1_0.password,
        u1_0.phone,
        u1_0.rfc_homoclave,
        u1_0.role,
        u1_0.service_radius_km,
        u1_0.username 
    from
        user_photos up1_0 
    join
        users u1_0 
            on u1_0.id=up1_0.user_id 
    where
        up1_0.user_id=?
2025-11-09T12:54:05.091-08:00 DEBUG 17965 --- [JobsyApplication] [nio-8080-exec-1] org.hibernate.SQL                        : 
    /* <criteria> */ select
        n1_0.id,
        n1_0.created_at,
        n1_0.message,
        n1_0.read,
        n1_0.recipient_id,
        n1_0.title,
        n1_0.type 
    from
        notifications n1_0 
    left join
        users r1_0 
            on r1_0.id=n1_0.recipient_id 
    where
        r1_0.id=? 
    order by
        n1_0.created_at desc,
        n1_0.created_at desc 
    fetch
        first ? rows only
Hibernate: 
    /* <criteria> */ select
        n1_0.id,
        n1_0.created_at,
        n1_0.message,
        n1_0.read,
        n1_0.recipient_id,
        n1_0.title,
        n1_0.type 
    from
        notifications n1_0 
    left join
        users r1_0 
            on r1_0.id=n1_0.recipient_id 
    where
        r1_0.id=? 
    order by
        n1_0.created_at desc,
        n1_0.created_at desc 
    fetch
        first ? rows only
2025-11-09T12:54:05.094-08:00 DEBUG 17965 --- [JobsyApplication] [nio-8080-exec-4] org.hibernate.SQL                        : 
    select
        up1_0.id,
        up1_0.image_id,
        up1_0.url,
        up1_0.user_id,
        u1_0.id,
        u1_0.address_text,
        u1_0.avg_rating_cache,
        u1_0.bio,
        u1_0.country,
        u1_0.created_at,
        u1_0.curp,
        u1_0.firstname,
        u1_0.lastname,
        u1_0.lat,
        u1_0.lng,
        u1_0.password,
        u1_0.phone,
        u1_0.rfc_homoclave,
        u1_0.role,
        u1_0.service_radius_km,
        u1_0.username 
    from
        user_photos up1_0 
    join
        users u1_0 
            on u1_0.id=up1_0.user_id 
    where
        up1_0.user_id=?
Hibernate: 
    select
        up1_0.id,
        up1_0.image_id,
        up1_0.url,
        up1_0.user_id,
        u1_0.id,
        u1_0.address_text,
        u1_0.avg_rating_cache,
        u1_0.bio,
        u1_0.country,
        u1_0.created_at,
        u1_0.curp,
        u1_0.firstname,
        u1_0.lastname,
        u1_0.lat,
        u1_0.lng,
        u1_0.password,
        u1_0.phone,
        u1_0.rfc_homoclave,
        u1_0.role,
        u1_0.service_radius_km,
        u1_0.username 
    from
        user_photos up1_0 
    join
        users u1_0 
            on u1_0.id=up1_0.user_id 
    where
        up1_0.user_id=?
2025-11-09T12:54:05.178-08:00 DEBUG 17965 --- [JobsyApplication] [nio-8080-exec-3] org.hibernate.SQL                        : 
    /* <criteria> */ select
        pr1_0.id,
        pr1_0.address_text,
        pr1_0.bio,
        pr1_0.created_at,
        pr1_0.curp,
        pr1_0.rejection_reason,
        pr1_0.reviewed_at,
        pr1_0.reviewed_by,
        pr1_0.rfc_homoclave,
        pr1_0.status,
        pr1_0.updated_at,
        pr1_0.user_id 
    from
        provider_applies pr1_0 
    offset
        ? rows 
    fetch
        first ? rows only
Hibernate: 
    /* <criteria> */ select
        pr1_0.id,
        pr1_0.address_text,
        pr1_0.bio,
        pr1_0.created_at,
        pr1_0.curp,
        pr1_0.rejection_reason,
        pr1_0.reviewed_at,
        pr1_0.reviewed_by,
        pr1_0.rfc_homoclave,
        pr1_0.status,
        pr1_0.updated_at,
        pr1_0.user_id 
    from
        provider_applies pr1_0 
    offset
        ? rows 
    fetch
        first ? rows only
2025-11-09T12:54:05.187-08:00  WARN 17965 --- [JobsyApplication] [nio-8080-exec-1] ration$PageModule$WarningLoggingModifier : Serializing PageImpl instances as-is is not supported, meaning that there is no guarantee about the stability of the resulting JSON structure!
	For a stable JSON structure, please use Spring Data's PagedModel (globally via @EnableSpringDataWebSupport(pageSerializationMode = VIA_DTO))
	or Spring HATEOAS and Spring Data's PagedResourcesAssembler as documented in https://docs.spring.io/spring-data/commons/reference/repositories/core-extensions.html#core.web.pageables.

2025-11-09T12:54:05.192-08:00 DEBUG 17965 --- [JobsyApplication] [nio-8080-exec-4] org.hibernate.SQL                        : 
    /* <criteria> */ select
        up1_0.id,
        up1_0.image_id,
        up1_0.url,
        up1_0.user_id 
    from
        user_photos up1_0 
    left join
        users u1_0 
            on u1_0.id=up1_0.user_id 
    where
        u1_0.id=?
Hibernate: 
    /* <criteria> */ select
        up1_0.id,
        up1_0.image_id,
        up1_0.url,
        up1_0.user_id 
    from
        user_photos up1_0 
    left join
        users u1_0 
            on u1_0.id=up1_0.user_id 
    where
        u1_0.id=?
2025-11-09T12:54:05.266-08:00 DEBUG 17965 --- [JobsyApplication] [nio-8080-exec-3] org.hibernate.SQL                        : 
    select
        u1_0.id,
        u1_0.address_text,
        u1_0.avg_rating_cache,
        u1_0.bio,
        u1_0.country,
        u1_0.created_at,
        u1_0.curp,
        u1_0.firstname,
        u1_0.lastname,
        u1_0.lat,
        u1_0.lng,
        u1_0.password,
        u1_0.phone,
        p1_0.id,
        p1_0.image_id,
        p1_0.url,
        p1_0.user_id,
        u1_0.rfc_homoclave,
        u1_0.role,
        u1_0.service_radius_km,
        u1_0.username 
    from
        users u1_0 
    left join
        user_photos p1_0 
            on u1_0.id=p1_0.user_id 
    where
        u1_0.id=?
Hibernate: 
    select
        u1_0.id,
        u1_0.address_text,
        u1_0.avg_rating_cache,
        u1_0.bio,
        u1_0.country,
        u1_0.created_at,
        u1_0.curp,
        u1_0.firstname,
        u1_0.lastname,
        u1_0.lat,
        u1_0.lng,
        u1_0.password,
        u1_0.phone,
        p1_0.id,
        p1_0.image_id,
        p1_0.url,
        p1_0.user_id,
        u1_0.rfc_homoclave,
        u1_0.role,
        u1_0.service_radius_km,
        u1_0.username 
    from
        users u1_0 
    left join
        user_photos p1_0 
            on u1_0.id=p1_0.user_id 
    where
        u1_0.id=?
2025-11-09T12:54:05.282-08:00 DEBUG 17965 --- [JobsyApplication] [nio-8080-exec-4] org.hibernate.SQL                        : 
    select
        u1_0.id,
        u1_0.address_text,
        u1_0.avg_rating_cache,
        u1_0.bio,
        u1_0.country,
        u1_0.created_at,
        u1_0.curp,
        u1_0.firstname,
        u1_0.lastname,
        u1_0.lat,
        u1_0.lng,
        u1_0.password,
        u1_0.phone,
        p1_0.id,
        p1_0.image_id,
        p1_0.url,
        p1_0.user_id,
        u1_0.rfc_homoclave,
        u1_0.role,
        u1_0.service_radius_km,
        u1_0.username 
    from
        users u1_0 
    left join
        user_photos p1_0 
            on u1_0.id=p1_0.user_id 
    where
        u1_0.id=?
Hibernate: 
    select
        u1_0.id,
        u1_0.address_text,
        u1_0.avg_rating_cache,
        u1_0.bio,
        u1_0.country,
        u1_0.created_at,
        u1_0.curp,
        u1_0.firstname,
        u1_0.lastname,
        u1_0.lat,
        u1_0.lng,
        u1_0.password,
        u1_0.phone,
        p1_0.id,
        p1_0.image_id,
        p1_0.url,
        p1_0.user_id,
        u1_0.rfc_homoclave,
        u1_0.role,
        u1_0.service_radius_km,
        u1_0.username 
    from
        users u1_0 
    left join
        user_photos p1_0 
            on u1_0.id=p1_0.user_id 
    where
        u1_0.id=?
2025-11-09T12:54:05.353-08:00 DEBUG 17965 --- [JobsyApplication] [nio-8080-exec-3] org.hibernate.SQL                        : 
    select
        u1_0.id,
        u1_0.address_text,
        u1_0.avg_rating_cache,
        u1_0.bio,
        u1_0.country,
        u1_0.created_at,
        u1_0.curp,
        u1_0.firstname,
        u1_0.lastname,
        u1_0.lat,
        u1_0.lng,
        u1_0.password,
        u1_0.phone,
        p1_0.id,
        p1_0.image_id,
        p1_0.url,
        p1_0.user_id,
        u1_0.rfc_homoclave,
        u1_0.role,
        u1_0.service_radius_km,
        u1_0.username 
    from
        users u1_0 
    left join
        user_photos p1_0 
            on u1_0.id=p1_0.user_id 
    where
        u1_0.id=?
Hibernate: 
    select
        u1_0.id,
        u1_0.address_text,
        u1_0.avg_rating_cache,
        u1_0.bio,
        u1_0.country,
        u1_0.created_at,
        u1_0.curp,
        u1_0.firstname,
        u1_0.lastname,
        u1_0.lat,
        u1_0.lng,
        u1_0.password,
        u1_0.phone,
        p1_0.id,
        p1_0.image_id,
        p1_0.url,
        p1_0.user_id,
        u1_0.rfc_homoclave,
        u1_0.role,
        u1_0.service_radius_km,
        u1_0.username 
    from
        users u1_0 
    left join
        user_photos p1_0 
            on u1_0.id=p1_0.user_id 
    where
        u1_0.id=?
2025-11-09T12:54:05.444-08:00 DEBUG 17965 --- [JobsyApplication] [nio-8080-exec-3] org.hibernate.SQL                        : 
    select
        d1_0.provider_request_id,
        d1_0.id,
        d1_0.public_id,
        d1_0.url 
    from
        provider_documents d1_0 
    where
        d1_0.provider_request_id=?
Hibernate: 
    select
        d1_0.provider_request_id,
        d1_0.id,
        d1_0.public_id,
        d1_0.url 
    from
        provider_documents d1_0 
    where
        d1_0.provider_request_id=?
2025-11-09T12:54:05.490-08:00 DEBUG 17965 --- [JobsyApplication] [nio-8080-exec-5] org.hibernate.SQL                        : 
    /* <criteria> */ select
        u1_0.id,
        u1_0.address_text,
        u1_0.avg_rating_cache,
        u1_0.bio,
        u1_0.country,
        u1_0.created_at,
        u1_0.curp,
        u1_0.firstname,
        u1_0.lastname,
        u1_0.lat,
        u1_0.lng,
        u1_0.password,
        u1_0.phone,
        u1_0.rfc_homoclave,
        u1_0.role,
        u1_0.service_radius_km,
        u1_0.username 
    from
        users u1_0 
    where
        u1_0.username=?
Hibernate: 
    /* <criteria> */ select
        u1_0.id,
        u1_0.address_text,
        u1_0.avg_rating_cache,
        u1_0.bio,
        u1_0.country,
        u1_0.created_at,
        u1_0.curp,
        u1_0.firstname,
        u1_0.lastname,
        u1_0.lat,
        u1_0.lng,
        u1_0.password,
        u1_0.phone,
        u1_0.rfc_homoclave,
        u1_0.role,
        u1_0.service_radius_km,
        u1_0.username 
    from
        users u1_0 
    where
        u1_0.username=?
2025-11-09T12:54:05.530-08:00 DEBUG 17965 --- [JobsyApplication] [nio-8080-exec-3] org.hibernate.SQL                        : 
    select
        d1_0.provider_request_id,
        d1_0.id,
        d1_0.public_id,
        d1_0.url 
    from
        provider_documents d1_0 
    where
        d1_0.provider_request_id=?
Hibernate: 
    select
        d1_0.provider_request_id,
        d1_0.id,
        d1_0.public_id,
        d1_0.url 
    from
        provider_documents d1_0 
    where
        d1_0.provider_request_id=?
2025-11-09T12:54:05.581-08:00 DEBUG 17965 --- [JobsyApplication] [nio-8080-exec-5] org.hibernate.SQL                        : 
    select
        up1_0.id,
        up1_0.image_id,
        up1_0.url,
        up1_0.user_id,
        u1_0.id,
        u1_0.address_text,
        u1_0.avg_rating_cache,
        u1_0.bio,
        u1_0.country,
        u1_0.created_at,
        u1_0.curp,
        u1_0.firstname,
        u1_0.lastname,
        u1_0.lat,
        u1_0.lng,
        u1_0.password,
        u1_0.phone,
        u1_0.rfc_homoclave,
        u1_0.role,
        u1_0.service_radius_km,
        u1_0.username 
    from
        user_photos up1_0 
    join
        users u1_0 
            on u1_0.id=up1_0.user_id 
    where
        up1_0.user_id=?
Hibernate: 
    select
        up1_0.id,
        up1_0.image_id,
        up1_0.url,
        up1_0.user_id,
        u1_0.id,
        u1_0.address_text,
        u1_0.avg_rating_cache,
        u1_0.bio,
        u1_0.country,
        u1_0.created_at,
        u1_0.curp,
        u1_0.firstname,
        u1_0.lastname,
        u1_0.lat,
        u1_0.lng,
        u1_0.password,
        u1_0.phone,
        u1_0.rfc_homoclave,
        u1_0.role,
        u1_0.service_radius_km,
        u1_0.username 
    from
        user_photos up1_0 
    join
        users u1_0 
            on u1_0.id=up1_0.user_id 
    where
        up1_0.user_id=?
2025-11-09T12:54:05.615-08:00 DEBUG 17965 --- [JobsyApplication] [nio-8080-exec-3] org.hibernate.SQL                        : 
    select
        d1_0.provider_request_id,
        d1_0.id,
        d1_0.public_id,
        d1_0.url 
    from
        provider_documents d1_0 
    where
        d1_0.provider_request_id=?
Hibernate: 
    select
        d1_0.provider_request_id,
        d1_0.id,
        d1_0.public_id,
        d1_0.url 
    from
        provider_documents d1_0 
    where
        d1_0.provider_request_id=?
2025-11-09T12:54:05.702-08:00 DEBUG 17965 --- [JobsyApplication] [nio-8080-exec-3] org.hibernate.SQL                        : 
    select
        d1_0.provider_request_id,
        d1_0.id,
        d1_0.public_id,
        d1_0.url 
    from
        provider_documents d1_0 
    where
        d1_0.provider_request_id=?
Hibernate: 
    select
        d1_0.provider_request_id,
        d1_0.id,
        d1_0.public_id,
        d1_0.url 
    from
        provider_documents d1_0 
    where
        d1_0.provider_request_id=?
2025-11-09T12:54:05.789-08:00 DEBUG 17965 --- [JobsyApplication] [nio-8080-exec-3] org.hibernate.SQL                        : 
    select
        d1_0.provider_request_id,
        d1_0.id,
        d1_0.public_id,
        d1_0.url 
    from
        provider_documents d1_0 
    where
        d1_0.provider_request_id=?
Hibernate: 
    select
        d1_0.provider_request_id,
        d1_0.id,
        d1_0.public_id,
        d1_0.url 
    from
        provider_documents d1_0 
    where
        d1_0.provider_request_id=?
2025-11-09T12:54:05.875-08:00 DEBUG 17965 --- [JobsyApplication] [nio-8080-exec-3] org.hibernate.SQL                        : 
    select
        d1_0.provider_request_id,
        d1_0.id,
        d1_0.public_id,
        d1_0.url 
    from
        provider_documents d1_0 
    where
        d1_0.provider_request_id=?
Hibernate: 
    select
        d1_0.provider_request_id,
        d1_0.id,
        d1_0.public_id,
        d1_0.url 
    from
        provider_documents d1_0 
    where
        d1_0.provider_request_id=?
2025-11-09T12:54:05.960-08:00 DEBUG 17965 --- [JobsyApplication] [nio-8080-exec-3] org.hibernate.SQL                        : 
    select
        d1_0.provider_request_id,
        d1_0.id,
        d1_0.public_id,
        d1_0.url 
    from
        provider_documents d1_0 
    where
        d1_0.provider_request_id=?
Hibernate: 
    select
        d1_0.provider_request_id,
        d1_0.id,
        d1_0.public_id,
        d1_0.url 
    from
        provider_documents d1_0 
    where
        d1_0.provider_request_id=?
2025-11-09T12:54:06.045-08:00 DEBUG 17965 --- [JobsyApplication] [nio-8080-exec-3] org.hibernate.SQL                        : 
    select
        d1_0.provider_request_id,
        d1_0.id,
        d1_0.public_id,
        d1_0.url 
    from
        provider_documents d1_0 
    where
        d1_0.provider_request_id=?
Hibernate: 
    select
        d1_0.provider_request_id,
        d1_0.id,
        d1_0.public_id,
        d1_0.url 
    from
        provider_documents d1_0 
    where
        d1_0.provider_request_id=?
2025-11-09T12:54:09.778-08:00 DEBUG 17965 --- [JobsyApplication] [nio-8080-exec-7] org.hibernate.SQL                        : 
    /* <criteria> */ select
        u1_0.id,
        u1_0.address_text,
        u1_0.avg_rating_cache,
        u1_0.bio,
        u1_0.country,
        u1_0.created_at,
        u1_0.curp,
        u1_0.firstname,
        u1_0.lastname,
        u1_0.lat,
        u1_0.lng,
        u1_0.password,
        u1_0.phone,
        u1_0.rfc_homoclave,
        u1_0.role,
        u1_0.service_radius_km,
        u1_0.username 
    from
        users u1_0 
    where
        u1_0.username=?
Hibernate: 
    /* <criteria> */ select
        u1_0.id,
        u1_0.address_text,
        u1_0.avg_rating_cache,
        u1_0.bio,
        u1_0.country,
        u1_0.created_at,
        u1_0.curp,
        u1_0.firstname,
        u1_0.lastname,
        u1_0.lat,
        u1_0.lng,
        u1_0.password,
        u1_0.phone,
        u1_0.rfc_homoclave,
        u1_0.role,
        u1_0.service_radius_km,
        u1_0.username 
    from
        users u1_0 
    where
        u1_0.username=?
2025-11-09T12:54:09.956-08:00 DEBUG 17965 --- [JobsyApplication] [nio-8080-exec-7] org.hibernate.SQL                        : 
    select
        up1_0.id,
        up1_0.image_id,
        up1_0.url,
        up1_0.user_id,
        u1_0.id,
        u1_0.address_text,
        u1_0.avg_rating_cache,
        u1_0.bio,
        u1_0.country,
        u1_0.created_at,
        u1_0.curp,
        u1_0.firstname,
        u1_0.lastname,
        u1_0.lat,
        u1_0.lng,
        u1_0.password,
        u1_0.phone,
        u1_0.rfc_homoclave,
        u1_0.role,
        u1_0.service_radius_km,
        u1_0.username 
    from
        user_photos up1_0 
    join
        users u1_0 
            on u1_0.id=up1_0.user_id 
    where
        up1_0.user_id=?
Hibernate: 
    select
        up1_0.id,
        up1_0.image_id,
        up1_0.url,
        up1_0.user_id,
        u1_0.id,
        u1_0.address_text,
        u1_0.avg_rating_cache,
        u1_0.bio,
        u1_0.country,
        u1_0.created_at,
        u1_0.curp,
        u1_0.firstname,
        u1_0.lastname,
        u1_0.lat,
        u1_0.lng,
        u1_0.password,
        u1_0.phone,
        u1_0.rfc_homoclave,
        u1_0.role,
        u1_0.service_radius_km,
        u1_0.username 
    from
        user_photos up1_0 
    join
        users u1_0 
            on u1_0.id=up1_0.user_id 
    where
        up1_0.user_id=?
2025-11-09T12:54:10.053-08:00 DEBUG 17965 --- [JobsyApplication] [nio-8080-exec-7] org.hibernate.SQL                        : 
    /* <criteria> */ select
        pr1_0.id,
        pr1_0.address_text,
        pr1_0.bio,
        pr1_0.created_at,
        pr1_0.curp,
        pr1_0.rejection_reason,
        pr1_0.reviewed_at,
        pr1_0.reviewed_by,
        pr1_0.rfc_homoclave,
        pr1_0.status,
        pr1_0.updated_at,
        pr1_0.user_id 
    from
        provider_applies pr1_0 
    offset
        ? rows 
    fetch
        first ? rows only
Hibernate: 
    /* <criteria> */ select
        pr1_0.id,
        pr1_0.address_text,
        pr1_0.bio,
        pr1_0.created_at,
        pr1_0.curp,
        pr1_0.rejection_reason,
        pr1_0.reviewed_at,
        pr1_0.reviewed_by,
        pr1_0.rfc_homoclave,
        pr1_0.status,
        pr1_0.updated_at,
        pr1_0.user_id 
    from
        provider_applies pr1_0 
    offset
        ? rows 
    fetch
        first ? rows only
2025-11-09T12:54:10.144-08:00 DEBUG 17965 --- [JobsyApplication] [nio-8080-exec-7] org.hibernate.SQL                        : 
    select
        u1_0.id,
        u1_0.address_text,
        u1_0.avg_rating_cache,
        u1_0.bio,
        u1_0.country,
        u1_0.created_at,
        u1_0.curp,
        u1_0.firstname,
        u1_0.lastname,
        u1_0.lat,
        u1_0.lng,
        u1_0.password,
        u1_0.phone,
        p1_0.id,
        p1_0.image_id,
        p1_0.url,
        p1_0.user_id,
        u1_0.rfc_homoclave,
        u1_0.role,
        u1_0.service_radius_km,
        u1_0.username 
    from
        users u1_0 
    left join
        user_photos p1_0 
            on u1_0.id=p1_0.user_id 
    where
        u1_0.id=?
Hibernate: 
    select
        u1_0.id,
        u1_0.address_text,
        u1_0.avg_rating_cache,
        u1_0.bio,
        u1_0.country,
        u1_0.created_at,
        u1_0.curp,
        u1_0.firstname,
        u1_0.lastname,
        u1_0.lat,
        u1_0.lng,
        u1_0.password,
        u1_0.phone,
        p1_0.id,
        p1_0.image_id,
        p1_0.url,
        p1_0.user_id,
        u1_0.rfc_homoclave,
        u1_0.role,
        u1_0.service_radius_km,
        u1_0.username 
    from
        users u1_0 
    left join
        user_photos p1_0 
            on u1_0.id=p1_0.user_id 
    where
        u1_0.id=?
2025-11-09T12:54:10.235-08:00 DEBUG 17965 --- [JobsyApplication] [nio-8080-exec-7] org.hibernate.SQL                        : 
    select
        u1_0.id,
        u1_0.address_text,
        u1_0.avg_rating_cache,
        u1_0.bio,
        u1_0.country,
        u1_0.created_at,
        u1_0.curp,
        u1_0.firstname,
        u1_0.lastname,
        u1_0.lat,
        u1_0.lng,
        u1_0.password,
        u1_0.phone,
        p1_0.id,
        p1_0.image_id,
        p1_0.url,
        p1_0.user_id,
        u1_0.rfc_homoclave,
        u1_0.role,
        u1_0.service_radius_km,
        u1_0.username 
    from
        users u1_0 
    left join
        user_photos p1_0 
            on u1_0.id=p1_0.user_id 
    where
        u1_0.id=?
Hibernate: 
    select
        u1_0.id,
        u1_0.address_text,
        u1_0.avg_rating_cache,
        u1_0.bio,
        u1_0.country,
        u1_0.created_at,
        u1_0.curp,
        u1_0.firstname,
        u1_0.lastname,
        u1_0.lat,
        u1_0.lng,
        u1_0.password,
        u1_0.phone,
        p1_0.id,
        p1_0.image_id,
        p1_0.url,
        p1_0.user_id,
        u1_0.rfc_homoclave,
        u1_0.role,
        u1_0.service_radius_km,
        u1_0.username 
    from
        users u1_0 
    left join
        user_photos p1_0 
            on u1_0.id=p1_0.user_id 
    where
        u1_0.id=?
2025-11-09T12:54:10.327-08:00 DEBUG 17965 --- [JobsyApplication] [nio-8080-exec-7] org.hibernate.SQL                        : 
    select
        d1_0.provider_request_id,
        d1_0.id,
        d1_0.public_id,
        d1_0.url 
    from
        provider_documents d1_0 
    where
        d1_0.provider_request_id=?
Hibernate: 
    select
        d1_0.provider_request_id,
        d1_0.id,
        d1_0.public_id,
        d1_0.url 
    from
        provider_documents d1_0 
    where
        d1_0.provider_request_id=?
2025-11-09T12:54:10.416-08:00 DEBUG 17965 --- [JobsyApplication] [nio-8080-exec-7] org.hibernate.SQL                        : 
    select
        d1_0.provider_request_id,
        d1_0.id,
        d1_0.public_id,
        d1_0.url 
    from
        provider_documents d1_0 
    where
        d1_0.provider_request_id=?
Hibernate: 
    select
        d1_0.provider_request_id,
        d1_0.id,
        d1_0.public_id,
        d1_0.url 
    from
        provider_documents d1_0 
    where
        d1_0.provider_request_id=?
2025-11-09T12:54:10.506-08:00 DEBUG 17965 --- [JobsyApplication] [nio-8080-exec-7] org.hibernate.SQL                        : 
    select
        d1_0.provider_request_id,
        d1_0.id,
        d1_0.public_id,
        d1_0.url 
    from
        provider_documents d1_0 
    where
        d1_0.provider_request_id=?
Hibernate: 
    select
        d1_0.provider_request_id,
        d1_0.id,
        d1_0.public_id,
        d1_0.url 
    from
        provider_documents d1_0 
    where
        d1_0.provider_request_id=?
2025-11-09T12:54:10.597-08:00 DEBUG 17965 --- [JobsyApplication] [nio-8080-exec-7] org.hibernate.SQL                        : 
    select
        d1_0.provider_request_id,
        d1_0.id,
        d1_0.public_id,
        d1_0.url 
    from
        provider_documents d1_0 
    where
        d1_0.provider_request_id=?
Hibernate: 
    select
        d1_0.provider_request_id,
        d1_0.id,
        d1_0.public_id,
        d1_0.url 
    from
        provider_documents d1_0 
    where
        d1_0.provider_request_id=?
2025-11-09T12:54:10.686-08:00 DEBUG 17965 --- [JobsyApplication] [nio-8080-exec-7] org.hibernate.SQL                        : 
    select
        d1_0.provider_request_id,
        d1_0.id,
        d1_0.public_id,
        d1_0.url 
    from
        provider_documents d1_0 
    where
        d1_0.provider_request_id=?
Hibernate: 
    select
        d1_0.provider_request_id,
        d1_0.id,
        d1_0.public_id,
        d1_0.url 
    from
        provider_documents d1_0 
    where
        d1_0.provider_request_id=?
2025-11-09T12:54:10.776-08:00 DEBUG 17965 --- [JobsyApplication] [nio-8080-exec-7] org.hibernate.SQL                        : 
    select
        d1_0.provider_request_id,
        d1_0.id,
        d1_0.public_id,
        d1_0.url 
    from
        provider_documents d1_0 
    where
        d1_0.provider_request_id=?
Hibernate: 
    select
        d1_0.provider_request_id,
        d1_0.id,
        d1_0.public_id,
        d1_0.url 
    from
        provider_documents d1_0 
    where
        d1_0.provider_request_id=?
2025-11-09T12:54:10.867-08:00 DEBUG 17965 --- [JobsyApplication] [nio-8080-exec-7] org.hibernate.SQL                        : 
    select
        d1_0.provider_request_id,
        d1_0.id,
        d1_0.public_id,
        d1_0.url 
    from
        provider_documents d1_0 
    where
        d1_0.provider_request_id=?
Hibernate: 
    select
        d1_0.provider_request_id,
        d1_0.id,
        d1_0.public_id,
        d1_0.url 
    from
        provider_documents d1_0 
    where
        d1_0.provider_request_id=?
2025-11-09T12:54:10.957-08:00 DEBUG 17965 --- [JobsyApplication] [nio-8080-exec-7] org.hibernate.SQL                        : 
    select
        d1_0.provider_request_id,
        d1_0.id,
        d1_0.public_id,
        d1_0.url 
    from
        provider_documents d1_0 
    where
        d1_0.provider_request_id=?
Hibernate: 
    select
        d1_0.provider_request_id,
        d1_0.id,
        d1_0.public_id,
        d1_0.url 
    from
        provider_documents d1_0 
    where
        d1_0.provider_request_id=?
2025-11-09T12:54:25.499-08:00 DEBUG 17965 --- [JobsyApplication] [nio-8080-exec-5] org.hibernate.SQL                        : 
    /* <criteria> */ select
        u1_0.id,
        u1_0.address_text,
        u1_0.avg_rating_cache,
        u1_0.bio,
        u1_0.country,
        u1_0.created_at,
        u1_0.curp,
        u1_0.firstname,
        u1_0.lastname,
        u1_0.lat,
        u1_0.lng,
        u1_0.password,
        u1_0.phone,
        u1_0.rfc_homoclave,
        u1_0.role,
        u1_0.service_radius_km,
        u1_0.username 
    from
        users u1_0 
    where
        u1_0.username=?
Hibernate: 
    /* <criteria> */ select
        u1_0.id,
        u1_0.address_text,
        u1_0.avg_rating_cache,
        u1_0.bio,
        u1_0.country,
        u1_0.created_at,
        u1_0.curp,
        u1_0.firstname,
        u1_0.lastname,
        u1_0.lat,
        u1_0.lng,
        u1_0.password,
        u1_0.phone,
        u1_0.rfc_homoclave,
        u1_0.role,
        u1_0.service_radius_km,
        u1_0.username 
    from
        users u1_0 
    where
        u1_0.username=?
2025-11-09T12:54:25.678-08:00 DEBUG 17965 --- [JobsyApplication] [nio-8080-exec-5] org.hibernate.SQL                        : 
    select
        up1_0.id,
        up1_0.image_id,
        up1_0.url,
        up1_0.user_id,
        u1_0.id,
        u1_0.address_text,
        u1_0.avg_rating_cache,
        u1_0.bio,
        u1_0.country,
        u1_0.created_at,
        u1_0.curp,
        u1_0.firstname,
        u1_0.lastname,
        u1_0.lat,
        u1_0.lng,
        u1_0.password,
        u1_0.phone,
        u1_0.rfc_homoclave,
        u1_0.role,
        u1_0.service_radius_km,
        u1_0.username 
    from
        user_photos up1_0 
    join
        users u1_0 
            on u1_0.id=up1_0.user_id 
    where
        up1_0.user_id=?
Hibernate: 
    select
        up1_0.id,
        up1_0.image_id,
        up1_0.url,
        up1_0.user_id,
        u1_0.id,
        u1_0.address_text,
        u1_0.avg_rating_cache,
        u1_0.bio,
        u1_0.country,
        u1_0.created_at,
        u1_0.curp,
        u1_0.firstname,
        u1_0.lastname,
        u1_0.lat,
        u1_0.lng,
        u1_0.password,
        u1_0.phone,
        u1_0.rfc_homoclave,
        u1_0.role,
        u1_0.service_radius_km,
        u1_0.username 
    from
        user_photos up1_0 
    join
        users u1_0 
            on u1_0.id=up1_0.user_id 
    where
        up1_0.user_id=?
2025-11-09T12:54:25.850-08:00 DEBUG 17965 --- [JobsyApplication] [nio-8080-exec-5] org.hibernate.SQL                        : 
    /* <criteria> */ select
        u1_0.id,
        u1_0.address_text,
        u1_0.avg_rating_cache,
        u1_0.bio,
        u1_0.country,
        u1_0.created_at,
        u1_0.curp,
        u1_0.firstname,
        u1_0.lastname,
        u1_0.lat,
        u1_0.lng,
        u1_0.password,
        u1_0.phone,
        u1_0.rfc_homoclave,
        u1_0.role,
        u1_0.service_radius_km,
        u1_0.username 
    from
        users u1_0 
    where
        u1_0.username=?
Hibernate: 
    /* <criteria> */ select
        u1_0.id,
        u1_0.address_text,
        u1_0.avg_rating_cache,
        u1_0.bio,
        u1_0.country,
        u1_0.created_at,
        u1_0.curp,
        u1_0.firstname,
        u1_0.lastname,
        u1_0.lat,
        u1_0.lng,
        u1_0.password,
        u1_0.phone,
        u1_0.rfc_homoclave,
        u1_0.role,
        u1_0.service_radius_km,
        u1_0.username 
    from
        users u1_0 
    where
        u1_0.username=?
2025-11-09T12:54:25.939-08:00 DEBUG 17965 --- [JobsyApplication] [nio-8080-exec-5] org.hibernate.SQL                        : 
    select
        up1_0.id,
        up1_0.image_id,
        up1_0.url,
        up1_0.user_id,
        u1_0.id,
        u1_0.address_text,
        u1_0.avg_rating_cache,
        u1_0.bio,
        u1_0.country,
        u1_0.created_at,
        u1_0.curp,
        u1_0.firstname,
        u1_0.lastname,
        u1_0.lat,
        u1_0.lng,
        u1_0.password,
        u1_0.phone,
        u1_0.rfc_homoclave,
        u1_0.role,
        u1_0.service_radius_km,
        u1_0.username 
    from
        user_photos up1_0 
    join
        users u1_0 
            on u1_0.id=up1_0.user_id 
    where
        up1_0.user_id=?
Hibernate: 
    select
        up1_0.id,
        up1_0.image_id,
        up1_0.url,
        up1_0.user_id,
        u1_0.id,
        u1_0.address_text,
        u1_0.avg_rating_cache,
        u1_0.bio,
        u1_0.country,
        u1_0.created_at,
        u1_0.curp,
        u1_0.firstname,
        u1_0.lastname,
        u1_0.lat,
        u1_0.lng,
        u1_0.password,
        u1_0.phone,
        u1_0.rfc_homoclave,
        u1_0.role,
        u1_0.service_radius_km,
        u1_0.username 
    from
        user_photos up1_0 
    join
        users u1_0 
            on u1_0.id=up1_0.user_id 
    where
        up1_0.user_id=?
2025-11-09T12:54:26.414-08:00 DEBUG 17965 --- [JobsyApplication] [nio-8080-exec-7] org.hibernate.SQL                        : 
    /* <criteria> */ select
        u1_0.id,
        u1_0.address_text,
        u1_0.avg_rating_cache,
        u1_0.bio,
        u1_0.country,
        u1_0.created_at,
        u1_0.curp,
        u1_0.firstname,
        u1_0.lastname,
        u1_0.lat,
        u1_0.lng,
        u1_0.password,
        u1_0.phone,
        u1_0.rfc_homoclave,
        u1_0.role,
        u1_0.service_radius_km,
        u1_0.username 
    from
        users u1_0 
    where
        u1_0.username=?
Hibernate: 
    /* <criteria> */ select
        u1_0.id,
        u1_0.address_text,
        u1_0.avg_rating_cache,
        u1_0.bio,
        u1_0.country,
        u1_0.created_at,
        u1_0.curp,
        u1_0.firstname,
        u1_0.lastname,
        u1_0.lat,
        u1_0.lng,
        u1_0.password,
        u1_0.phone,
        u1_0.rfc_homoclave,
        u1_0.role,
        u1_0.service_radius_km,
        u1_0.username 
    from
        users u1_0 
    where
        u1_0.username=?
2025-11-09T12:54:26.504-08:00 DEBUG 17965 --- [JobsyApplication] [nio-8080-exec-7] org.hibernate.SQL                        : 
    select
        up1_0.id,
        up1_0.image_id,
        up1_0.url,
        up1_0.user_id,
        u1_0.id,
        u1_0.address_text,
        u1_0.avg_rating_cache,
        u1_0.bio,
        u1_0.country,
        u1_0.created_at,
        u1_0.curp,
        u1_0.firstname,
        u1_0.lastname,
        u1_0.lat,
        u1_0.lng,
        u1_0.password,
        u1_0.phone,
        u1_0.rfc_homoclave,
        u1_0.role,
        u1_0.service_radius_km,
        u1_0.username 
    from
        user_photos up1_0 
    join
        users u1_0 
            on u1_0.id=up1_0.user_id 
    where
        up1_0.user_id=?
Hibernate: 
    select
        up1_0.id,
        up1_0.image_id,
        up1_0.url,
        up1_0.user_id,
        u1_0.id,
        u1_0.address_text,
        u1_0.avg_rating_cache,
        u1_0.bio,
        u1_0.country,
        u1_0.created_at,
        u1_0.curp,
        u1_0.firstname,
        u1_0.lastname,
        u1_0.lat,
        u1_0.lng,
        u1_0.password,
        u1_0.phone,
        u1_0.rfc_homoclave,
        u1_0.role,
        u1_0.service_radius_km,
        u1_0.username 
    from
        user_photos up1_0 
    join
        users u1_0 
            on u1_0.id=up1_0.user_id 
    where
        up1_0.user_id=?
2025-11-09T12:54:26.939-08:00 DEBUG 17965 --- [JobsyApplication] [nio-8080-exec-5] org.hibernate.SQL                        : 
    /* <criteria> */ select
        u1_0.id,
        u1_0.address_text,
        u1_0.avg_rating_cache,
        u1_0.bio,
        u1_0.country,
        u1_0.created_at,
        u1_0.curp,
        u1_0.firstname,
        u1_0.lastname,
        u1_0.lat,
        u1_0.lng,
        u1_0.password,
        u1_0.phone,
        u1_0.rfc_homoclave,
        u1_0.role,
        u1_0.service_radius_km,
        u1_0.username 
    from
        users u1_0 
    where
        u1_0.username=?
2025-11-09T12:54:26.940-08:00 DEBUG 17965 --- [JobsyApplication] [nio-8080-exec-7] org.hibernate.SQL                        : 
    /* <criteria> */ select
        u1_0.id,
        u1_0.address_text,
        u1_0.avg_rating_cache,
        u1_0.bio,
        u1_0.country,
        u1_0.created_at,
        u1_0.curp,
        u1_0.firstname,
        u1_0.lastname,
        u1_0.lat,
        u1_0.lng,
        u1_0.password,
        u1_0.phone,
        u1_0.rfc_homoclave,
        u1_0.role,
        u1_0.service_radius_km,
        u1_0.username 
    from
        users u1_0 
    where
        u1_0.username=?
Hibernate: 
    /* <criteria> */ select
        u1_0.id,
        u1_0.address_text,
        u1_0.avg_rating_cache,
        u1_0.bio,
        u1_0.country,
        u1_0.created_at,
        u1_0.curp,
        u1_0.firstname,
        u1_0.lastname,
        u1_0.lat,
        u1_0.lng,
        u1_0.password,
        u1_0.phone,
        u1_0.rfc_homoclave,
        u1_0.role,
        u1_0.service_radius_km,
        u1_0.username 
    from
        users u1_0 
    where
        u1_0.username=?
Hibernate: 
    /* <criteria> */ select
        u1_0.id,
        u1_0.address_text,
        u1_0.avg_rating_cache,
        u1_0.bio,
        u1_0.country,
        u1_0.created_at,
        u1_0.curp,
        u1_0.firstname,
        u1_0.lastname,
        u1_0.lat,
        u1_0.lng,
        u1_0.password,
        u1_0.phone,
        u1_0.rfc_homoclave,
        u1_0.role,
        u1_0.service_radius_km,
        u1_0.username 
    from
        users u1_0 
    where
        u1_0.username=?
2025-11-09T12:54:26.942-08:00 DEBUG 17965 --- [JobsyApplication] [nio-8080-exec-3] org.hibernate.SQL                        : 
    /* <criteria> */ select
        u1_0.id,
        u1_0.address_text,
        u1_0.avg_rating_cache,
        u1_0.bio,
        u1_0.country,
        u1_0.created_at,
        u1_0.curp,
        u1_0.firstname,
        u1_0.lastname,
        u1_0.lat,
        u1_0.lng,
        u1_0.password,
        u1_0.phone,
        u1_0.rfc_homoclave,
        u1_0.role,
        u1_0.service_radius_km,
        u1_0.username 
    from
        users u1_0 
    where
        u1_0.username=?
Hibernate: 
    /* <criteria> */ select
        u1_0.id,
        u1_0.address_text,
        u1_0.avg_rating_cache,
        u1_0.bio,
        u1_0.country,
        u1_0.created_at,
        u1_0.curp,
        u1_0.firstname,
        u1_0.lastname,
        u1_0.lat,
        u1_0.lng,
        u1_0.password,
        u1_0.phone,
        u1_0.rfc_homoclave,
        u1_0.role,
        u1_0.service_radius_km,
        u1_0.username 
    from
        users u1_0 
    where
        u1_0.username=?
2025-11-09T12:54:26.963-08:00 DEBUG 17965 --- [JobsyApplication] [nio-8080-exec-2] org.hibernate.SQL                        : 
    /* <criteria> */ select
        u1_0.id,
        u1_0.address_text,
        u1_0.avg_rating_cache,
        u1_0.bio,
        u1_0.country,
        u1_0.created_at,
        u1_0.curp,
        u1_0.firstname,
        u1_0.lastname,
        u1_0.lat,
        u1_0.lng,
        u1_0.password,
        u1_0.phone,
        u1_0.rfc_homoclave,
        u1_0.role,
        u1_0.service_radius_km,
        u1_0.username 
    from
        users u1_0 
    where
        u1_0.username=?
Hibernate: 
    /* <criteria> */ select
        u1_0.id,
        u1_0.address_text,
        u1_0.avg_rating_cache,
        u1_0.bio,
        u1_0.country,
        u1_0.created_at,
        u1_0.curp,
        u1_0.firstname,
        u1_0.lastname,
        u1_0.lat,
        u1_0.lng,
        u1_0.password,
        u1_0.phone,
        u1_0.rfc_homoclave,
        u1_0.role,
        u1_0.service_radius_km,
        u1_0.username 
    from
        users u1_0 
    where
        u1_0.username=?
2025-11-09T12:54:27.029-08:00 DEBUG 17965 --- [JobsyApplication] [nio-8080-exec-7] org.hibernate.SQL                        : 
    select
        up1_0.id,
        up1_0.image_id,
        up1_0.url,
        up1_0.user_id,
        u1_0.id,
        u1_0.address_text,
        u1_0.avg_rating_cache,
        u1_0.bio,
        u1_0.country,
        u1_0.created_at,
        u1_0.curp,
        u1_0.firstname,
        u1_0.lastname,
        u1_0.lat,
        u1_0.lng,
        u1_0.password,
        u1_0.phone,
        u1_0.rfc_homoclave,
        u1_0.role,
        u1_0.service_radius_km,
        u1_0.username 
    from
        user_photos up1_0 
    join
        users u1_0 
            on u1_0.id=up1_0.user_id 
    where
        up1_0.user_id=?
Hibernate: 
    select
        up1_0.id,
        up1_0.image_id,
        up1_0.url,
        up1_0.user_id,
        u1_0.id,
        u1_0.address_text,
        u1_0.avg_rating_cache,
        u1_0.bio,
        u1_0.country,
        u1_0.created_at,
        u1_0.curp,
        u1_0.firstname,
        u1_0.lastname,
        u1_0.lat,
        u1_0.lng,
        u1_0.password,
        u1_0.phone,
        u1_0.rfc_homoclave,
        u1_0.role,
        u1_0.service_radius_km,
        u1_0.username 
    from
        user_photos up1_0 
    join
        users u1_0 
            on u1_0.id=up1_0.user_id 
    where
        up1_0.user_id=?
2025-11-09T12:54:27.109-08:00 DEBUG 17965 --- [JobsyApplication] [nio-8080-exec-3] org.hibernate.SQL                        : 
    select
        up1_0.id,
        up1_0.image_id,
        up1_0.url,
        up1_0.user_id,
        u1_0.id,
        u1_0.address_text,
        u1_0.avg_rating_cache,
        u1_0.bio,
        u1_0.country,
        u1_0.created_at,
        u1_0.curp,
        u1_0.firstname,
        u1_0.lastname,
        u1_0.lat,
        u1_0.lng,
        u1_0.password,
        u1_0.phone,
        u1_0.rfc_homoclave,
        u1_0.role,
        u1_0.service_radius_km,
        u1_0.username 
    from
        user_photos up1_0 
    join
        users u1_0 
            on u1_0.id=up1_0.user_id 
    where
        up1_0.user_id=?
Hibernate: 
    select
        up1_0.id,
        up1_0.image_id,
        up1_0.url,
        up1_0.user_id,
        u1_0.id,
        u1_0.address_text,
        u1_0.avg_rating_cache,
        u1_0.bio,
        u1_0.country,
        u1_0.created_at,
        u1_0.curp,
        u1_0.firstname,
        u1_0.lastname,
        u1_0.lat,
        u1_0.lng,
        u1_0.password,
        u1_0.phone,
        u1_0.rfc_homoclave,
        u1_0.role,
        u1_0.service_radius_km,
        u1_0.username 
    from
        user_photos up1_0 
    join
        users u1_0 
            on u1_0.id=up1_0.user_id 
    where
        up1_0.user_id=?
2025-11-09T12:54:27.111-08:00 DEBUG 17965 --- [JobsyApplication] [nio-8080-exec-5] org.hibernate.SQL                        : 
    select
        up1_0.id,
        up1_0.image_id,
        up1_0.url,
        up1_0.user_id,
        u1_0.id,
        u1_0.address_text,
        u1_0.avg_rating_cache,
        u1_0.bio,
        u1_0.country,
        u1_0.created_at,
        u1_0.curp,
        u1_0.firstname,
        u1_0.lastname,
        u1_0.lat,
        u1_0.lng,
        u1_0.password,
        u1_0.phone,
        u1_0.rfc_homoclave,
        u1_0.role,
        u1_0.service_radius_km,
        u1_0.username 
    from
        user_photos up1_0 
    join
        users u1_0 
            on u1_0.id=up1_0.user_id 
    where
        up1_0.user_id=?
Hibernate: 
    select
        up1_0.id,
        up1_0.image_id,
        up1_0.url,
        up1_0.user_id,
        u1_0.id,
        u1_0.address_text,
        u1_0.avg_rating_cache,
        u1_0.bio,
        u1_0.country,
        u1_0.created_at,
        u1_0.curp,
        u1_0.firstname,
        u1_0.lastname,
        u1_0.lat,
        u1_0.lng,
        u1_0.password,
        u1_0.phone,
        u1_0.rfc_homoclave,
        u1_0.role,
        u1_0.service_radius_km,
        u1_0.username 
    from
        user_photos up1_0 
    join
        users u1_0 
            on u1_0.id=up1_0.user_id 
    where
        up1_0.user_id=?
2025-11-09T12:54:27.125-08:00 DEBUG 17965 --- [JobsyApplication] [nio-8080-exec-7] org.hibernate.SQL                        : 
    /* <criteria> */ select
        n1_0.id,
        n1_0.created_at,
        n1_0.message,
        n1_0.read,
        n1_0.recipient_id,
        n1_0.title,
        n1_0.type 
    from
        notifications n1_0 
    left join
        users r1_0 
            on r1_0.id=n1_0.recipient_id 
    where
        r1_0.id=? 
    order by
        n1_0.created_at desc,
        n1_0.created_at desc 
    fetch
        first ? rows only
Hibernate: 
    /* <criteria> */ select
        n1_0.id,
        n1_0.created_at,
        n1_0.message,
        n1_0.read,
        n1_0.recipient_id,
        n1_0.title,
        n1_0.type 
    from
        notifications n1_0 
    left join
        users r1_0 
            on r1_0.id=n1_0.recipient_id 
    where
        r1_0.id=? 
    order by
        n1_0.created_at desc,
        n1_0.created_at desc 
    fetch
        first ? rows only
2025-11-09T12:54:27.141-08:00 DEBUG 17965 --- [JobsyApplication] [nio-8080-exec-2] org.hibernate.SQL                        : 
    select
        up1_0.id,
        up1_0.image_id,
        up1_0.url,
        up1_0.user_id,
        u1_0.id,
        u1_0.address_text,
        u1_0.avg_rating_cache,
        u1_0.bio,
        u1_0.country,
        u1_0.created_at,
        u1_0.curp,
        u1_0.firstname,
        u1_0.lastname,
        u1_0.lat,
        u1_0.lng,
        u1_0.password,
        u1_0.phone,
        u1_0.rfc_homoclave,
        u1_0.role,
        u1_0.service_radius_km,
        u1_0.username 
    from
        user_photos up1_0 
    join
        users u1_0 
            on u1_0.id=up1_0.user_id 
    where
        up1_0.user_id=?
Hibernate: 
    select
        up1_0.id,
        up1_0.image_id,
        up1_0.url,
        up1_0.user_id,
        u1_0.id,
        u1_0.address_text,
        u1_0.avg_rating_cache,
        u1_0.bio,
        u1_0.country,
        u1_0.created_at,
        u1_0.curp,
        u1_0.firstname,
        u1_0.lastname,
        u1_0.lat,
        u1_0.lng,
        u1_0.password,
        u1_0.phone,
        u1_0.rfc_homoclave,
        u1_0.role,
        u1_0.service_radius_km,
        u1_0.username 
    from
        user_photos up1_0 
    join
        users u1_0 
            on u1_0.id=up1_0.user_id 
    where
        up1_0.user_id=?
2025-11-09T12:54:27.201-08:00 DEBUG 17965 --- [JobsyApplication] [nio-8080-exec-5] org.hibernate.SQL                        : 
    /* <criteria> */ select
        pr1_0.id,
        pr1_0.address_text,
        pr1_0.bio,
        pr1_0.created_at,
        pr1_0.curp,
        pr1_0.rejection_reason,
        pr1_0.reviewed_at,
        pr1_0.reviewed_by,
        pr1_0.rfc_homoclave,
        pr1_0.status,
        pr1_0.updated_at,
        pr1_0.user_id 
    from
        provider_applies pr1_0 
    offset
        ? rows 
    fetch
        first ? rows only
Hibernate: 
    /* <criteria> */ select
        pr1_0.id,
        pr1_0.address_text,
        pr1_0.bio,
        pr1_0.created_at,
        pr1_0.curp,
        pr1_0.rejection_reason,
        pr1_0.reviewed_at,
        pr1_0.reviewed_by,
        pr1_0.rfc_homoclave,
        pr1_0.status,
        pr1_0.updated_at,
        pr1_0.user_id 
    from
        provider_applies pr1_0 
    offset
        ? rows 
    fetch
        first ? rows only
2025-11-09T12:54:27.287-08:00 DEBUG 17965 --- [JobsyApplication] [nio-8080-exec-5] org.hibernate.SQL                        : 
    select
        u1_0.id,
        u1_0.address_text,
        u1_0.avg_rating_cache,
        u1_0.bio,
        u1_0.country,
        u1_0.created_at,
        u1_0.curp,
        u1_0.firstname,
        u1_0.lastname,
        u1_0.lat,
        u1_0.lng,
        u1_0.password,
        u1_0.phone,
        p1_0.id,
        p1_0.image_id,
        p1_0.url,
        p1_0.user_id,
        u1_0.rfc_homoclave,
        u1_0.role,
        u1_0.service_radius_km,
        u1_0.username 
    from
        users u1_0 
    left join
        user_photos p1_0 
            on u1_0.id=p1_0.user_id 
    where
        u1_0.id=?
Hibernate: 
    select
        u1_0.id,
        u1_0.address_text,
        u1_0.avg_rating_cache,
        u1_0.bio,
        u1_0.country,
        u1_0.created_at,
        u1_0.curp,
        u1_0.firstname,
        u1_0.lastname,
        u1_0.lat,
        u1_0.lng,
        u1_0.password,
        u1_0.phone,
        p1_0.id,
        p1_0.image_id,
        p1_0.url,
        p1_0.user_id,
        u1_0.rfc_homoclave,
        u1_0.role,
        u1_0.service_radius_km,
        u1_0.username 
    from
        users u1_0 
    left join
        user_photos p1_0 
            on u1_0.id=p1_0.user_id 
    where
        u1_0.id=?
2025-11-09T12:54:27.374-08:00 DEBUG 17965 --- [JobsyApplication] [nio-8080-exec-5] org.hibernate.SQL                        : 
    select
        u1_0.id,
        u1_0.address_text,
        u1_0.avg_rating_cache,
        u1_0.bio,
        u1_0.country,
        u1_0.created_at,
        u1_0.curp,
        u1_0.firstname,
        u1_0.lastname,
        u1_0.lat,
        u1_0.lng,
        u1_0.password,
        u1_0.phone,
        p1_0.id,
        p1_0.image_id,
        p1_0.url,
        p1_0.user_id,
        u1_0.rfc_homoclave,
        u1_0.role,
        u1_0.service_radius_km,
        u1_0.username 
    from
        users u1_0 
    left join
        user_photos p1_0 
            on u1_0.id=p1_0.user_id 
    where
        u1_0.id=?
Hibernate: 
    select
        u1_0.id,
        u1_0.address_text,
        u1_0.avg_rating_cache,
        u1_0.bio,
        u1_0.country,
        u1_0.created_at,
        u1_0.curp,
        u1_0.firstname,
        u1_0.lastname,
        u1_0.lat,
        u1_0.lng,
        u1_0.password,
        u1_0.phone,
        p1_0.id,
        p1_0.image_id,
        p1_0.url,
        p1_0.user_id,
        u1_0.rfc_homoclave,
        u1_0.role,
        u1_0.service_radius_km,
        u1_0.username 
    from
        users u1_0 
    left join
        user_photos p1_0 
            on u1_0.id=p1_0.user_id 
    where
        u1_0.id=?
2025-11-09T12:54:27.387-08:00 DEBUG 17965 --- [JobsyApplication] [nio-8080-exec-6] org.hibernate.SQL                        : 
    /* <criteria> */ select
        u1_0.id,
        u1_0.address_text,
        u1_0.avg_rating_cache,
        u1_0.bio,
        u1_0.country,
        u1_0.created_at,
        u1_0.curp,
        u1_0.firstname,
        u1_0.lastname,
        u1_0.lat,
        u1_0.lng,
        u1_0.password,
        u1_0.phone,
        u1_0.rfc_homoclave,
        u1_0.role,
        u1_0.service_radius_km,
        u1_0.username 
    from
        users u1_0 
    where
        u1_0.username=?
Hibernate: 
    /* <criteria> */ select
        u1_0.id,
        u1_0.address_text,
        u1_0.avg_rating_cache,
        u1_0.bio,
        u1_0.country,
        u1_0.created_at,
        u1_0.curp,
        u1_0.firstname,
        u1_0.lastname,
        u1_0.lat,
        u1_0.lng,
        u1_0.password,
        u1_0.phone,
        u1_0.rfc_homoclave,
        u1_0.role,
        u1_0.service_radius_km,
        u1_0.username 
    from
        users u1_0 
    where
        u1_0.username=?
2025-11-09T12:54:27.461-08:00 DEBUG 17965 --- [JobsyApplication] [nio-8080-exec-5] org.hibernate.SQL                        : 
    select
        d1_0.provider_request_id,
        d1_0.id,
        d1_0.public_id,
        d1_0.url 
    from
        provider_documents d1_0 
    where
        d1_0.provider_request_id=?
Hibernate: 
    select
        d1_0.provider_request_id,
        d1_0.id,
        d1_0.public_id,
        d1_0.url 
    from
        provider_documents d1_0 
    where
        d1_0.provider_request_id=?
2025-11-09T12:54:27.476-08:00 DEBUG 17965 --- [JobsyApplication] [nio-8080-exec-6] org.hibernate.SQL                        : 
    select
        up1_0.id,
        up1_0.image_id,
        up1_0.url,
        up1_0.user_id,
        u1_0.id,
        u1_0.address_text,
        u1_0.avg_rating_cache,
        u1_0.bio,
        u1_0.country,
        u1_0.created_at,
        u1_0.curp,
        u1_0.firstname,
        u1_0.lastname,
        u1_0.lat,
        u1_0.lng,
        u1_0.password,
        u1_0.phone,
        u1_0.rfc_homoclave,
        u1_0.role,
        u1_0.service_radius_km,
        u1_0.username 
    from
        user_photos up1_0 
    join
        users u1_0 
            on u1_0.id=up1_0.user_id 
    where
        up1_0.user_id=?
Hibernate: 
    select
        up1_0.id,
        up1_0.image_id,
        up1_0.url,
        up1_0.user_id,
        u1_0.id,
        u1_0.address_text,
        u1_0.avg_rating_cache,
        u1_0.bio,
        u1_0.country,
        u1_0.created_at,
        u1_0.curp,
        u1_0.firstname,
        u1_0.lastname,
        u1_0.lat,
        u1_0.lng,
        u1_0.password,
        u1_0.phone,
        u1_0.rfc_homoclave,
        u1_0.role,
        u1_0.service_radius_km,
        u1_0.username 
    from
        user_photos up1_0 
    join
        users u1_0 
            on u1_0.id=up1_0.user_id 
    where
        up1_0.user_id=?
2025-11-09T12:54:27.548-08:00 DEBUG 17965 --- [JobsyApplication] [nio-8080-exec-5] org.hibernate.SQL                        : 
    select
        d1_0.provider_request_id,
        d1_0.id,
        d1_0.public_id,
        d1_0.url 
    from
        provider_documents d1_0 
    where
        d1_0.provider_request_id=?
Hibernate: 
    select
        d1_0.provider_request_id,
        d1_0.id,
        d1_0.public_id,
        d1_0.url 
    from
        provider_documents d1_0 
    where
        d1_0.provider_request_id=?
2025-11-09T12:54:27.634-08:00 DEBUG 17965 --- [JobsyApplication] [nio-8080-exec-5] org.hibernate.SQL                        : 
    select
        d1_0.provider_request_id,
        d1_0.id,
        d1_0.public_id,
        d1_0.url 
    from
        provider_documents d1_0 
    where
        d1_0.provider_request_id=?
Hibernate: 
    select
        d1_0.provider_request_id,
        d1_0.id,
        d1_0.public_id,
        d1_0.url 
    from
        provider_documents d1_0 
    where
        d1_0.provider_request_id=?
2025-11-09T12:54:27.721-08:00 DEBUG 17965 --- [JobsyApplication] [nio-8080-exec-5] org.hibernate.SQL                        : 
    select
        d1_0.provider_request_id,
        d1_0.id,
        d1_0.public_id,
        d1_0.url 
    from
        provider_documents d1_0 
    where
        d1_0.provider_request_id=?
Hibernate: 
    select
        d1_0.provider_request_id,
        d1_0.id,
        d1_0.public_id,
        d1_0.url 
    from
        provider_documents d1_0 
    where
        d1_0.provider_request_id=?
2025-11-09T12:54:27.806-08:00 DEBUG 17965 --- [JobsyApplication] [nio-8080-exec-5] org.hibernate.SQL                        : 
    select
        d1_0.provider_request_id,
        d1_0.id,
        d1_0.public_id,
        d1_0.url 
    from
        provider_documents d1_0 
    where
        d1_0.provider_request_id=?
Hibernate: 
    select
        d1_0.provider_request_id,
        d1_0.id,
        d1_0.public_id,
        d1_0.url 
    from
        provider_documents d1_0 
    where
        d1_0.provider_request_id=?
2025-11-09T12:54:27.892-08:00 DEBUG 17965 --- [JobsyApplication] [nio-8080-exec-5] org.hibernate.SQL                        : 
    select
        d1_0.provider_request_id,
        d1_0.id,
        d1_0.public_id,
        d1_0.url 
    from
        provider_documents d1_0 
    where
        d1_0.provider_request_id=?
Hibernate: 
    select
        d1_0.provider_request_id,
        d1_0.id,
        d1_0.public_id,
        d1_0.url 
    from
        provider_documents d1_0 
    where
        d1_0.provider_request_id=?
2025-11-09T12:54:27.977-08:00 DEBUG 17965 --- [JobsyApplication] [nio-8080-exec-5] org.hibernate.SQL                        : 
    select
        d1_0.provider_request_id,
        d1_0.id,
        d1_0.public_id,
        d1_0.url 
    from
        provider_documents d1_0 
    where
        d1_0.provider_request_id=?
Hibernate: 
    select
        d1_0.provider_request_id,
        d1_0.id,
        d1_0.public_id,
        d1_0.url 
    from
        provider_documents d1_0 
    where
        d1_0.provider_request_id=?
2025-11-09T12:54:28.063-08:00 DEBUG 17965 --- [JobsyApplication] [nio-8080-exec-5] org.hibernate.SQL                        : 
    select
        d1_0.provider_request_id,
        d1_0.id,
        d1_0.public_id,
        d1_0.url 
    from
        provider_documents d1_0 
    where
        d1_0.provider_request_id=?
Hibernate: 
    select
        d1_0.provider_request_id,
        d1_0.id,
        d1_0.public_id,
        d1_0.url 
    from
        provider_documents d1_0 
    where
        d1_0.provider_request_id=?
2025-11-09T12:54:29.668-08:00 DEBUG 17965 --- [JobsyApplication] [nio-8080-exec-2] org.hibernate.SQL                        : 
    /* <criteria> */ select
        u1_0.id,
        u1_0.address_text,
        u1_0.avg_rating_cache,
        u1_0.bio,
        u1_0.country,
        u1_0.created_at,
        u1_0.curp,
        u1_0.firstname,
        u1_0.lastname,
        u1_0.lat,
        u1_0.lng,
        u1_0.password,
        u1_0.phone,
        u1_0.rfc_homoclave,
        u1_0.role,
        u1_0.service_radius_km,
        u1_0.username 
    from
        users u1_0 
    where
        u1_0.username=?
Hibernate: 
    /* <criteria> */ select
        u1_0.id,
        u1_0.address_text,
        u1_0.avg_rating_cache,
        u1_0.bio,
        u1_0.country,
        u1_0.created_at,
        u1_0.curp,
        u1_0.firstname,
        u1_0.lastname,
        u1_0.lat,
        u1_0.lng,
        u1_0.password,
        u1_0.phone,
        u1_0.rfc_homoclave,
        u1_0.role,
        u1_0.service_radius_km,
        u1_0.username 
    from
        users u1_0 
    where
        u1_0.username=?
2025-11-09T12:54:29.670-08:00 DEBUG 17965 --- [JobsyApplication] [nio-8080-exec-4] org.hibernate.SQL                        : 
    /* <criteria> */ select
        u1_0.id,
        u1_0.address_text,
        u1_0.avg_rating_cache,
        u1_0.bio,
        u1_0.country,
        u1_0.created_at,
        u1_0.curp,
        u1_0.firstname,
        u1_0.lastname,
        u1_0.lat,
        u1_0.lng,
        u1_0.password,
        u1_0.phone,
        u1_0.rfc_homoclave,
        u1_0.role,
        u1_0.service_radius_km,
        u1_0.username 
    from
        users u1_0 
    where
        u1_0.username=?
Hibernate: 
    /* <criteria> */ select
        u1_0.id,
        u1_0.address_text,
        u1_0.avg_rating_cache,
        u1_0.bio,
        u1_0.country,
        u1_0.created_at,
        u1_0.curp,
        u1_0.firstname,
        u1_0.lastname,
        u1_0.lat,
        u1_0.lng,
        u1_0.password,
        u1_0.phone,
        u1_0.rfc_homoclave,
        u1_0.role,
        u1_0.service_radius_km,
        u1_0.username 
    from
        users u1_0 
    where
        u1_0.username=?
2025-11-09T12:54:29.794-08:00 DEBUG 17965 --- [JobsyApplication] [nio-8080-exec-6] org.hibernate.SQL                        : 
    /* <criteria> */ select
        u1_0.id,
        u1_0.address_text,
        u1_0.avg_rating_cache,
        u1_0.bio,
        u1_0.country,
        u1_0.created_at,
        u1_0.curp,
        u1_0.firstname,
        u1_0.lastname,
        u1_0.lat,
        u1_0.lng,
        u1_0.password,
        u1_0.phone,
        u1_0.rfc_homoclave,
        u1_0.role,
        u1_0.service_radius_km,
        u1_0.username 
    from
        users u1_0 
    where
        u1_0.username=?
Hibernate: 
    /* <criteria> */ select
        u1_0.id,
        u1_0.address_text,
        u1_0.avg_rating_cache,
        u1_0.bio,
        u1_0.country,
        u1_0.created_at,
        u1_0.curp,
        u1_0.firstname,
        u1_0.lastname,
        u1_0.lat,
        u1_0.lng,
        u1_0.password,
        u1_0.phone,
        u1_0.rfc_homoclave,
        u1_0.role,
        u1_0.service_radius_km,
        u1_0.username 
    from
        users u1_0 
    where
        u1_0.username=?
2025-11-09T12:54:29.848-08:00 DEBUG 17965 --- [JobsyApplication] [nio-8080-exec-2] org.hibernate.SQL                        : 
    select
        up1_0.id,
        up1_0.image_id,
        up1_0.url,
        up1_0.user_id,
        u1_0.id,
        u1_0.address_text,
        u1_0.avg_rating_cache,
        u1_0.bio,
        u1_0.country,
        u1_0.created_at,
        u1_0.curp,
        u1_0.firstname,
        u1_0.lastname,
        u1_0.lat,
        u1_0.lng,
        u1_0.password,
        u1_0.phone,
        u1_0.rfc_homoclave,
        u1_0.role,
        u1_0.service_radius_km,
        u1_0.username 
    from
        user_photos up1_0 
    join
        users u1_0 
            on u1_0.id=up1_0.user_id 
    where
        up1_0.user_id=?
Hibernate: 
    select
        up1_0.id,
        up1_0.image_id,
        up1_0.url,
        up1_0.user_id,
        u1_0.id,
        u1_0.address_text,
        u1_0.avg_rating_cache,
        u1_0.bio,
        u1_0.country,
        u1_0.created_at,
        u1_0.curp,
        u1_0.firstname,
        u1_0.lastname,
        u1_0.lat,
        u1_0.lng,
        u1_0.password,
        u1_0.phone,
        u1_0.rfc_homoclave,
        u1_0.role,
        u1_0.service_radius_km,
        u1_0.username 
    from
        user_photos up1_0 
    join
        users u1_0 
            on u1_0.id=up1_0.user_id 
    where
        up1_0.user_id=?
2025-11-09T12:54:29.900-08:00 DEBUG 17965 --- [JobsyApplication] [nio-8080-exec-4] org.hibernate.SQL                        : 
    select
        up1_0.id,
        up1_0.image_id,
        up1_0.url,
        up1_0.user_id,
        u1_0.id,
        u1_0.address_text,
        u1_0.avg_rating_cache,
        u1_0.bio,
        u1_0.country,
        u1_0.created_at,
        u1_0.curp,
        u1_0.firstname,
        u1_0.lastname,
        u1_0.lat,
        u1_0.lng,
        u1_0.password,
        u1_0.phone,
        u1_0.rfc_homoclave,
        u1_0.role,
        u1_0.service_radius_km,
        u1_0.username 
    from
        user_photos up1_0 
    join
        users u1_0 
            on u1_0.id=up1_0.user_id 
    where
        up1_0.user_id=?
Hibernate: 
    select
        up1_0.id,
        up1_0.image_id,
        up1_0.url,
        up1_0.user_id,
        u1_0.id,
        u1_0.address_text,
        u1_0.avg_rating_cache,
        u1_0.bio,
        u1_0.country,
        u1_0.created_at,
        u1_0.curp,
        u1_0.firstname,
        u1_0.lastname,
        u1_0.lat,
        u1_0.lng,
        u1_0.password,
        u1_0.phone,
        u1_0.rfc_homoclave,
        u1_0.role,
        u1_0.service_radius_km,
        u1_0.username 
    from
        user_photos up1_0 
    join
        users u1_0 
            on u1_0.id=up1_0.user_id 
    where
        up1_0.user_id=?
2025-11-09T12:54:29.941-08:00 DEBUG 17965 --- [JobsyApplication] [nio-8080-exec-2] org.hibernate.SQL                        : 
    /* <criteria> */ select
        pr1_0.id,
        pr1_0.address_text,
        pr1_0.bio,
        pr1_0.created_at,
        pr1_0.curp,
        pr1_0.rejection_reason,
        pr1_0.reviewed_at,
        pr1_0.reviewed_by,
        pr1_0.rfc_homoclave,
        pr1_0.status,
        pr1_0.updated_at,
        pr1_0.user_id 
    from
        provider_applies pr1_0 
    offset
        ? rows 
    fetch
        first ? rows only
Hibernate: 
    /* <criteria> */ select
        pr1_0.id,
        pr1_0.address_text,
        pr1_0.bio,
        pr1_0.created_at,
        pr1_0.curp,
        pr1_0.rejection_reason,
        pr1_0.reviewed_at,
        pr1_0.reviewed_by,
        pr1_0.rfc_homoclave,
        pr1_0.status,
        pr1_0.updated_at,
        pr1_0.user_id 
    from
        provider_applies pr1_0 
    offset
        ? rows 
    fetch
        first ? rows only
2025-11-09T12:54:29.967-08:00 DEBUG 17965 --- [JobsyApplication] [nio-8080-exec-6] org.hibernate.SQL                        : 
    select
        up1_0.id,
        up1_0.image_id,
        up1_0.url,
        up1_0.user_id,
        u1_0.id,
        u1_0.address_text,
        u1_0.avg_rating_cache,
        u1_0.bio,
        u1_0.country,
        u1_0.created_at,
        u1_0.curp,
        u1_0.firstname,
        u1_0.lastname,
        u1_0.lat,
        u1_0.lng,
        u1_0.password,
        u1_0.phone,
        u1_0.rfc_homoclave,
        u1_0.role,
        u1_0.service_radius_km,
        u1_0.username 
    from
        user_photos up1_0 
    join
        users u1_0 
            on u1_0.id=up1_0.user_id 
    where
        up1_0.user_id=?
Hibernate: 
    select
        up1_0.id,
        up1_0.image_id,
        up1_0.url,
        up1_0.user_id,
        u1_0.id,
        u1_0.address_text,
        u1_0.avg_rating_cache,
        u1_0.bio,
        u1_0.country,
        u1_0.created_at,
        u1_0.curp,
        u1_0.firstname,
        u1_0.lastname,
        u1_0.lat,
        u1_0.lng,
        u1_0.password,
        u1_0.phone,
        u1_0.rfc_homoclave,
        u1_0.role,
        u1_0.service_radius_km,
        u1_0.username 
    from
        user_photos up1_0 
    join
        users u1_0 
            on u1_0.id=up1_0.user_id 
    where
        up1_0.user_id=?
2025-11-09T12:54:29.995-08:00 DEBUG 17965 --- [JobsyApplication] [nio-8080-exec-4] org.hibernate.SQL                        : 
    /* <criteria> */ select
        n1_0.id,
        n1_0.created_at,
        n1_0.message,
        n1_0.read,
        n1_0.recipient_id,
        n1_0.title,
        n1_0.type 
    from
        notifications n1_0 
    left join
        users r1_0 
            on r1_0.id=n1_0.recipient_id 
    where
        r1_0.id=? 
    order by
        n1_0.created_at desc,
        n1_0.created_at desc 
    fetch
        first ? rows only
Hibernate: 
    /* <criteria> */ select
        n1_0.id,
        n1_0.created_at,
        n1_0.message,
        n1_0.read,
        n1_0.recipient_id,
        n1_0.title,
        n1_0.type 
    from
        notifications n1_0 
    left join
        users r1_0 
            on r1_0.id=n1_0.recipient_id 
    where
        r1_0.id=? 
    order by
        n1_0.created_at desc,
        n1_0.created_at desc 
    fetch
        first ? rows only
2025-11-09T12:54:30.117-08:00 DEBUG 17965 --- [JobsyApplication] [nio-8080-exec-2] org.hibernate.SQL                        : 
    select
        u1_0.id,
        u1_0.address_text,
        u1_0.avg_rating_cache,
        u1_0.bio,
        u1_0.country,
        u1_0.created_at,
        u1_0.curp,
        u1_0.firstname,
        u1_0.lastname,
        u1_0.lat,
        u1_0.lng,
        u1_0.password,
        u1_0.phone,
        p1_0.id,
        p1_0.image_id,
        p1_0.url,
        p1_0.user_id,
        u1_0.rfc_homoclave,
        u1_0.role,
        u1_0.service_radius_km,
        u1_0.username 
    from
        users u1_0 
    left join
        user_photos p1_0 
            on u1_0.id=p1_0.user_id 
    where
        u1_0.id=?
Hibernate: 
    select
        u1_0.id,
        u1_0.address_text,
        u1_0.avg_rating_cache,
        u1_0.bio,
        u1_0.country,
        u1_0.created_at,
        u1_0.curp,
        u1_0.firstname,
        u1_0.lastname,
        u1_0.lat,
        u1_0.lng,
        u1_0.password,
        u1_0.phone,
        p1_0.id,
        p1_0.image_id,
        p1_0.url,
        p1_0.user_id,
        u1_0.rfc_homoclave,
        u1_0.role,
        u1_0.service_radius_km,
        u1_0.username 
    from
        users u1_0 
    left join
        user_photos p1_0 
            on u1_0.id=p1_0.user_id 
    where
        u1_0.id=?
2025-11-09T12:54:30.206-08:00 DEBUG 17965 --- [JobsyApplication] [nio-8080-exec-2] org.hibernate.SQL                        : 
    select
        u1_0.id,
        u1_0.address_text,
        u1_0.avg_rating_cache,
        u1_0.bio,
        u1_0.country,
        u1_0.created_at,
        u1_0.curp,
        u1_0.firstname,
        u1_0.lastname,
        u1_0.lat,
        u1_0.lng,
        u1_0.password,
        u1_0.phone,
        p1_0.id,
        p1_0.image_id,
        p1_0.url,
        p1_0.user_id,
        u1_0.rfc_homoclave,
        u1_0.role,
        u1_0.service_radius_km,
        u1_0.username 
    from
        users u1_0 
    left join
        user_photos p1_0 
            on u1_0.id=p1_0.user_id 
    where
        u1_0.id=?
Hibernate: 
    select
        u1_0.id,
        u1_0.address_text,
        u1_0.avg_rating_cache,
        u1_0.bio,
        u1_0.country,
        u1_0.created_at,
        u1_0.curp,
        u1_0.firstname,
        u1_0.lastname,
        u1_0.lat,
        u1_0.lng,
        u1_0.password,
        u1_0.phone,
        p1_0.id,
        p1_0.image_id,
        p1_0.url,
        p1_0.user_id,
        u1_0.rfc_homoclave,
        u1_0.role,
        u1_0.service_radius_km,
        u1_0.username 
    from
        users u1_0 
    left join
        user_photos p1_0 
            on u1_0.id=p1_0.user_id 
    where
        u1_0.id=?
2025-11-09T12:54:30.209-08:00 DEBUG 17965 --- [JobsyApplication] [nio-8080-exec-7] org.hibernate.SQL                        : 
    /* <criteria> */ select
        u1_0.id,
        u1_0.address_text,
        u1_0.avg_rating_cache,
        u1_0.bio,
        u1_0.country,
        u1_0.created_at,
        u1_0.curp,
        u1_0.firstname,
        u1_0.lastname,
        u1_0.lat,
        u1_0.lng,
        u1_0.password,
        u1_0.phone,
        u1_0.rfc_homoclave,
        u1_0.role,
        u1_0.service_radius_km,
        u1_0.username 
    from
        users u1_0 
    where
        u1_0.username=?
Hibernate: 
    /* <criteria> */ select
        u1_0.id,
        u1_0.address_text,
        u1_0.avg_rating_cache,
        u1_0.bio,
        u1_0.country,
        u1_0.created_at,
        u1_0.curp,
        u1_0.firstname,
        u1_0.lastname,
        u1_0.lat,
        u1_0.lng,
        u1_0.password,
        u1_0.phone,
        u1_0.rfc_homoclave,
        u1_0.role,
        u1_0.service_radius_km,
        u1_0.username 
    from
        users u1_0 
    where
        u1_0.username=?
2025-11-09T12:54:30.296-08:00 DEBUG 17965 --- [JobsyApplication] [nio-8080-exec-2] org.hibernate.SQL                        : 
    select
        d1_0.provider_request_id,
        d1_0.id,
        d1_0.public_id,
        d1_0.url 
    from
        provider_documents d1_0 
    where
        d1_0.provider_request_id=?
Hibernate: 
    select
        d1_0.provider_request_id,
        d1_0.id,
        d1_0.public_id,
        d1_0.url 
    from
        provider_documents d1_0 
    where
        d1_0.provider_request_id=?
2025-11-09T12:54:30.299-08:00 DEBUG 17965 --- [JobsyApplication] [nio-8080-exec-7] org.hibernate.SQL                        : 
    select
        up1_0.id,
        up1_0.image_id,
        up1_0.url,
        up1_0.user_id,
        u1_0.id,
        u1_0.address_text,
        u1_0.avg_rating_cache,
        u1_0.bio,
        u1_0.country,
        u1_0.created_at,
        u1_0.curp,
        u1_0.firstname,
        u1_0.lastname,
        u1_0.lat,
        u1_0.lng,
        u1_0.password,
        u1_0.phone,
        u1_0.rfc_homoclave,
        u1_0.role,
        u1_0.service_radius_km,
        u1_0.username 
    from
        user_photos up1_0 
    join
        users u1_0 
            on u1_0.id=up1_0.user_id 
    where
        up1_0.user_id=?
Hibernate: 
    select
        up1_0.id,
        up1_0.image_id,
        up1_0.url,
        up1_0.user_id,
        u1_0.id,
        u1_0.address_text,
        u1_0.avg_rating_cache,
        u1_0.bio,
        u1_0.country,
        u1_0.created_at,
        u1_0.curp,
        u1_0.firstname,
        u1_0.lastname,
        u1_0.lat,
        u1_0.lng,
        u1_0.password,
        u1_0.phone,
        u1_0.rfc_homoclave,
        u1_0.role,
        u1_0.service_radius_km,
        u1_0.username 
    from
        user_photos up1_0 
    join
        users u1_0 
            on u1_0.id=up1_0.user_id 
    where
        up1_0.user_id=?
2025-11-09T12:54:30.387-08:00 DEBUG 17965 --- [JobsyApplication] [nio-8080-exec-2] org.hibernate.SQL                        : 
    select
        d1_0.provider_request_id,
        d1_0.id,
        d1_0.public_id,
        d1_0.url 
    from
        provider_documents d1_0 
    where
        d1_0.provider_request_id=?
Hibernate: 
    select
        d1_0.provider_request_id,
        d1_0.id,
        d1_0.public_id,
        d1_0.url 
    from
        provider_documents d1_0 
    where
        d1_0.provider_request_id=?
2025-11-09T12:54:30.479-08:00 DEBUG 17965 --- [JobsyApplication] [nio-8080-exec-2] org.hibernate.SQL                        : 
    select
        d1_0.provider_request_id,
        d1_0.id,
        d1_0.public_id,
        d1_0.url 
    from
        provider_documents d1_0 
    where
        d1_0.provider_request_id=?
Hibernate: 
    select
        d1_0.provider_request_id,
        d1_0.id,
        d1_0.public_id,
        d1_0.url 
    from
        provider_documents d1_0 
    where
        d1_0.provider_request_id=?
2025-11-09T12:54:30.539-08:00 DEBUG 17965 --- [JobsyApplication] [nio-8080-exec-8] org.hibernate.SQL                        : 
    /* <criteria> */ select
        u1_0.id,
        u1_0.address_text,
        u1_0.avg_rating_cache,
        u1_0.bio,
        u1_0.country,
        u1_0.created_at,
        u1_0.curp,
        u1_0.firstname,
        u1_0.lastname,
        u1_0.lat,
        u1_0.lng,
        u1_0.password,
        u1_0.phone,
        u1_0.rfc_homoclave,
        u1_0.role,
        u1_0.service_radius_km,
        u1_0.username 
    from
        users u1_0 
    where
        u1_0.username=?
Hibernate: 
    /* <criteria> */ select
        u1_0.id,
        u1_0.address_text,
        u1_0.avg_rating_cache,
        u1_0.bio,
        u1_0.country,
        u1_0.created_at,
        u1_0.curp,
        u1_0.firstname,
        u1_0.lastname,
        u1_0.lat,
        u1_0.lng,
        u1_0.password,
        u1_0.phone,
        u1_0.rfc_homoclave,
        u1_0.role,
        u1_0.service_radius_km,
        u1_0.username 
    from
        users u1_0 
    where
        u1_0.username=?
2025-11-09T12:54:30.568-08:00 DEBUG 17965 --- [JobsyApplication] [nio-8080-exec-2] org.hibernate.SQL                        : 
    select
        d1_0.provider_request_id,
        d1_0.id,
        d1_0.public_id,
        d1_0.url 
    from
        provider_documents d1_0 
    where
        d1_0.provider_request_id=?
Hibernate: 
    select
        d1_0.provider_request_id,
        d1_0.id,
        d1_0.public_id,
        d1_0.url 
    from
        provider_documents d1_0 
    where
        d1_0.provider_request_id=?
2025-11-09T12:54:30.632-08:00 DEBUG 17965 --- [JobsyApplication] [nio-8080-exec-8] org.hibernate.SQL                        : 
    select
        up1_0.id,
        up1_0.image_id,
        up1_0.url,
        up1_0.user_id,
        u1_0.id,
        u1_0.address_text,
        u1_0.avg_rating_cache,
        u1_0.bio,
        u1_0.country,
        u1_0.created_at,
        u1_0.curp,
        u1_0.firstname,
        u1_0.lastname,
        u1_0.lat,
        u1_0.lng,
        u1_0.password,
        u1_0.phone,
        u1_0.rfc_homoclave,
        u1_0.role,
        u1_0.service_radius_km,
        u1_0.username 
    from
        user_photos up1_0 
    join
        users u1_0 
            on u1_0.id=up1_0.user_id 
    where
        up1_0.user_id=?
Hibernate: 
    select
        up1_0.id,
        up1_0.image_id,
        up1_0.url,
        up1_0.user_id,
        u1_0.id,
        u1_0.address_text,
        u1_0.avg_rating_cache,
        u1_0.bio,
        u1_0.country,
        u1_0.created_at,
        u1_0.curp,
        u1_0.firstname,
        u1_0.lastname,
        u1_0.lat,
        u1_0.lng,
        u1_0.password,
        u1_0.phone,
        u1_0.rfc_homoclave,
        u1_0.role,
        u1_0.service_radius_km,
        u1_0.username 
    from
        user_photos up1_0 
    join
        users u1_0 
            on u1_0.id=up1_0.user_id 
    where
        up1_0.user_id=?
2025-11-09T12:54:30.656-08:00 DEBUG 17965 --- [JobsyApplication] [nio-8080-exec-2] org.hibernate.SQL                        : 
    select
        d1_0.provider_request_id,
        d1_0.id,
        d1_0.public_id,
        d1_0.url 
    from
        provider_documents d1_0 
    where
        d1_0.provider_request_id=?
Hibernate: 
    select
        d1_0.provider_request_id,
        d1_0.id,
        d1_0.public_id,
        d1_0.url 
    from
        provider_documents d1_0 
    where
        d1_0.provider_request_id=?
2025-11-09T12:54:30.746-08:00 DEBUG 17965 --- [JobsyApplication] [nio-8080-exec-2] org.hibernate.SQL                        : 
    select
        d1_0.provider_request_id,
        d1_0.id,
        d1_0.public_id,
        d1_0.url 
    from
        provider_documents d1_0 
    where
        d1_0.provider_request_id=?
Hibernate: 
    select
        d1_0.provider_request_id,
        d1_0.id,
        d1_0.public_id,
        d1_0.url 
    from
        provider_documents d1_0 
    where
        d1_0.provider_request_id=?
2025-11-09T12:54:30.835-08:00 DEBUG 17965 --- [JobsyApplication] [nio-8080-exec-2] org.hibernate.SQL                        : 
    select
        d1_0.provider_request_id,
        d1_0.id,
        d1_0.public_id,
        d1_0.url 
    from
        provider_documents d1_0 
    where
        d1_0.provider_request_id=?
Hibernate: 
    select
        d1_0.provider_request_id,
        d1_0.id,
        d1_0.public_id,
        d1_0.url 
    from
        provider_documents d1_0 
    where
        d1_0.provider_request_id=?
2025-11-09T12:54:30.925-08:00 DEBUG 17965 --- [JobsyApplication] [nio-8080-exec-2] org.hibernate.SQL                        : 
    select
        d1_0.provider_request_id,
        d1_0.id,
        d1_0.public_id,
        d1_0.url 
    from
        provider_documents d1_0 
    where
        d1_0.provider_request_id=?
Hibernate: 
    select
        d1_0.provider_request_id,
        d1_0.id,
        d1_0.public_id,
        d1_0.url 
    from
        provider_documents d1_0 
    where
        d1_0.provider_request_id=?
2025-11-09T12:54:30.954-08:00 DEBUG 17965 --- [JobsyApplication] [nio-8080-exec-5] org.hibernate.SQL                        : 
    /* <criteria> */ select
        u1_0.id,
        u1_0.address_text,
        u1_0.avg_rating_cache,
        u1_0.bio,
        u1_0.country,
        u1_0.created_at,
        u1_0.curp,
        u1_0.firstname,
        u1_0.lastname,
        u1_0.lat,
        u1_0.lng,
        u1_0.password,
        u1_0.phone,
        u1_0.rfc_homoclave,
        u1_0.role,
        u1_0.service_radius_km,
        u1_0.username 
    from
        users u1_0 
    where
        u1_0.username=?
Hibernate: 
    /* <criteria> */ select
        u1_0.id,
        u1_0.address_text,
        u1_0.avg_rating_cache,
        u1_0.bio,
        u1_0.country,
        u1_0.created_at,
        u1_0.curp,
        u1_0.firstname,
        u1_0.lastname,
        u1_0.lat,
        u1_0.lng,
        u1_0.password,
        u1_0.phone,
        u1_0.rfc_homoclave,
        u1_0.role,
        u1_0.service_radius_km,
        u1_0.username 
    from
        users u1_0 
    where
        u1_0.username=?
2025-11-09T12:54:31.125-08:00 DEBUG 17965 --- [JobsyApplication] [nio-8080-exec-5] org.hibernate.SQL                        : 
    select
        up1_0.id,
        up1_0.image_id,
        up1_0.url,
        up1_0.user_id,
        u1_0.id,
        u1_0.address_text,
        u1_0.avg_rating_cache,
        u1_0.bio,
        u1_0.country,
        u1_0.created_at,
        u1_0.curp,
        u1_0.firstname,
        u1_0.lastname,
        u1_0.lat,
        u1_0.lng,
        u1_0.password,
        u1_0.phone,
        u1_0.rfc_homoclave,
        u1_0.role,
        u1_0.service_radius_km,
        u1_0.username 
    from
        user_photos up1_0 
    join
        users u1_0 
            on u1_0.id=up1_0.user_id 
    where
        up1_0.user_id=?
Hibernate: 
    select
        up1_0.id,
        up1_0.image_id,
        up1_0.url,
        up1_0.user_id,
        u1_0.id,
        u1_0.address_text,
        u1_0.avg_rating_cache,
        u1_0.bio,
        u1_0.country,
        u1_0.created_at,
        u1_0.curp,
        u1_0.firstname,
        u1_0.lastname,
        u1_0.lat,
        u1_0.lng,
        u1_0.password,
        u1_0.phone,
        u1_0.rfc_homoclave,
        u1_0.role,
        u1_0.service_radius_km,
        u1_0.username 
    from
        user_photos up1_0 
    join
        users u1_0 
            on u1_0.id=up1_0.user_id 
    where
        up1_0.user_id=?
2025-11-09T12:54:32.441-08:00 DEBUG 17965 --- [JobsyApplication] [nio-8080-exec-4] org.hibernate.SQL                        : 
    /* <criteria> */ select
        u1_0.id,
        u1_0.address_text,
        u1_0.avg_rating_cache,
        u1_0.bio,
        u1_0.country,
        u1_0.created_at,
        u1_0.curp,
        u1_0.firstname,
        u1_0.lastname,
        u1_0.lat,
        u1_0.lng,
        u1_0.password,
        u1_0.phone,
        u1_0.rfc_homoclave,
        u1_0.role,
        u1_0.service_radius_km,
        u1_0.username 
    from
        users u1_0 
    where
        u1_0.username=?
Hibernate: 
    /* <criteria> */ select
        u1_0.id,
        u1_0.address_text,
        u1_0.avg_rating_cache,
        u1_0.bio,
        u1_0.country,
        u1_0.created_at,
        u1_0.curp,
        u1_0.firstname,
        u1_0.lastname,
        u1_0.lat,
        u1_0.lng,
        u1_0.password,
        u1_0.phone,
        u1_0.rfc_homoclave,
        u1_0.role,
        u1_0.service_radius_km,
        u1_0.username 
    from
        users u1_0 
    where
        u1_0.username=?
2025-11-09T12:54:32.618-08:00 DEBUG 17965 --- [JobsyApplication] [nio-8080-exec-4] org.hibernate.SQL                        : 
    select
        up1_0.id,
        up1_0.image_id,
        up1_0.url,
        up1_0.user_id,
        u1_0.id,
        u1_0.address_text,
        u1_0.avg_rating_cache,
        u1_0.bio,
        u1_0.country,
        u1_0.created_at,
        u1_0.curp,
        u1_0.firstname,
        u1_0.lastname,
        u1_0.lat,
        u1_0.lng,
        u1_0.password,
        u1_0.phone,
        u1_0.rfc_homoclave,
        u1_0.role,
        u1_0.service_radius_km,
        u1_0.username 
    from
        user_photos up1_0 
    join
        users u1_0 
            on u1_0.id=up1_0.user_id 
    where
        up1_0.user_id=?
Hibernate: 
    select
        up1_0.id,
        up1_0.image_id,
        up1_0.url,
        up1_0.user_id,
        u1_0.id,
        u1_0.address_text,
        u1_0.avg_rating_cache,
        u1_0.bio,
        u1_0.country,
        u1_0.created_at,
        u1_0.curp,
        u1_0.firstname,
        u1_0.lastname,
        u1_0.lat,
        u1_0.lng,
        u1_0.password,
        u1_0.phone,
        u1_0.rfc_homoclave,
        u1_0.role,
        u1_0.service_radius_km,
        u1_0.username 
    from
        user_photos up1_0 
    join
        users u1_0 
            on u1_0.id=up1_0.user_id 
    where
        up1_0.user_id=?
2025-11-09T12:54:32.724-08:00 DEBUG 17965 --- [JobsyApplication] [nio-8080-exec-4] org.hibernate.SQL                        : 
    select
        u1_0.id,
        u1_0.address_text,
        u1_0.avg_rating_cache,
        u1_0.bio,
        u1_0.country,
        u1_0.created_at,
        u1_0.curp,
        u1_0.firstname,
        u1_0.lastname,
        u1_0.lat,
        u1_0.lng,
        u1_0.password,
        u1_0.phone,
        u1_0.rfc_homoclave,
        u1_0.role,
        u1_0.service_radius_km,
        u1_0.username,
        wp1_0.user_id,
        wp1_0.id,
        wp1_0.image_id,
        wp1_0.uploaded_at,
        wp1_0.url 
    from
        users u1_0 
    left join
        user_work_photos wp1_0 
            on u1_0.id=wp1_0.user_id 
    where
        u1_0.id=?
Hibernate: 
    select
        u1_0.id,
        u1_0.address_text,
        u1_0.avg_rating_cache,
        u1_0.bio,
        u1_0.country,
        u1_0.created_at,
        u1_0.curp,
        u1_0.firstname,
        u1_0.lastname,
        u1_0.lat,
        u1_0.lng,
        u1_0.password,
        u1_0.phone,
        u1_0.rfc_homoclave,
        u1_0.role,
        u1_0.service_radius_km,
        u1_0.username,
        wp1_0.user_id,
        wp1_0.id,
        wp1_0.image_id,
        wp1_0.uploaded_at,
        wp1_0.url 
    from
        users u1_0 
    left join
        user_work_photos wp1_0 
            on u1_0.id=wp1_0.user_id 
    where
        u1_0.id=?
2025-11-09T12:54:32.812-08:00 DEBUG 17965 --- [JobsyApplication] [nio-8080-exec-4] org.hibernate.SQL                        : 
    select
        up1_0.id,
        up1_0.image_id,
        up1_0.url,
        up1_0.user_id,
        u1_0.id,
        u1_0.address_text,
        u1_0.avg_rating_cache,
        u1_0.bio,
        u1_0.country,
        u1_0.created_at,
        u1_0.curp,
        u1_0.firstname,
        u1_0.lastname,
        u1_0.lat,
        u1_0.lng,
        u1_0.password,
        u1_0.phone,
        u1_0.rfc_homoclave,
        u1_0.role,
        u1_0.service_radius_km,
        u1_0.username 
    from
        user_photos up1_0 
    join
        users u1_0 
            on u1_0.id=up1_0.user_id 
    where
        up1_0.user_id=?
Hibernate: 
    select
        up1_0.id,
        up1_0.image_id,
        up1_0.url,
        up1_0.user_id,
        u1_0.id,
        u1_0.address_text,
        u1_0.avg_rating_cache,
        u1_0.bio,
        u1_0.country,
        u1_0.created_at,
        u1_0.curp,
        u1_0.firstname,
        u1_0.lastname,
        u1_0.lat,
        u1_0.lng,
        u1_0.password,
        u1_0.phone,
        u1_0.rfc_homoclave,
        u1_0.role,
        u1_0.service_radius_km,
        u1_0.username 
    from
        user_photos up1_0 
    join
        users u1_0 
            on u1_0.id=up1_0.user_id 
    where
        up1_0.user_id=?
2025-11-09T12:54:32.926-08:00 DEBUG 17965 --- [JobsyApplication] [nio-8080-exec-4] org.hibernate.SQL                        : 
    /* update
        for com.fran.jobsy.app.entity.User */update users 
    set
        address_text=?,
        avg_rating_cache=?,
        bio=?,
        country=?,
        created_at=?,
        curp=?,
        firstname=?,
        lastname=?,
        lat=?,
        lng=?,
        password=?,
        phone=?,
        rfc_homoclave=?,
        role=?,
        service_radius_km=?,
        username=? 
    where
        id=?
Hibernate: 
    /* update
        for com.fran.jobsy.app.entity.User */update users 
    set
        address_text=?,
        avg_rating_cache=?,
        bio=?,
        country=?,
        created_at=?,
        curp=?,
        firstname=?,
        lastname=?,
        lat=?,
        lng=?,
        password=?,
        phone=?,
        rfc_homoclave=?,
        role=?,
        service_radius_km=?,
        username=? 
    where
        id=?
2025-11-09T12:54:33.336-08:00 DEBUG 17965 --- [JobsyApplication] [io-8080-exec-10] org.hibernate.SQL                        : 
    /* <criteria> */ select
        u1_0.id,
        u1_0.address_text,
        u1_0.avg_rating_cache,
        u1_0.bio,
        u1_0.country,
        u1_0.created_at,
        u1_0.curp,
        u1_0.firstname,
        u1_0.lastname,
        u1_0.lat,
        u1_0.lng,
        u1_0.password,
        u1_0.phone,
        u1_0.rfc_homoclave,
        u1_0.role,
        u1_0.service_radius_km,
        u1_0.username 
    from
        users u1_0 
    where
        u1_0.username=?
Hibernate: 
    /* <criteria> */ select
        u1_0.id,
        u1_0.address_text,
        u1_0.avg_rating_cache,
        u1_0.bio,
        u1_0.country,
        u1_0.created_at,
        u1_0.curp,
        u1_0.firstname,
        u1_0.lastname,
        u1_0.lat,
        u1_0.lng,
        u1_0.password,
        u1_0.phone,
        u1_0.rfc_homoclave,
        u1_0.role,
        u1_0.service_radius_km,
        u1_0.username 
    from
        users u1_0 
    where
        u1_0.username=?
2025-11-09T12:54:33.425-08:00 DEBUG 17965 --- [JobsyApplication] [io-8080-exec-10] org.hibernate.SQL                        : 
    select
        up1_0.id,
        up1_0.image_id,
        up1_0.url,
        up1_0.user_id,
        u1_0.id,
        u1_0.address_text,
        u1_0.avg_rating_cache,
        u1_0.bio,
        u1_0.country,
        u1_0.created_at,
        u1_0.curp,
        u1_0.firstname,
        u1_0.lastname,
        u1_0.lat,
        u1_0.lng,
        u1_0.password,
        u1_0.phone,
        u1_0.rfc_homoclave,
        u1_0.role,
        u1_0.service_radius_km,
        u1_0.username 
    from
        user_photos up1_0 
    join
        users u1_0 
            on u1_0.id=up1_0.user_id 
    where
        up1_0.user_id=?
Hibernate: 
    select
        up1_0.id,
        up1_0.image_id,
        up1_0.url,
        up1_0.user_id,
        u1_0.id,
        u1_0.address_text,
        u1_0.avg_rating_cache,
        u1_0.bio,
        u1_0.country,
        u1_0.created_at,
        u1_0.curp,
        u1_0.firstname,
        u1_0.lastname,
        u1_0.lat,
        u1_0.lng,
        u1_0.password,
        u1_0.phone,
        u1_0.rfc_homoclave,
        u1_0.role,
        u1_0.service_radius_km,
        u1_0.username 
    from
        user_photos up1_0 
    join
        users u1_0 
            on u1_0.id=up1_0.user_id 
    where
        up1_0.user_id=?
2025-11-09T12:54:33.519-08:00 DEBUG 17965 --- [JobsyApplication] [io-8080-exec-10] org.hibernate.SQL                        : 
    select
        u1_0.id,
        u1_0.address_text,
        u1_0.avg_rating_cache,
        u1_0.bio,
        u1_0.country,
        u1_0.created_at,
        u1_0.curp,
        u1_0.firstname,
        u1_0.lastname,
        u1_0.lat,
        u1_0.lng,
        u1_0.password,
        u1_0.phone,
        u1_0.rfc_homoclave,
        u1_0.role,
        u1_0.service_radius_km,
        u1_0.username,
        wp1_0.user_id,
        wp1_0.id,
        wp1_0.image_id,
        wp1_0.uploaded_at,
        wp1_0.url 
    from
        users u1_0 
    left join
        user_work_photos wp1_0 
            on u1_0.id=wp1_0.user_id 
    where
        u1_0.id=?
Hibernate: 
    select
        u1_0.id,
        u1_0.address_text,
        u1_0.avg_rating_cache,
        u1_0.bio,
        u1_0.country,
        u1_0.created_at,
        u1_0.curp,
        u1_0.firstname,
        u1_0.lastname,
        u1_0.lat,
        u1_0.lng,
        u1_0.password,
        u1_0.phone,
        u1_0.rfc_homoclave,
        u1_0.role,
        u1_0.service_radius_km,
        u1_0.username,
        wp1_0.user_id,
        wp1_0.id,
        wp1_0.image_id,
        wp1_0.uploaded_at,
        wp1_0.url 
    from
        users u1_0 
    left join
        user_work_photos wp1_0 
            on u1_0.id=wp1_0.user_id 
    where
        u1_0.id=?
2025-11-09T12:54:33.609-08:00 DEBUG 17965 --- [JobsyApplication] [io-8080-exec-10] org.hibernate.SQL                        : 
    select
        up1_0.id,
        up1_0.image_id,
        up1_0.url,
        up1_0.user_id,
        u1_0.id,
        u1_0.address_text,
        u1_0.avg_rating_cache,
        u1_0.bio,
        u1_0.country,
        u1_0.created_at,
        u1_0.curp,
        u1_0.firstname,
        u1_0.lastname,
        u1_0.lat,
        u1_0.lng,
        u1_0.password,
        u1_0.phone,
        u1_0.rfc_homoclave,
        u1_0.role,
        u1_0.service_radius_km,
        u1_0.username 
    from
        user_photos up1_0 
    join
        users u1_0 
            on u1_0.id=up1_0.user_id 
    where
        up1_0.user_id=?
Hibernate: 
    select
        up1_0.id,
        up1_0.image_id,
        up1_0.url,
        up1_0.user_id,
        u1_0.id,
        u1_0.address_text,
        u1_0.avg_rating_cache,
        u1_0.bio,
        u1_0.country,
        u1_0.created_at,
        u1_0.curp,
        u1_0.firstname,
        u1_0.lastname,
        u1_0.lat,
        u1_0.lng,
        u1_0.password,
        u1_0.phone,
        u1_0.rfc_homoclave,
        u1_0.role,
        u1_0.service_radius_km,
        u1_0.username 
    from
        user_photos up1_0 
    join
        users u1_0 
            on u1_0.id=up1_0.user_id 
    where
        up1_0.user_id=?
2025-11-09T12:54:34.829-08:00 DEBUG 17965 --- [JobsyApplication] [nio-8080-exec-7] org.hibernate.SQL                        : 
    /* <criteria> */ select
        u1_0.id,
        u1_0.address_text,
        u1_0.avg_rating_cache,
        u1_0.bio,
        u1_0.country,
        u1_0.created_at,
        u1_0.curp,
        u1_0.firstname,
        u1_0.lastname,
        u1_0.lat,
        u1_0.lng,
        u1_0.password,
        u1_0.phone,
        u1_0.rfc_homoclave,
        u1_0.role,
        u1_0.service_radius_km,
        u1_0.username 
    from
        users u1_0 
    where
        u1_0.username=?
Hibernate: 
    /* <criteria> */ select
        u1_0.id,
        u1_0.address_text,
        u1_0.avg_rating_cache,
        u1_0.bio,
        u1_0.country,
        u1_0.created_at,
        u1_0.curp,
        u1_0.firstname,
        u1_0.lastname,
        u1_0.lat,
        u1_0.lng,
        u1_0.password,
        u1_0.phone,
        u1_0.rfc_homoclave,
        u1_0.role,
        u1_0.service_radius_km,
        u1_0.username 
    from
        users u1_0 
    where
        u1_0.username=?
2025-11-09T12:54:35.008-08:00 DEBUG 17965 --- [JobsyApplication] [nio-8080-exec-7] org.hibernate.SQL                        : 
    select
        up1_0.id,
        up1_0.image_id,
        up1_0.url,
        up1_0.user_id,
        u1_0.id,
        u1_0.address_text,
        u1_0.avg_rating_cache,
        u1_0.bio,
        u1_0.country,
        u1_0.created_at,
        u1_0.curp,
        u1_0.firstname,
        u1_0.lastname,
        u1_0.lat,
        u1_0.lng,
        u1_0.password,
        u1_0.phone,
        u1_0.rfc_homoclave,
        u1_0.role,
        u1_0.service_radius_km,
        u1_0.username 
    from
        user_photos up1_0 
    join
        users u1_0 
            on u1_0.id=up1_0.user_id 
    where
        up1_0.user_id=?
Hibernate: 
    select
        up1_0.id,
        up1_0.image_id,
        up1_0.url,
        up1_0.user_id,
        u1_0.id,
        u1_0.address_text,
        u1_0.avg_rating_cache,
        u1_0.bio,
        u1_0.country,
        u1_0.created_at,
        u1_0.curp,
        u1_0.firstname,
        u1_0.lastname,
        u1_0.lat,
        u1_0.lng,
        u1_0.password,
        u1_0.phone,
        u1_0.rfc_homoclave,
        u1_0.role,
        u1_0.service_radius_km,
        u1_0.username 
    from
        user_photos up1_0 
    join
        users u1_0 
            on u1_0.id=up1_0.user_id 
    where
        up1_0.user_id=?
2025-11-09T12:54:35.101-08:00 DEBUG 17965 --- [JobsyApplication] [nio-8080-exec-7] org.hibernate.SQL                        : 
    /* <criteria> */ select
        pr1_0.id,
        pr1_0.address_text,
        pr1_0.bio,
        pr1_0.created_at,
        pr1_0.curp,
        pr1_0.rejection_reason,
        pr1_0.reviewed_at,
        pr1_0.reviewed_by,
        pr1_0.rfc_homoclave,
        pr1_0.status,
        pr1_0.updated_at,
        pr1_0.user_id 
    from
        provider_applies pr1_0 
    offset
        ? rows 
    fetch
        first ? rows only
Hibernate: 
    /* <criteria> */ select
        pr1_0.id,
        pr1_0.address_text,
        pr1_0.bio,
        pr1_0.created_at,
        pr1_0.curp,
        pr1_0.rejection_reason,
        pr1_0.reviewed_at,
        pr1_0.reviewed_by,
        pr1_0.rfc_homoclave,
        pr1_0.status,
        pr1_0.updated_at,
        pr1_0.user_id 
    from
        provider_applies pr1_0 
    offset
        ? rows 
    fetch
        first ? rows only
2025-11-09T12:54:35.278-08:00 DEBUG 17965 --- [JobsyApplication] [nio-8080-exec-7] org.hibernate.SQL                        : 
    select
        u1_0.id,
        u1_0.address_text,
        u1_0.avg_rating_cache,
        u1_0.bio,
        u1_0.country,
        u1_0.created_at,
        u1_0.curp,
        u1_0.firstname,
        u1_0.lastname,
        u1_0.lat,
        u1_0.lng,
        u1_0.password,
        u1_0.phone,
        p1_0.id,
        p1_0.image_id,
        p1_0.url,
        p1_0.user_id,
        u1_0.rfc_homoclave,
        u1_0.role,
        u1_0.service_radius_km,
        u1_0.username 
    from
        users u1_0 
    left join
        user_photos p1_0 
            on u1_0.id=p1_0.user_id 
    where
        u1_0.id=?
Hibernate: 
    select
        u1_0.id,
        u1_0.address_text,
        u1_0.avg_rating_cache,
        u1_0.bio,
        u1_0.country,
        u1_0.created_at,
        u1_0.curp,
        u1_0.firstname,
        u1_0.lastname,
        u1_0.lat,
        u1_0.lng,
        u1_0.password,
        u1_0.phone,
        p1_0.id,
        p1_0.image_id,
        p1_0.url,
        p1_0.user_id,
        u1_0.rfc_homoclave,
        u1_0.role,
        u1_0.service_radius_km,
        u1_0.username 
    from
        users u1_0 
    left join
        user_photos p1_0 
            on u1_0.id=p1_0.user_id 
    where
        u1_0.id=?
2025-11-09T12:54:35.368-08:00 DEBUG 17965 --- [JobsyApplication] [nio-8080-exec-7] org.hibernate.SQL                        : 
    select
        u1_0.id,
        u1_0.address_text,
        u1_0.avg_rating_cache,
        u1_0.bio,
        u1_0.country,
        u1_0.created_at,
        u1_0.curp,
        u1_0.firstname,
        u1_0.lastname,
        u1_0.lat,
        u1_0.lng,
        u1_0.password,
        u1_0.phone,
        p1_0.id,
        p1_0.image_id,
        p1_0.url,
        p1_0.user_id,
        u1_0.rfc_homoclave,
        u1_0.role,
        u1_0.service_radius_km,
        u1_0.username 
    from
        users u1_0 
    left join
        user_photos p1_0 
            on u1_0.id=p1_0.user_id 
    where
        u1_0.id=?
Hibernate: 
    select
        u1_0.id,
        u1_0.address_text,
        u1_0.avg_rating_cache,
        u1_0.bio,
        u1_0.country,
        u1_0.created_at,
        u1_0.curp,
        u1_0.firstname,
        u1_0.lastname,
        u1_0.lat,
        u1_0.lng,
        u1_0.password,
        u1_0.phone,
        p1_0.id,
        p1_0.image_id,
        p1_0.url,
        p1_0.user_id,
        u1_0.rfc_homoclave,
        u1_0.role,
        u1_0.service_radius_km,
        u1_0.username 
    from
        users u1_0 
    left join
        user_photos p1_0 
            on u1_0.id=p1_0.user_id 
    where
        u1_0.id=?
2025-11-09T12:54:35.460-08:00 DEBUG 17965 --- [JobsyApplication] [nio-8080-exec-7] org.hibernate.SQL                        : 
    select
        d1_0.provider_request_id,
        d1_0.id,
        d1_0.public_id,
        d1_0.url 
    from
        provider_documents d1_0 
    where
        d1_0.provider_request_id=?
Hibernate: 
    select
        d1_0.provider_request_id,
        d1_0.id,
        d1_0.public_id,
        d1_0.url 
    from
        provider_documents d1_0 
    where
        d1_0.provider_request_id=?
2025-11-09T12:54:35.551-08:00 DEBUG 17965 --- [JobsyApplication] [nio-8080-exec-7] org.hibernate.SQL                        : 
    select
        d1_0.provider_request_id,
        d1_0.id,
        d1_0.public_id,
        d1_0.url 
    from
        provider_documents d1_0 
    where
        d1_0.provider_request_id=?
Hibernate: 
    select
        d1_0.provider_request_id,
        d1_0.id,
        d1_0.public_id,
        d1_0.url 
    from
        provider_documents d1_0 
    where
        d1_0.provider_request_id=?
2025-11-09T12:54:35.642-08:00 DEBUG 17965 --- [JobsyApplication] [nio-8080-exec-7] org.hibernate.SQL                        : 
    select
        d1_0.provider_request_id,
        d1_0.id,
        d1_0.public_id,
        d1_0.url 
    from
        provider_documents d1_0 
    where
        d1_0.provider_request_id=?
Hibernate: 
    select
        d1_0.provider_request_id,
        d1_0.id,
        d1_0.public_id,
        d1_0.url 
    from
        provider_documents d1_0 
    where
        d1_0.provider_request_id=?
2025-11-09T12:54:35.731-08:00 DEBUG 17965 --- [JobsyApplication] [nio-8080-exec-7] org.hibernate.SQL                        : 
    select
        d1_0.provider_request_id,
        d1_0.id,
        d1_0.public_id,
        d1_0.url 
    from
        provider_documents d1_0 
    where
        d1_0.provider_request_id=?
Hibernate: 
    select
        d1_0.provider_request_id,
        d1_0.id,
        d1_0.public_id,
        d1_0.url 
    from
        provider_documents d1_0 
    where
        d1_0.provider_request_id=?
2025-11-09T12:54:35.820-08:00 DEBUG 17965 --- [JobsyApplication] [nio-8080-exec-7] org.hibernate.SQL                        : 
    select
        d1_0.provider_request_id,
        d1_0.id,
        d1_0.public_id,
        d1_0.url 
    from
        provider_documents d1_0 
    where
        d1_0.provider_request_id=?
Hibernate: 
    select
        d1_0.provider_request_id,
        d1_0.id,
        d1_0.public_id,
        d1_0.url 
    from
        provider_documents d1_0 
    where
        d1_0.provider_request_id=?
2025-11-09T12:54:35.909-08:00 DEBUG 17965 --- [JobsyApplication] [nio-8080-exec-7] org.hibernate.SQL                        : 
    select
        d1_0.provider_request_id,
        d1_0.id,
        d1_0.public_id,
        d1_0.url 
    from
        provider_documents d1_0 
    where
        d1_0.provider_request_id=?
Hibernate: 
    select
        d1_0.provider_request_id,
        d1_0.id,
        d1_0.public_id,
        d1_0.url 
    from
        provider_documents d1_0 
    where
        d1_0.provider_request_id=?
2025-11-09T12:54:35.997-08:00 DEBUG 17965 --- [JobsyApplication] [nio-8080-exec-7] org.hibernate.SQL                        : 
    select
        d1_0.provider_request_id,
        d1_0.id,
        d1_0.public_id,
        d1_0.url 
    from
        provider_documents d1_0 
    where
        d1_0.provider_request_id=?
Hibernate: 
    select
        d1_0.provider_request_id,
        d1_0.id,
        d1_0.public_id,
        d1_0.url 
    from
        provider_documents d1_0 
    where
        d1_0.provider_request_id=?
2025-11-09T12:54:36.087-08:00 DEBUG 17965 --- [JobsyApplication] [nio-8080-exec-7] org.hibernate.SQL                        : 
    select
        d1_0.provider_request_id,
        d1_0.id,
        d1_0.public_id,
        d1_0.url 
    from
        provider_documents d1_0 
    where
        d1_0.provider_request_id=?
Hibernate: 
    select
        d1_0.provider_request_id,
        d1_0.id,
        d1_0.public_id,
        d1_0.url 
    from
        provider_documents d1_0 
    where
        d1_0.provider_request_id=?
2025-11-09T12:54:38.364-08:00 DEBUG 17965 --- [JobsyApplication] [nio-8080-exec-9] org.hibernate.SQL                        : 
    /* <criteria> */ select
        u1_0.id,
        u1_0.address_text,
        u1_0.avg_rating_cache,
        u1_0.bio,
        u1_0.country,
        u1_0.created_at,
        u1_0.curp,
        u1_0.firstname,
        u1_0.lastname,
        u1_0.lat,
        u1_0.lng,
        u1_0.password,
        u1_0.phone,
        u1_0.rfc_homoclave,
        u1_0.role,
        u1_0.service_radius_km,
        u1_0.username 
    from
        users u1_0 
    where
        u1_0.username=?
Hibernate: 
    /* <criteria> */ select
        u1_0.id,
        u1_0.address_text,
        u1_0.avg_rating_cache,
        u1_0.bio,
        u1_0.country,
        u1_0.created_at,
        u1_0.curp,
        u1_0.firstname,
        u1_0.lastname,
        u1_0.lat,
        u1_0.lng,
        u1_0.password,
        u1_0.phone,
        u1_0.rfc_homoclave,
        u1_0.role,
        u1_0.service_radius_km,
        u1_0.username 
    from
        users u1_0 
    where
        u1_0.username=?
2025-11-09T12:54:38.543-08:00 DEBUG 17965 --- [JobsyApplication] [nio-8080-exec-9] org.hibernate.SQL                        : 
    select
        up1_0.id,
        up1_0.image_id,
        up1_0.url,
        up1_0.user_id,
        u1_0.id,
        u1_0.address_text,
        u1_0.avg_rating_cache,
        u1_0.bio,
        u1_0.country,
        u1_0.created_at,
        u1_0.curp,
        u1_0.firstname,
        u1_0.lastname,
        u1_0.lat,
        u1_0.lng,
        u1_0.password,
        u1_0.phone,
        u1_0.rfc_homoclave,
        u1_0.role,
        u1_0.service_radius_km,
        u1_0.username 
    from
        user_photos up1_0 
    join
        users u1_0 
            on u1_0.id=up1_0.user_id 
    where
        up1_0.user_id=?
Hibernate: 
    select
        up1_0.id,
        up1_0.image_id,
        up1_0.url,
        up1_0.user_id,
        u1_0.id,
        u1_0.address_text,
        u1_0.avg_rating_cache,
        u1_0.bio,
        u1_0.country,
        u1_0.created_at,
        u1_0.curp,
        u1_0.firstname,
        u1_0.lastname,
        u1_0.lat,
        u1_0.lng,
        u1_0.password,
        u1_0.phone,
        u1_0.rfc_homoclave,
        u1_0.role,
        u1_0.service_radius_km,
        u1_0.username 
    from
        user_photos up1_0 
    join
        users u1_0 
            on u1_0.id=up1_0.user_id 
    where
        up1_0.user_id=?
2025-11-09T12:54:38.639-08:00 DEBUG 17965 --- [JobsyApplication] [nio-8080-exec-9] org.hibernate.SQL                        : 
    select
        u1_0.id,
        u1_0.address_text,
        u1_0.avg_rating_cache,
        u1_0.bio,
        u1_0.country,
        u1_0.created_at,
        u1_0.curp,
        u1_0.firstname,
        u1_0.lastname,
        u1_0.lat,
        u1_0.lng,
        u1_0.password,
        u1_0.phone,
        u1_0.rfc_homoclave,
        u1_0.role,
        u1_0.service_radius_km,
        u1_0.username,
        wp1_0.user_id,
        wp1_0.id,
        wp1_0.image_id,
        wp1_0.uploaded_at,
        wp1_0.url 
    from
        users u1_0 
    left join
        user_work_photos wp1_0 
            on u1_0.id=wp1_0.user_id 
    where
        u1_0.id=?
Hibernate: 
    select
        u1_0.id,
        u1_0.address_text,
        u1_0.avg_rating_cache,
        u1_0.bio,
        u1_0.country,
        u1_0.created_at,
        u1_0.curp,
        u1_0.firstname,
        u1_0.lastname,
        u1_0.lat,
        u1_0.lng,
        u1_0.password,
        u1_0.phone,
        u1_0.rfc_homoclave,
        u1_0.role,
        u1_0.service_radius_km,
        u1_0.username,
        wp1_0.user_id,
        wp1_0.id,
        wp1_0.image_id,
        wp1_0.uploaded_at,
        wp1_0.url 
    from
        users u1_0 
    left join
        user_work_photos wp1_0 
            on u1_0.id=wp1_0.user_id 
    where
        u1_0.id=?
2025-11-09T12:54:38.731-08:00 DEBUG 17965 --- [JobsyApplication] [nio-8080-exec-9] org.hibernate.SQL                        : 
    select
        up1_0.id,
        up1_0.image_id,
        up1_0.url,
        up1_0.user_id,
        u1_0.id,
        u1_0.address_text,
        u1_0.avg_rating_cache,
        u1_0.bio,
        u1_0.country,
        u1_0.created_at,
        u1_0.curp,
        u1_0.firstname,
        u1_0.lastname,
        u1_0.lat,
        u1_0.lng,
        u1_0.password,
        u1_0.phone,
        u1_0.rfc_homoclave,
        u1_0.role,
        u1_0.service_radius_km,
        u1_0.username 
    from
        user_photos up1_0 
    join
        users u1_0 
            on u1_0.id=up1_0.user_id 
    where
        up1_0.user_id=?
Hibernate: 
    select
        up1_0.id,
        up1_0.image_id,
        up1_0.url,
        up1_0.user_id,
        u1_0.id,
        u1_0.address_text,
        u1_0.avg_rating_cache,
        u1_0.bio,
        u1_0.country,
        u1_0.created_at,
        u1_0.curp,
        u1_0.firstname,
        u1_0.lastname,
        u1_0.lat,
        u1_0.lng,
        u1_0.password,
        u1_0.phone,
        u1_0.rfc_homoclave,
        u1_0.role,
        u1_0.service_radius_km,
        u1_0.username 
    from
        user_photos up1_0 
    join
        users u1_0 
            on u1_0.id=up1_0.user_id 
    where
        up1_0.user_id=?
2025-11-09T12:54:38.823-08:00 DEBUG 17965 --- [JobsyApplication] [nio-8080-exec-9] org.hibernate.SQL                        : 
    /* update
        for com.fran.jobsy.app.entity.User */update users 
    set
        address_text=?,
        avg_rating_cache=?,
        bio=?,
        country=?,
        created_at=?,
        curp=?,
        firstname=?,
        lastname=?,
        lat=?,
        lng=?,
        password=?,
        phone=?,
        rfc_homoclave=?,
        role=?,
        service_radius_km=?,
        username=? 
    where
        id=?
Hibernate: 
    /* update
        for com.fran.jobsy.app.entity.User */update users 
    set
        address_text=?,
        avg_rating_cache=?,
        bio=?,
        country=?,
        created_at=?,
        curp=?,
        firstname=?,
        lastname=?,
        lat=?,
        lng=?,
        password=?,
        phone=?,
        rfc_homoclave=?,
        role=?,
        service_radius_km=?,
        username=? 
    where
        id=?
2025-11-09T12:54:39.175-08:00 DEBUG 17965 --- [JobsyApplication] [nio-8080-exec-8] org.hibernate.SQL                        : 
    /* <criteria> */ select
        u1_0.id,
        u1_0.address_text,
        u1_0.avg_rating_cache,
        u1_0.bio,
        u1_0.country,
        u1_0.created_at,
        u1_0.curp,
        u1_0.firstname,
        u1_0.lastname,
        u1_0.lat,
        u1_0.lng,
        u1_0.password,
        u1_0.phone,
        u1_0.rfc_homoclave,
        u1_0.role,
        u1_0.service_radius_km,
        u1_0.username 
    from
        users u1_0 
    where
        u1_0.username=?
Hibernate: 
    /* <criteria> */ select
        u1_0.id,
        u1_0.address_text,
        u1_0.avg_rating_cache,
        u1_0.bio,
        u1_0.country,
        u1_0.created_at,
        u1_0.curp,
        u1_0.firstname,
        u1_0.lastname,
        u1_0.lat,
        u1_0.lng,
        u1_0.password,
        u1_0.phone,
        u1_0.rfc_homoclave,
        u1_0.role,
        u1_0.service_radius_km,
        u1_0.username 
    from
        users u1_0 
    where
        u1_0.username=?
2025-11-09T12:54:39.264-08:00 DEBUG 17965 --- [JobsyApplication] [nio-8080-exec-8] org.hibernate.SQL                        : 
    select
        up1_0.id,
        up1_0.image_id,
        up1_0.url,
        up1_0.user_id,
        u1_0.id,
        u1_0.address_text,
        u1_0.avg_rating_cache,
        u1_0.bio,
        u1_0.country,
        u1_0.created_at,
        u1_0.curp,
        u1_0.firstname,
        u1_0.lastname,
        u1_0.lat,
        u1_0.lng,
        u1_0.password,
        u1_0.phone,
        u1_0.rfc_homoclave,
        u1_0.role,
        u1_0.service_radius_km,
        u1_0.username 
    from
        user_photos up1_0 
    join
        users u1_0 
            on u1_0.id=up1_0.user_id 
    where
        up1_0.user_id=?
Hibernate: 
    select
        up1_0.id,
        up1_0.image_id,
        up1_0.url,
        up1_0.user_id,
        u1_0.id,
        u1_0.address_text,
        u1_0.avg_rating_cache,
        u1_0.bio,
        u1_0.country,
        u1_0.created_at,
        u1_0.curp,
        u1_0.firstname,
        u1_0.lastname,
        u1_0.lat,
        u1_0.lng,
        u1_0.password,
        u1_0.phone,
        u1_0.rfc_homoclave,
        u1_0.role,
        u1_0.service_radius_km,
        u1_0.username 
    from
        user_photos up1_0 
    join
        users u1_0 
            on u1_0.id=up1_0.user_id 
    where
        up1_0.user_id=?
2025-11-09T12:54:39.360-08:00 DEBUG 17965 --- [JobsyApplication] [nio-8080-exec-8] org.hibernate.SQL                        : 
    select
        u1_0.id,
        u1_0.address_text,
        u1_0.avg_rating_cache,
        u1_0.bio,
        u1_0.country,
        u1_0.created_at,
        u1_0.curp,
        u1_0.firstname,
        u1_0.lastname,
        u1_0.lat,
        u1_0.lng,
        u1_0.password,
        u1_0.phone,
        u1_0.rfc_homoclave,
        u1_0.role,
        u1_0.service_radius_km,
        u1_0.username,
        wp1_0.user_id,
        wp1_0.id,
        wp1_0.image_id,
        wp1_0.uploaded_at,
        wp1_0.url 
    from
        users u1_0 
    left join
        user_work_photos wp1_0 
            on u1_0.id=wp1_0.user_id 
    where
        u1_0.id=?
Hibernate: 
    select
        u1_0.id,
        u1_0.address_text,
        u1_0.avg_rating_cache,
        u1_0.bio,
        u1_0.country,
        u1_0.created_at,
        u1_0.curp,
        u1_0.firstname,
        u1_0.lastname,
        u1_0.lat,
        u1_0.lng,
        u1_0.password,
        u1_0.phone,
        u1_0.rfc_homoclave,
        u1_0.role,
        u1_0.service_radius_km,
        u1_0.username,
        wp1_0.user_id,
        wp1_0.id,
        wp1_0.image_id,
        wp1_0.uploaded_at,
        wp1_0.url 
    from
        users u1_0 
    left join
        user_work_photos wp1_0 
            on u1_0.id=wp1_0.user_id 
    where
        u1_0.id=?
2025-11-09T12:54:39.449-08:00 DEBUG 17965 --- [JobsyApplication] [nio-8080-exec-8] org.hibernate.SQL                        : 
    select
        up1_0.id,
        up1_0.image_id,
        up1_0.url,
        up1_0.user_id,
        u1_0.id,
        u1_0.address_text,
        u1_0.avg_rating_cache,
        u1_0.bio,
        u1_0.country,
        u1_0.created_at,
        u1_0.curp,
        u1_0.firstname,
        u1_0.lastname,
        u1_0.lat,
        u1_0.lng,
        u1_0.password,
        u1_0.phone,
        u1_0.rfc_homoclave,
        u1_0.role,
        u1_0.service_radius_km,
        u1_0.username 
    from
        user_photos up1_0 
    join
        users u1_0 
            on u1_0.id=up1_0.user_id 
    where
        up1_0.user_id=?
Hibernate: 
    select
        up1_0.id,
        up1_0.image_id,
        up1_0.url,
        up1_0.user_id,
        u1_0.id,
        u1_0.address_text,
        u1_0.avg_rating_cache,
        u1_0.bio,
        u1_0.country,
        u1_0.created_at,
        u1_0.curp,
        u1_0.firstname,
        u1_0.lastname,
        u1_0.lat,
        u1_0.lng,
        u1_0.password,
        u1_0.phone,
        u1_0.rfc_homoclave,
        u1_0.role,
        u1_0.service_radius_km,
        u1_0.username 
    from
        user_photos up1_0 
    join
        users u1_0 
            on u1_0.id=up1_0.user_id 
    where
        up1_0.user_id=?
2025-11-09T12:54:39.690-08:00 DEBUG 17965 --- [JobsyApplication] [nio-8080-exec-2] org.hibernate.SQL                        : 
    /* <criteria> */ select
        u1_0.id,
        u1_0.address_text,
        u1_0.avg_rating_cache,
        u1_0.bio,
        u1_0.country,
        u1_0.created_at,
        u1_0.curp,
        u1_0.firstname,
        u1_0.lastname,
        u1_0.lat,
        u1_0.lng,
        u1_0.password,
        u1_0.phone,
        u1_0.rfc_homoclave,
        u1_0.role,
        u1_0.service_radius_km,
        u1_0.username 
    from
        users u1_0 
    where
        u1_0.username=?
Hibernate: 
    /* <criteria> */ select
        u1_0.id,
        u1_0.address_text,
        u1_0.avg_rating_cache,
        u1_0.bio,
        u1_0.country,
        u1_0.created_at,
        u1_0.curp,
        u1_0.firstname,
        u1_0.lastname,
        u1_0.lat,
        u1_0.lng,
        u1_0.password,
        u1_0.phone,
        u1_0.rfc_homoclave,
        u1_0.role,
        u1_0.service_radius_km,
        u1_0.username 
    from
        users u1_0 
    where
        u1_0.username=?
2025-11-09T12:54:39.867-08:00 DEBUG 17965 --- [JobsyApplication] [nio-8080-exec-2] org.hibernate.SQL                        : 
    select
        up1_0.id,
        up1_0.image_id,
        up1_0.url,
        up1_0.user_id,
        u1_0.id,
        u1_0.address_text,
        u1_0.avg_rating_cache,
        u1_0.bio,
        u1_0.country,
        u1_0.created_at,
        u1_0.curp,
        u1_0.firstname,
        u1_0.lastname,
        u1_0.lat,
        u1_0.lng,
        u1_0.password,
        u1_0.phone,
        u1_0.rfc_homoclave,
        u1_0.role,
        u1_0.service_radius_km,
        u1_0.username 
    from
        user_photos up1_0 
    join
        users u1_0 
            on u1_0.id=up1_0.user_id 
    where
        up1_0.user_id=?
Hibernate: 
    select
        up1_0.id,
        up1_0.image_id,
        up1_0.url,
        up1_0.user_id,
        u1_0.id,
        u1_0.address_text,
        u1_0.avg_rating_cache,
        u1_0.bio,
        u1_0.country,
        u1_0.created_at,
        u1_0.curp,
        u1_0.firstname,
        u1_0.lastname,
        u1_0.lat,
        u1_0.lng,
        u1_0.password,
        u1_0.phone,
        u1_0.rfc_homoclave,
        u1_0.role,
        u1_0.service_radius_km,
        u1_0.username 
    from
        user_photos up1_0 
    join
        users u1_0 
            on u1_0.id=up1_0.user_id 
    where
        up1_0.user_id=?
2025-11-09T12:54:39.960-08:00 DEBUG 17965 --- [JobsyApplication] [nio-8080-exec-2] org.hibernate.SQL                        : 
    /* <criteria> */ select
        pr1_0.id,
        pr1_0.address_text,
        pr1_0.bio,
        pr1_0.created_at,
        pr1_0.curp,
        pr1_0.rejection_reason,
        pr1_0.reviewed_at,
        pr1_0.reviewed_by,
        pr1_0.rfc_homoclave,
        pr1_0.status,
        pr1_0.updated_at,
        pr1_0.user_id 
    from
        provider_applies pr1_0 
    offset
        ? rows 
    fetch
        first ? rows only
Hibernate: 
    /* <criteria> */ select
        pr1_0.id,
        pr1_0.address_text,
        pr1_0.bio,
        pr1_0.created_at,
        pr1_0.curp,
        pr1_0.rejection_reason,
        pr1_0.reviewed_at,
        pr1_0.reviewed_by,
        pr1_0.rfc_homoclave,
        pr1_0.status,
        pr1_0.updated_at,
        pr1_0.user_id 
    from
        provider_applies pr1_0 
    offset
        ? rows 
    fetch
        first ? rows only
2025-11-09T12:54:40.049-08:00 DEBUG 17965 --- [JobsyApplication] [nio-8080-exec-2] org.hibernate.SQL                        : 
    select
        u1_0.id,
        u1_0.address_text,
        u1_0.avg_rating_cache,
        u1_0.bio,
        u1_0.country,
        u1_0.created_at,
        u1_0.curp,
        u1_0.firstname,
        u1_0.lastname,
        u1_0.lat,
        u1_0.lng,
        u1_0.password,
        u1_0.phone,
        p1_0.id,
        p1_0.image_id,
        p1_0.url,
        p1_0.user_id,
        u1_0.rfc_homoclave,
        u1_0.role,
        u1_0.service_radius_km,
        u1_0.username 
    from
        users u1_0 
    left join
        user_photos p1_0 
            on u1_0.id=p1_0.user_id 
    where
        u1_0.id=?
Hibernate: 
    select
        u1_0.id,
        u1_0.address_text,
        u1_0.avg_rating_cache,
        u1_0.bio,
        u1_0.country,
        u1_0.created_at,
        u1_0.curp,
        u1_0.firstname,
        u1_0.lastname,
        u1_0.lat,
        u1_0.lng,
        u1_0.password,
        u1_0.phone,
        p1_0.id,
        p1_0.image_id,
        p1_0.url,
        p1_0.user_id,
        u1_0.rfc_homoclave,
        u1_0.role,
        u1_0.service_radius_km,
        u1_0.username 
    from
        users u1_0 
    left join
        user_photos p1_0 
            on u1_0.id=p1_0.user_id 
    where
        u1_0.id=?
2025-11-09T12:54:40.141-08:00 DEBUG 17965 --- [JobsyApplication] [nio-8080-exec-2] org.hibernate.SQL                        : 
    select
        u1_0.id,
        u1_0.address_text,
        u1_0.avg_rating_cache,
        u1_0.bio,
        u1_0.country,
        u1_0.created_at,
        u1_0.curp,
        u1_0.firstname,
        u1_0.lastname,
        u1_0.lat,
        u1_0.lng,
        u1_0.password,
        u1_0.phone,
        p1_0.id,
        p1_0.image_id,
        p1_0.url,
        p1_0.user_id,
        u1_0.rfc_homoclave,
        u1_0.role,
        u1_0.service_radius_km,
        u1_0.username 
    from
        users u1_0 
    left join
        user_photos p1_0 
            on u1_0.id=p1_0.user_id 
    where
        u1_0.id=?
Hibernate: 
    select
        u1_0.id,
        u1_0.address_text,
        u1_0.avg_rating_cache,
        u1_0.bio,
        u1_0.country,
        u1_0.created_at,
        u1_0.curp,
        u1_0.firstname,
        u1_0.lastname,
        u1_0.lat,
        u1_0.lng,
        u1_0.password,
        u1_0.phone,
        p1_0.id,
        p1_0.image_id,
        p1_0.url,
        p1_0.user_id,
        u1_0.rfc_homoclave,
        u1_0.role,
        u1_0.service_radius_km,
        u1_0.username 
    from
        users u1_0 
    left join
        user_photos p1_0 
            on u1_0.id=p1_0.user_id 
    where
        u1_0.id=?
2025-11-09T12:54:40.231-08:00 DEBUG 17965 --- [JobsyApplication] [nio-8080-exec-2] org.hibernate.SQL                        : 
    select
        d1_0.provider_request_id,
        d1_0.id,
        d1_0.public_id,
        d1_0.url 
    from
        provider_documents d1_0 
    where
        d1_0.provider_request_id=?
Hibernate: 
    select
        d1_0.provider_request_id,
        d1_0.id,
        d1_0.public_id,
        d1_0.url 
    from
        provider_documents d1_0 
    where
        d1_0.provider_request_id=?
2025-11-09T12:54:40.320-08:00 DEBUG 17965 --- [JobsyApplication] [nio-8080-exec-2] org.hibernate.SQL                        : 
    select
        d1_0.provider_request_id,
        d1_0.id,
        d1_0.public_id,
        d1_0.url 
    from
        provider_documents d1_0 
    where
        d1_0.provider_request_id=?
Hibernate: 
    select
        d1_0.provider_request_id,
        d1_0.id,
        d1_0.public_id,
        d1_0.url 
    from
        provider_documents d1_0 
    where
        d1_0.provider_request_id=?
2025-11-09T12:54:40.408-08:00 DEBUG 17965 --- [JobsyApplication] [nio-8080-exec-2] org.hibernate.SQL                        : 
    select
        d1_0.provider_request_id,
        d1_0.id,
        d1_0.public_id,
        d1_0.url 
    from
        provider_documents d1_0 
    where
        d1_0.provider_request_id=?
Hibernate: 
    select
        d1_0.provider_request_id,
        d1_0.id,
        d1_0.public_id,
        d1_0.url 
    from
        provider_documents d1_0 
    where
        d1_0.provider_request_id=?
2025-11-09T12:54:40.496-08:00 DEBUG 17965 --- [JobsyApplication] [nio-8080-exec-2] org.hibernate.SQL                        : 
    select
        d1_0.provider_request_id,
        d1_0.id,
        d1_0.public_id,
        d1_0.url 
    from
        provider_documents d1_0 
    where
        d1_0.provider_request_id=?
Hibernate: 
    select
        d1_0.provider_request_id,
        d1_0.id,
        d1_0.public_id,
        d1_0.url 
    from
        provider_documents d1_0 
    where
        d1_0.provider_request_id=?
2025-11-09T12:54:40.584-08:00 DEBUG 17965 --- [JobsyApplication] [nio-8080-exec-2] org.hibernate.SQL                        : 
    select
        d1_0.provider_request_id,
        d1_0.id,
        d1_0.public_id,
        d1_0.url 
    from
        provider_documents d1_0 
    where
        d1_0.provider_request_id=?
Hibernate: 
    select
        d1_0.provider_request_id,
        d1_0.id,
        d1_0.public_id,
        d1_0.url 
    from
        provider_documents d1_0 
    where
        d1_0.provider_request_id=?
2025-11-09T12:54:40.674-08:00 DEBUG 17965 --- [JobsyApplication] [nio-8080-exec-2] org.hibernate.SQL                        : 
    select
        d1_0.provider_request_id,
        d1_0.id,
        d1_0.public_id,
        d1_0.url 
    from
        provider_documents d1_0 
    where
        d1_0.provider_request_id=?
Hibernate: 
    select
        d1_0.provider_request_id,
        d1_0.id,
        d1_0.public_id,
        d1_0.url 
    from
        provider_documents d1_0 
    where
        d1_0.provider_request_id=?
2025-11-09T12:54:40.762-08:00 DEBUG 17965 --- [JobsyApplication] [nio-8080-exec-2] org.hibernate.SQL                        : 
    select
        d1_0.provider_request_id,
        d1_0.id,
        d1_0.public_id,
        d1_0.url 
    from
        provider_documents d1_0 
    where
        d1_0.provider_request_id=?
Hibernate: 
    select
        d1_0.provider_request_id,
        d1_0.id,
        d1_0.public_id,
        d1_0.url 
    from
        provider_documents d1_0 
    where
        d1_0.provider_request_id=?
2025-11-09T12:54:40.850-08:00 DEBUG 17965 --- [JobsyApplication] [nio-8080-exec-2] org.hibernate.SQL                        : 
    select
        d1_0.provider_request_id,
        d1_0.id,
        d1_0.public_id,
        d1_0.url 
    from
        provider_documents d1_0 
    where
        d1_0.provider_request_id=?
Hibernate: 
    select
        d1_0.provider_request_id,
        d1_0.id,
        d1_0.public_id,
        d1_0.url 
    from
        provider_documents d1_0 
    where
        d1_0.provider_request_id=?
2025-11-09T12:54:41.603-08:00 DEBUG 17965 --- [JobsyApplication] [nio-8080-exec-9] org.hibernate.SQL                        : 
    /* <criteria> */ select
        u1_0.id,
        u1_0.address_text,
        u1_0.avg_rating_cache,
        u1_0.bio,
        u1_0.country,
        u1_0.created_at,
        u1_0.curp,
        u1_0.firstname,
        u1_0.lastname,
        u1_0.lat,
        u1_0.lng,
        u1_0.password,
        u1_0.phone,
        u1_0.rfc_homoclave,
        u1_0.role,
        u1_0.service_radius_km,
        u1_0.username 
    from
        users u1_0 
    where
        u1_0.username=?
Hibernate: 
    /* <criteria> */ select
        u1_0.id,
        u1_0.address_text,
        u1_0.avg_rating_cache,
        u1_0.bio,
        u1_0.country,
        u1_0.created_at,
        u1_0.curp,
        u1_0.firstname,
        u1_0.lastname,
        u1_0.lat,
        u1_0.lng,
        u1_0.password,
        u1_0.phone,
        u1_0.rfc_homoclave,
        u1_0.role,
        u1_0.service_radius_km,
        u1_0.username 
    from
        users u1_0 
    where
        u1_0.username=?
2025-11-09T12:54:41.615-08:00 DEBUG 17965 --- [JobsyApplication] [nio-8080-exec-8] org.hibernate.SQL                        : 
    /* <criteria> */ select
        u1_0.id,
        u1_0.address_text,
        u1_0.avg_rating_cache,
        u1_0.bio,
        u1_0.country,
        u1_0.created_at,
        u1_0.curp,
        u1_0.firstname,
        u1_0.lastname,
        u1_0.lat,
        u1_0.lng,
        u1_0.password,
        u1_0.phone,
        u1_0.rfc_homoclave,
        u1_0.role,
        u1_0.service_radius_km,
        u1_0.username 
    from
        users u1_0 
    where
        u1_0.username=?
Hibernate: 
    /* <criteria> */ select
        u1_0.id,
        u1_0.address_text,
        u1_0.avg_rating_cache,
        u1_0.bio,
        u1_0.country,
        u1_0.created_at,
        u1_0.curp,
        u1_0.firstname,
        u1_0.lastname,
        u1_0.lat,
        u1_0.lng,
        u1_0.password,
        u1_0.phone,
        u1_0.rfc_homoclave,
        u1_0.role,
        u1_0.service_radius_km,
        u1_0.username 
    from
        users u1_0 
    where
        u1_0.username=?
2025-11-09T12:54:41.643-08:00 DEBUG 17965 --- [JobsyApplication] [nio-8080-exec-2] org.hibernate.SQL                        : 
    /* <criteria> */ select
        u1_0.id,
        u1_0.address_text,
        u1_0.avg_rating_cache,
        u1_0.bio,
        u1_0.country,
        u1_0.created_at,
        u1_0.curp,
        u1_0.firstname,
        u1_0.lastname,
        u1_0.lat,
        u1_0.lng,
        u1_0.password,
        u1_0.phone,
        u1_0.rfc_homoclave,
        u1_0.role,
        u1_0.service_radius_km,
        u1_0.username 
    from
        users u1_0 
    where
        u1_0.username=?
Hibernate: 
    /* <criteria> */ select
        u1_0.id,
        u1_0.address_text,
        u1_0.avg_rating_cache,
        u1_0.bio,
        u1_0.country,
        u1_0.created_at,
        u1_0.curp,
        u1_0.firstname,
        u1_0.lastname,
        u1_0.lat,
        u1_0.lng,
        u1_0.password,
        u1_0.phone,
        u1_0.rfc_homoclave,
        u1_0.role,
        u1_0.service_radius_km,
        u1_0.username 
    from
        users u1_0 
    where
        u1_0.username=?
2025-11-09T12:54:41.783-08:00 DEBUG 17965 --- [JobsyApplication] [nio-8080-exec-9] org.hibernate.SQL                        : 
    select
        up1_0.id,
        up1_0.image_id,
        up1_0.url,
        up1_0.user_id,
        u1_0.id,
        u1_0.address_text,
        u1_0.avg_rating_cache,
        u1_0.bio,
        u1_0.country,
        u1_0.created_at,
        u1_0.curp,
        u1_0.firstname,
        u1_0.lastname,
        u1_0.lat,
        u1_0.lng,
        u1_0.password,
        u1_0.phone,
        u1_0.rfc_homoclave,
        u1_0.role,
        u1_0.service_radius_km,
        u1_0.username 
    from
        user_photos up1_0 
    join
        users u1_0 
            on u1_0.id=up1_0.user_id 
    where
        up1_0.user_id=?
Hibernate: 
    select
        up1_0.id,
        up1_0.image_id,
        up1_0.url,
        up1_0.user_id,
        u1_0.id,
        u1_0.address_text,
        u1_0.avg_rating_cache,
        u1_0.bio,
        u1_0.country,
        u1_0.created_at,
        u1_0.curp,
        u1_0.firstname,
        u1_0.lastname,
        u1_0.lat,
        u1_0.lng,
        u1_0.password,
        u1_0.phone,
        u1_0.rfc_homoclave,
        u1_0.role,
        u1_0.service_radius_km,
        u1_0.username 
    from
        user_photos up1_0 
    join
        users u1_0 
            on u1_0.id=up1_0.user_id 
    where
        up1_0.user_id=?
2025-11-09T12:54:41.784-08:00 DEBUG 17965 --- [JobsyApplication] [nio-8080-exec-8] org.hibernate.SQL                        : 
    select
        up1_0.id,
        up1_0.image_id,
        up1_0.url,
        up1_0.user_id,
        u1_0.id,
        u1_0.address_text,
        u1_0.avg_rating_cache,
        u1_0.bio,
        u1_0.country,
        u1_0.created_at,
        u1_0.curp,
        u1_0.firstname,
        u1_0.lastname,
        u1_0.lat,
        u1_0.lng,
        u1_0.password,
        u1_0.phone,
        u1_0.rfc_homoclave,
        u1_0.role,
        u1_0.service_radius_km,
        u1_0.username 
    from
        user_photos up1_0 
    join
        users u1_0 
            on u1_0.id=up1_0.user_id 
    where
        up1_0.user_id=?
Hibernate: 
    select
        up1_0.id,
        up1_0.image_id,
        up1_0.url,
        up1_0.user_id,
        u1_0.id,
        u1_0.address_text,
        u1_0.avg_rating_cache,
        u1_0.bio,
        u1_0.country,
        u1_0.created_at,
        u1_0.curp,
        u1_0.firstname,
        u1_0.lastname,
        u1_0.lat,
        u1_0.lng,
        u1_0.password,
        u1_0.phone,
        u1_0.rfc_homoclave,
        u1_0.role,
        u1_0.service_radius_km,
        u1_0.username 
    from
        user_photos up1_0 
    join
        users u1_0 
            on u1_0.id=up1_0.user_id 
    where
        up1_0.user_id=?
2025-11-09T12:54:41.829-08:00 DEBUG 17965 --- [JobsyApplication] [nio-8080-exec-2] org.hibernate.SQL                        : 
    select
        up1_0.id,
        up1_0.image_id,
        up1_0.url,
        up1_0.user_id,
        u1_0.id,
        u1_0.address_text,
        u1_0.avg_rating_cache,
        u1_0.bio,
        u1_0.country,
        u1_0.created_at,
        u1_0.curp,
        u1_0.firstname,
        u1_0.lastname,
        u1_0.lat,
        u1_0.lng,
        u1_0.password,
        u1_0.phone,
        u1_0.rfc_homoclave,
        u1_0.role,
        u1_0.service_radius_km,
        u1_0.username 
    from
        user_photos up1_0 
    join
        users u1_0 
            on u1_0.id=up1_0.user_id 
    where
        up1_0.user_id=?
Hibernate: 
    select
        up1_0.id,
        up1_0.image_id,
        up1_0.url,
        up1_0.user_id,
        u1_0.id,
        u1_0.address_text,
        u1_0.avg_rating_cache,
        u1_0.bio,
        u1_0.country,
        u1_0.created_at,
        u1_0.curp,
        u1_0.firstname,
        u1_0.lastname,
        u1_0.lat,
        u1_0.lng,
        u1_0.password,
        u1_0.phone,
        u1_0.rfc_homoclave,
        u1_0.role,
        u1_0.service_radius_km,
        u1_0.username 
    from
        user_photos up1_0 
    join
        users u1_0 
            on u1_0.id=up1_0.user_id 
    where
        up1_0.user_id=?
2025-11-09T12:54:41.878-08:00 DEBUG 17965 --- [JobsyApplication] [nio-8080-exec-9] org.hibernate.SQL                        : 
    /* <criteria> */ select
        n1_0.id,
        n1_0.created_at,
        n1_0.message,
        n1_0.read,
        n1_0.recipient_id,
        n1_0.title,
        n1_0.type 
    from
        notifications n1_0 
    left join
        users r1_0 
            on r1_0.id=n1_0.recipient_id 
    where
        r1_0.id=? 
    order by
        n1_0.created_at desc,
        n1_0.created_at desc 
    fetch
        first ? rows only
Hibernate: 
    /* <criteria> */ select
        n1_0.id,
        n1_0.created_at,
        n1_0.message,
        n1_0.read,
        n1_0.recipient_id,
        n1_0.title,
        n1_0.type 
    from
        notifications n1_0 
    left join
        users r1_0 
            on r1_0.id=n1_0.recipient_id 
    where
        r1_0.id=? 
    order by
        n1_0.created_at desc,
        n1_0.created_at desc 
    fetch
        first ? rows only
2025-11-09T12:54:41.922-08:00 DEBUG 17965 --- [JobsyApplication] [nio-8080-exec-2] org.hibernate.SQL                        : 
    /* <criteria> */ select
        pr1_0.id,
        pr1_0.address_text,
        pr1_0.bio,
        pr1_0.created_at,
        pr1_0.curp,
        pr1_0.rejection_reason,
        pr1_0.reviewed_at,
        pr1_0.reviewed_by,
        pr1_0.rfc_homoclave,
        pr1_0.status,
        pr1_0.updated_at,
        pr1_0.user_id 
    from
        provider_applies pr1_0 
    offset
        ? rows 
    fetch
        first ? rows only
Hibernate: 
    /* <criteria> */ select
        pr1_0.id,
        pr1_0.address_text,
        pr1_0.bio,
        pr1_0.created_at,
        pr1_0.curp,
        pr1_0.rejection_reason,
        pr1_0.reviewed_at,
        pr1_0.reviewed_by,
        pr1_0.rfc_homoclave,
        pr1_0.status,
        pr1_0.updated_at,
        pr1_0.user_id 
    from
        provider_applies pr1_0 
    offset
        ? rows 
    fetch
        first ? rows only
2025-11-09T12:54:42.010-08:00 DEBUG 17965 --- [JobsyApplication] [nio-8080-exec-2] org.hibernate.SQL                        : 
    select
        u1_0.id,
        u1_0.address_text,
        u1_0.avg_rating_cache,
        u1_0.bio,
        u1_0.country,
        u1_0.created_at,
        u1_0.curp,
        u1_0.firstname,
        u1_0.lastname,
        u1_0.lat,
        u1_0.lng,
        u1_0.password,
        u1_0.phone,
        p1_0.id,
        p1_0.image_id,
        p1_0.url,
        p1_0.user_id,
        u1_0.rfc_homoclave,
        u1_0.role,
        u1_0.service_radius_km,
        u1_0.username 
    from
        users u1_0 
    left join
        user_photos p1_0 
            on u1_0.id=p1_0.user_id 
    where
        u1_0.id=?
Hibernate: 
    select
        u1_0.id,
        u1_0.address_text,
        u1_0.avg_rating_cache,
        u1_0.bio,
        u1_0.country,
        u1_0.created_at,
        u1_0.curp,
        u1_0.firstname,
        u1_0.lastname,
        u1_0.lat,
        u1_0.lng,
        u1_0.password,
        u1_0.phone,
        p1_0.id,
        p1_0.image_id,
        p1_0.url,
        p1_0.user_id,
        u1_0.rfc_homoclave,
        u1_0.role,
        u1_0.service_radius_km,
        u1_0.username 
    from
        users u1_0 
    left join
        user_photos p1_0 
            on u1_0.id=p1_0.user_id 
    where
        u1_0.id=?
2025-11-09T12:54:42.018-08:00 DEBUG 17965 --- [JobsyApplication] [nio-8080-exec-4] org.hibernate.SQL                        : 
    /* <criteria> */ select
        u1_0.id,
        u1_0.address_text,
        u1_0.avg_rating_cache,
        u1_0.bio,
        u1_0.country,
        u1_0.created_at,
        u1_0.curp,
        u1_0.firstname,
        u1_0.lastname,
        u1_0.lat,
        u1_0.lng,
        u1_0.password,
        u1_0.phone,
        u1_0.rfc_homoclave,
        u1_0.role,
        u1_0.service_radius_km,
        u1_0.username 
    from
        users u1_0 
    where
        u1_0.username=?
Hibernate: 
    /* <criteria> */ select
        u1_0.id,
        u1_0.address_text,
        u1_0.avg_rating_cache,
        u1_0.bio,
        u1_0.country,
        u1_0.created_at,
        u1_0.curp,
        u1_0.firstname,
        u1_0.lastname,
        u1_0.lat,
        u1_0.lng,
        u1_0.password,
        u1_0.phone,
        u1_0.rfc_homoclave,
        u1_0.role,
        u1_0.service_radius_km,
        u1_0.username 
    from
        users u1_0 
    where
        u1_0.username=?
2025-11-09T12:54:42.100-08:00 DEBUG 17965 --- [JobsyApplication] [nio-8080-exec-2] org.hibernate.SQL                        : 
    select
        u1_0.id,
        u1_0.address_text,
        u1_0.avg_rating_cache,
        u1_0.bio,
        u1_0.country,
        u1_0.created_at,
        u1_0.curp,
        u1_0.firstname,
        u1_0.lastname,
        u1_0.lat,
        u1_0.lng,
        u1_0.password,
        u1_0.phone,
        p1_0.id,
        p1_0.image_id,
        p1_0.url,
        p1_0.user_id,
        u1_0.rfc_homoclave,
        u1_0.role,
        u1_0.service_radius_km,
        u1_0.username 
    from
        users u1_0 
    left join
        user_photos p1_0 
            on u1_0.id=p1_0.user_id 
    where
        u1_0.id=?
Hibernate: 
    select
        u1_0.id,
        u1_0.address_text,
        u1_0.avg_rating_cache,
        u1_0.bio,
        u1_0.country,
        u1_0.created_at,
        u1_0.curp,
        u1_0.firstname,
        u1_0.lastname,
        u1_0.lat,
        u1_0.lng,
        u1_0.password,
        u1_0.phone,
        p1_0.id,
        p1_0.image_id,
        p1_0.url,
        p1_0.user_id,
        u1_0.rfc_homoclave,
        u1_0.role,
        u1_0.service_radius_km,
        u1_0.username 
    from
        users u1_0 
    left join
        user_photos p1_0 
            on u1_0.id=p1_0.user_id 
    where
        u1_0.id=?
2025-11-09T12:54:42.108-08:00 DEBUG 17965 --- [JobsyApplication] [nio-8080-exec-4] org.hibernate.SQL                        : 
    select
        up1_0.id,
        up1_0.image_id,
        up1_0.url,
        up1_0.user_id,
        u1_0.id,
        u1_0.address_text,
        u1_0.avg_rating_cache,
        u1_0.bio,
        u1_0.country,
        u1_0.created_at,
        u1_0.curp,
        u1_0.firstname,
        u1_0.lastname,
        u1_0.lat,
        u1_0.lng,
        u1_0.password,
        u1_0.phone,
        u1_0.rfc_homoclave,
        u1_0.role,
        u1_0.service_radius_km,
        u1_0.username 
    from
        user_photos up1_0 
    join
        users u1_0 
            on u1_0.id=up1_0.user_id 
    where
        up1_0.user_id=?
Hibernate: 
    select
        up1_0.id,
        up1_0.image_id,
        up1_0.url,
        up1_0.user_id,
        u1_0.id,
        u1_0.address_text,
        u1_0.avg_rating_cache,
        u1_0.bio,
        u1_0.country,
        u1_0.created_at,
        u1_0.curp,
        u1_0.firstname,
        u1_0.lastname,
        u1_0.lat,
        u1_0.lng,
        u1_0.password,
        u1_0.phone,
        u1_0.rfc_homoclave,
        u1_0.role,
        u1_0.service_radius_km,
        u1_0.username 
    from
        user_photos up1_0 
    join
        users u1_0 
            on u1_0.id=up1_0.user_id 
    where
        up1_0.user_id=?
2025-11-09T12:54:42.189-08:00 DEBUG 17965 --- [JobsyApplication] [nio-8080-exec-2] org.hibernate.SQL                        : 
    select
        d1_0.provider_request_id,
        d1_0.id,
        d1_0.public_id,
        d1_0.url 
    from
        provider_documents d1_0 
    where
        d1_0.provider_request_id=?
Hibernate: 
    select
        d1_0.provider_request_id,
        d1_0.id,
        d1_0.public_id,
        d1_0.url 
    from
        provider_documents d1_0 
    where
        d1_0.provider_request_id=?
2025-11-09T12:54:42.277-08:00 DEBUG 17965 --- [JobsyApplication] [nio-8080-exec-2] org.hibernate.SQL                        : 
    select
        d1_0.provider_request_id,
        d1_0.id,
        d1_0.public_id,
        d1_0.url 
    from
        provider_documents d1_0 
    where
        d1_0.provider_request_id=?
Hibernate: 
    select
        d1_0.provider_request_id,
        d1_0.id,
        d1_0.public_id,
        d1_0.url 
    from
        provider_documents d1_0 
    where
        d1_0.provider_request_id=?
2025-11-09T12:54:42.367-08:00 DEBUG 17965 --- [JobsyApplication] [nio-8080-exec-2] org.hibernate.SQL                        : 
    select
        d1_0.provider_request_id,
        d1_0.id,
        d1_0.public_id,
        d1_0.url 
    from
        provider_documents d1_0 
    where
        d1_0.provider_request_id=?
Hibernate: 
    select
        d1_0.provider_request_id,
        d1_0.id,
        d1_0.public_id,
        d1_0.url 
    from
        provider_documents d1_0 
    where
        d1_0.provider_request_id=?
2025-11-09T12:54:42.457-08:00 DEBUG 17965 --- [JobsyApplication] [nio-8080-exec-2] org.hibernate.SQL                        : 
    select
        d1_0.provider_request_id,
        d1_0.id,
        d1_0.public_id,
        d1_0.url 
    from
        provider_documents d1_0 
    where
        d1_0.provider_request_id=?
Hibernate: 
    select
        d1_0.provider_request_id,
        d1_0.id,
        d1_0.public_id,
        d1_0.url 
    from
        provider_documents d1_0 
    where
        d1_0.provider_request_id=?
2025-11-09T12:54:42.546-08:00 DEBUG 17965 --- [JobsyApplication] [nio-8080-exec-2] org.hibernate.SQL                        : 
    select
        d1_0.provider_request_id,
        d1_0.id,
        d1_0.public_id,
        d1_0.url 
    from
        provider_documents d1_0 
    where
        d1_0.provider_request_id=?
Hibernate: 
    select
        d1_0.provider_request_id,
        d1_0.id,
        d1_0.public_id,
        d1_0.url 
    from
        provider_documents d1_0 
    where
        d1_0.provider_request_id=?
2025-11-09T12:54:42.635-08:00 DEBUG 17965 --- [JobsyApplication] [nio-8080-exec-2] org.hibernate.SQL                        : 
    select
        d1_0.provider_request_id,
        d1_0.id,
        d1_0.public_id,
        d1_0.url 
    from
        provider_documents d1_0 
    where
        d1_0.provider_request_id=?
Hibernate: 
    select
        d1_0.provider_request_id,
        d1_0.id,
        d1_0.public_id,
        d1_0.url 
    from
        provider_documents d1_0 
    where
        d1_0.provider_request_id=?
2025-11-09T12:54:42.725-08:00 DEBUG 17965 --- [JobsyApplication] [nio-8080-exec-2] org.hibernate.SQL                        : 
    select
        d1_0.provider_request_id,
        d1_0.id,
        d1_0.public_id,
        d1_0.url 
    from
        provider_documents d1_0 
    where
        d1_0.provider_request_id=?
Hibernate: 
    select
        d1_0.provider_request_id,
        d1_0.id,
        d1_0.public_id,
        d1_0.url 
    from
        provider_documents d1_0 
    where
        d1_0.provider_request_id=?
2025-11-09T12:54:42.815-08:00 DEBUG 17965 --- [JobsyApplication] [nio-8080-exec-2] org.hibernate.SQL                        : 
    select
        d1_0.provider_request_id,
        d1_0.id,
        d1_0.public_id,
        d1_0.url 
    from
        provider_documents d1_0 
    where
        d1_0.provider_request_id=?
Hibernate: 
    select
        d1_0.provider_request_id,
        d1_0.id,
        d1_0.public_id,
        d1_0.url 
    from
        provider_documents d1_0 
    where
        d1_0.provider_request_id=?
2025-11-09T12:54:43.056-08:00 DEBUG 17965 --- [JobsyApplication] [io-8080-exec-10] org.hibernate.SQL                        : 
    /* <criteria> */ select
        u1_0.id,
        u1_0.address_text,
        u1_0.avg_rating_cache,
        u1_0.bio,
        u1_0.country,
        u1_0.created_at,
        u1_0.curp,
        u1_0.firstname,
        u1_0.lastname,
        u1_0.lat,
        u1_0.lng,
        u1_0.password,
        u1_0.phone,
        u1_0.rfc_homoclave,
        u1_0.role,
        u1_0.service_radius_km,
        u1_0.username 
    from
        users u1_0 
    where
        u1_0.username=?
Hibernate: 
    /* <criteria> */ select
        u1_0.id,
        u1_0.address_text,
        u1_0.avg_rating_cache,
        u1_0.bio,
        u1_0.country,
        u1_0.created_at,
        u1_0.curp,
        u1_0.firstname,
        u1_0.lastname,
        u1_0.lat,
        u1_0.lng,
        u1_0.password,
        u1_0.phone,
        u1_0.rfc_homoclave,
        u1_0.role,
        u1_0.service_radius_km,
        u1_0.username 
    from
        users u1_0 
    where
        u1_0.username=?
2025-11-09T12:54:43.064-08:00 DEBUG 17965 --- [JobsyApplication] [nio-8080-exec-6] org.hibernate.SQL                        : 
    /* <criteria> */ select
        u1_0.id,
        u1_0.address_text,
        u1_0.avg_rating_cache,
        u1_0.bio,
        u1_0.country,
        u1_0.created_at,
        u1_0.curp,
        u1_0.firstname,
        u1_0.lastname,
        u1_0.lat,
        u1_0.lng,
        u1_0.password,
        u1_0.phone,
        u1_0.rfc_homoclave,
        u1_0.role,
        u1_0.service_radius_km,
        u1_0.username 
    from
        users u1_0 
    where
        u1_0.username=?
Hibernate: 
    /* <criteria> */ select
        u1_0.id,
        u1_0.address_text,
        u1_0.avg_rating_cache,
        u1_0.bio,
        u1_0.country,
        u1_0.created_at,
        u1_0.curp,
        u1_0.firstname,
        u1_0.lastname,
        u1_0.lat,
        u1_0.lng,
        u1_0.password,
        u1_0.phone,
        u1_0.rfc_homoclave,
        u1_0.role,
        u1_0.service_radius_km,
        u1_0.username 
    from
        users u1_0 
    where
        u1_0.username=?
2025-11-09T12:54:43.079-08:00 DEBUG 17965 --- [JobsyApplication] [nio-8080-exec-4] org.hibernate.SQL                        : 
    /* <criteria> */ select
        u1_0.id,
        u1_0.address_text,
        u1_0.avg_rating_cache,
        u1_0.bio,
        u1_0.country,
        u1_0.created_at,
        u1_0.curp,
        u1_0.firstname,
        u1_0.lastname,
        u1_0.lat,
        u1_0.lng,
        u1_0.password,
        u1_0.phone,
        u1_0.rfc_homoclave,
        u1_0.role,
        u1_0.service_radius_km,
        u1_0.username 
    from
        users u1_0 
    where
        u1_0.username=?
Hibernate: 
    /* <criteria> */ select
        u1_0.id,
        u1_0.address_text,
        u1_0.avg_rating_cache,
        u1_0.bio,
        u1_0.country,
        u1_0.created_at,
        u1_0.curp,
        u1_0.firstname,
        u1_0.lastname,
        u1_0.lat,
        u1_0.lng,
        u1_0.password,
        u1_0.phone,
        u1_0.rfc_homoclave,
        u1_0.role,
        u1_0.service_radius_km,
        u1_0.username 
    from
        users u1_0 
    where
        u1_0.username=?
2025-11-09T12:54:43.087-08:00 DEBUG 17965 --- [JobsyApplication] [nio-8080-exec-7] org.hibernate.SQL                        : 
    /* <criteria> */ select
        u1_0.id,
        u1_0.address_text,
        u1_0.avg_rating_cache,
        u1_0.bio,
        u1_0.country,
        u1_0.created_at,
        u1_0.curp,
        u1_0.firstname,
        u1_0.lastname,
        u1_0.lat,
        u1_0.lng,
        u1_0.password,
        u1_0.phone,
        u1_0.rfc_homoclave,
        u1_0.role,
        u1_0.service_radius_km,
        u1_0.username 
    from
        users u1_0 
    where
        u1_0.username=?
Hibernate: 
    /* <criteria> */ select
        u1_0.id,
        u1_0.address_text,
        u1_0.avg_rating_cache,
        u1_0.bio,
        u1_0.country,
        u1_0.created_at,
        u1_0.curp,
        u1_0.firstname,
        u1_0.lastname,
        u1_0.lat,
        u1_0.lng,
        u1_0.password,
        u1_0.phone,
        u1_0.rfc_homoclave,
        u1_0.role,
        u1_0.service_radius_km,
        u1_0.username 
    from
        users u1_0 
    where
        u1_0.username=?
2025-11-09T12:54:43.175-08:00 DEBUG 17965 --- [JobsyApplication] [nio-8080-exec-7] org.hibernate.SQL                        : 
    select
        up1_0.id,
        up1_0.image_id,
        up1_0.url,
        up1_0.user_id,
        u1_0.id,
        u1_0.address_text,
        u1_0.avg_rating_cache,
        u1_0.bio,
        u1_0.country,
        u1_0.created_at,
        u1_0.curp,
        u1_0.firstname,
        u1_0.lastname,
        u1_0.lat,
        u1_0.lng,
        u1_0.password,
        u1_0.phone,
        u1_0.rfc_homoclave,
        u1_0.role,
        u1_0.service_radius_km,
        u1_0.username 
    from
        user_photos up1_0 
    join
        users u1_0 
            on u1_0.id=up1_0.user_id 
    where
        up1_0.user_id=?
Hibernate: 
    select
        up1_0.id,
        up1_0.image_id,
        up1_0.url,
        up1_0.user_id,
        u1_0.id,
        u1_0.address_text,
        u1_0.avg_rating_cache,
        u1_0.bio,
        u1_0.country,
        u1_0.created_at,
        u1_0.curp,
        u1_0.firstname,
        u1_0.lastname,
        u1_0.lat,
        u1_0.lng,
        u1_0.password,
        u1_0.phone,
        u1_0.rfc_homoclave,
        u1_0.role,
        u1_0.service_radius_km,
        u1_0.username 
    from
        user_photos up1_0 
    join
        users u1_0 
            on u1_0.id=up1_0.user_id 
    where
        up1_0.user_id=?
2025-11-09T12:54:43.234-08:00 DEBUG 17965 --- [JobsyApplication] [io-8080-exec-10] org.hibernate.SQL                        : 
    select
        up1_0.id,
        up1_0.image_id,
        up1_0.url,
        up1_0.user_id,
        u1_0.id,
        u1_0.address_text,
        u1_0.avg_rating_cache,
        u1_0.bio,
        u1_0.country,
        u1_0.created_at,
        u1_0.curp,
        u1_0.firstname,
        u1_0.lastname,
        u1_0.lat,
        u1_0.lng,
        u1_0.password,
        u1_0.phone,
        u1_0.rfc_homoclave,
        u1_0.role,
        u1_0.service_radius_km,
        u1_0.username 
    from
        user_photos up1_0 
    join
        users u1_0 
            on u1_0.id=up1_0.user_id 
    where
        up1_0.user_id=?
Hibernate: 
    select
        up1_0.id,
        up1_0.image_id,
        up1_0.url,
        up1_0.user_id,
        u1_0.id,
        u1_0.address_text,
        u1_0.avg_rating_cache,
        u1_0.bio,
        u1_0.country,
        u1_0.created_at,
        u1_0.curp,
        u1_0.firstname,
        u1_0.lastname,
        u1_0.lat,
        u1_0.lng,
        u1_0.password,
        u1_0.phone,
        u1_0.rfc_homoclave,
        u1_0.role,
        u1_0.service_radius_km,
        u1_0.username 
    from
        user_photos up1_0 
    join
        users u1_0 
            on u1_0.id=up1_0.user_id 
    where
        up1_0.user_id=?
2025-11-09T12:54:43.236-08:00 DEBUG 17965 --- [JobsyApplication] [nio-8080-exec-6] org.hibernate.SQL                        : 
    select
        up1_0.id,
        up1_0.image_id,
        up1_0.url,
        up1_0.user_id,
        u1_0.id,
        u1_0.address_text,
        u1_0.avg_rating_cache,
        u1_0.bio,
        u1_0.country,
        u1_0.created_at,
        u1_0.curp,
        u1_0.firstname,
        u1_0.lastname,
        u1_0.lat,
        u1_0.lng,
        u1_0.password,
        u1_0.phone,
        u1_0.rfc_homoclave,
        u1_0.role,
        u1_0.service_radius_km,
        u1_0.username 
    from
        user_photos up1_0 
    join
        users u1_0 
            on u1_0.id=up1_0.user_id 
    where
        up1_0.user_id=?
Hibernate: 
    select
        up1_0.id,
        up1_0.image_id,
        up1_0.url,
        up1_0.user_id,
        u1_0.id,
        u1_0.address_text,
        u1_0.avg_rating_cache,
        u1_0.bio,
        u1_0.country,
        u1_0.created_at,
        u1_0.curp,
        u1_0.firstname,
        u1_0.lastname,
        u1_0.lat,
        u1_0.lng,
        u1_0.password,
        u1_0.phone,
        u1_0.rfc_homoclave,
        u1_0.role,
        u1_0.service_radius_km,
        u1_0.username 
    from
        user_photos up1_0 
    join
        users u1_0 
            on u1_0.id=up1_0.user_id 
    where
        up1_0.user_id=?
2025-11-09T12:54:43.249-08:00 DEBUG 17965 --- [JobsyApplication] [nio-8080-exec-4] org.hibernate.SQL                        : 
    select
        up1_0.id,
        up1_0.image_id,
        up1_0.url,
        up1_0.user_id,
        u1_0.id,
        u1_0.address_text,
        u1_0.avg_rating_cache,
        u1_0.bio,
        u1_0.country,
        u1_0.created_at,
        u1_0.curp,
        u1_0.firstname,
        u1_0.lastname,
        u1_0.lat,
        u1_0.lng,
        u1_0.password,
        u1_0.phone,
        u1_0.rfc_homoclave,
        u1_0.role,
        u1_0.service_radius_km,
        u1_0.username 
    from
        user_photos up1_0 
    join
        users u1_0 
            on u1_0.id=up1_0.user_id 
    where
        up1_0.user_id=?
Hibernate: 
    select
        up1_0.id,
        up1_0.image_id,
        up1_0.url,
        up1_0.user_id,
        u1_0.id,
        u1_0.address_text,
        u1_0.avg_rating_cache,
        u1_0.bio,
        u1_0.country,
        u1_0.created_at,
        u1_0.curp,
        u1_0.firstname,
        u1_0.lastname,
        u1_0.lat,
        u1_0.lng,
        u1_0.password,
        u1_0.phone,
        u1_0.rfc_homoclave,
        u1_0.role,
        u1_0.service_radius_km,
        u1_0.username 
    from
        user_photos up1_0 
    join
        users u1_0 
            on u1_0.id=up1_0.user_id 
    where
        up1_0.user_id=?
2025-11-09T12:54:43.269-08:00 DEBUG 17965 --- [JobsyApplication] [nio-8080-exec-7] org.hibernate.SQL                        : 
    /* <criteria> */ select
        pr1_0.id,
        pr1_0.address_text,
        pr1_0.bio,
        pr1_0.created_at,
        pr1_0.curp,
        pr1_0.rejection_reason,
        pr1_0.reviewed_at,
        pr1_0.reviewed_by,
        pr1_0.rfc_homoclave,
        pr1_0.status,
        pr1_0.updated_at,
        pr1_0.user_id 
    from
        provider_applies pr1_0 
    offset
        ? rows 
    fetch
        first ? rows only
Hibernate: 
    /* <criteria> */ select
        pr1_0.id,
        pr1_0.address_text,
        pr1_0.bio,
        pr1_0.created_at,
        pr1_0.curp,
        pr1_0.rejection_reason,
        pr1_0.reviewed_at,
        pr1_0.reviewed_by,
        pr1_0.rfc_homoclave,
        pr1_0.status,
        pr1_0.updated_at,
        pr1_0.user_id 
    from
        provider_applies pr1_0 
    offset
        ? rows 
    fetch
        first ? rows only
2025-11-09T12:54:43.339-08:00 DEBUG 17965 --- [JobsyApplication] [nio-8080-exec-4] org.hibernate.SQL                        : 
    /* <criteria> */ select
        n1_0.id,
        n1_0.created_at,
        n1_0.message,
        n1_0.read,
        n1_0.recipient_id,
        n1_0.title,
        n1_0.type 
    from
        notifications n1_0 
    left join
        users r1_0 
            on r1_0.id=n1_0.recipient_id 
    where
        r1_0.id=? 
    order by
        n1_0.created_at desc,
        n1_0.created_at desc 
    fetch
        first ? rows only
Hibernate: 
    /* <criteria> */ select
        n1_0.id,
        n1_0.created_at,
        n1_0.message,
        n1_0.read,
        n1_0.recipient_id,
        n1_0.title,
        n1_0.type 
    from
        notifications n1_0 
    left join
        users r1_0 
            on r1_0.id=n1_0.recipient_id 
    where
        r1_0.id=? 
    order by
        n1_0.created_at desc,
        n1_0.created_at desc 
    fetch
        first ? rows only
2025-11-09T12:54:43.359-08:00 DEBUG 17965 --- [JobsyApplication] [nio-8080-exec-7] org.hibernate.SQL                        : 
    select
        u1_0.id,
        u1_0.address_text,
        u1_0.avg_rating_cache,
        u1_0.bio,
        u1_0.country,
        u1_0.created_at,
        u1_0.curp,
        u1_0.firstname,
        u1_0.lastname,
        u1_0.lat,
        u1_0.lng,
        u1_0.password,
        u1_0.phone,
        p1_0.id,
        p1_0.image_id,
        p1_0.url,
        p1_0.user_id,
        u1_0.rfc_homoclave,
        u1_0.role,
        u1_0.service_radius_km,
        u1_0.username 
    from
        users u1_0 
    left join
        user_photos p1_0 
            on u1_0.id=p1_0.user_id 
    where
        u1_0.id=?
Hibernate: 
    select
        u1_0.id,
        u1_0.address_text,
        u1_0.avg_rating_cache,
        u1_0.bio,
        u1_0.country,
        u1_0.created_at,
        u1_0.curp,
        u1_0.firstname,
        u1_0.lastname,
        u1_0.lat,
        u1_0.lng,
        u1_0.password,
        u1_0.phone,
        p1_0.id,
        p1_0.image_id,
        p1_0.url,
        p1_0.user_id,
        u1_0.rfc_homoclave,
        u1_0.role,
        u1_0.service_radius_km,
        u1_0.username 
    from
        users u1_0 
    left join
        user_photos p1_0 
            on u1_0.id=p1_0.user_id 
    where
        u1_0.id=?
2025-11-09T12:54:43.449-08:00 DEBUG 17965 --- [JobsyApplication] [nio-8080-exec-7] org.hibernate.SQL                        : 
    select
        u1_0.id,
        u1_0.address_text,
        u1_0.avg_rating_cache,
        u1_0.bio,
        u1_0.country,
        u1_0.created_at,
        u1_0.curp,
        u1_0.firstname,
        u1_0.lastname,
        u1_0.lat,
        u1_0.lng,
        u1_0.password,
        u1_0.phone,
        p1_0.id,
        p1_0.image_id,
        p1_0.url,
        p1_0.user_id,
        u1_0.rfc_homoclave,
        u1_0.role,
        u1_0.service_radius_km,
        u1_0.username 
    from
        users u1_0 
    left join
        user_photos p1_0 
            on u1_0.id=p1_0.user_id 
    where
        u1_0.id=?
Hibernate: 
    select
        u1_0.id,
        u1_0.address_text,
        u1_0.avg_rating_cache,
        u1_0.bio,
        u1_0.country,
        u1_0.created_at,
        u1_0.curp,
        u1_0.firstname,
        u1_0.lastname,
        u1_0.lat,
        u1_0.lng,
        u1_0.password,
        u1_0.phone,
        p1_0.id,
        p1_0.image_id,
        p1_0.url,
        p1_0.user_id,
        u1_0.rfc_homoclave,
        u1_0.role,
        u1_0.service_radius_km,
        u1_0.username 
    from
        users u1_0 
    left join
        user_photos p1_0 
            on u1_0.id=p1_0.user_id 
    where
        u1_0.id=?
2025-11-09T12:54:43.538-08:00 DEBUG 17965 --- [JobsyApplication] [nio-8080-exec-7] org.hibernate.SQL                        : 
    select
        d1_0.provider_request_id,
        d1_0.id,
        d1_0.public_id,
        d1_0.url 
    from
        provider_documents d1_0 
    where
        d1_0.provider_request_id=?
Hibernate: 
    select
        d1_0.provider_request_id,
        d1_0.id,
        d1_0.public_id,
        d1_0.url 
    from
        provider_documents d1_0 
    where
        d1_0.provider_request_id=?
2025-11-09T12:54:43.628-08:00 DEBUG 17965 --- [JobsyApplication] [nio-8080-exec-7] org.hibernate.SQL                        : 
    select
        d1_0.provider_request_id,
        d1_0.id,
        d1_0.public_id,
        d1_0.url 
    from
        provider_documents d1_0 
    where
        d1_0.provider_request_id=?
Hibernate: 
    select
        d1_0.provider_request_id,
        d1_0.id,
        d1_0.public_id,
        d1_0.url 
    from
        provider_documents d1_0 
    where
        d1_0.provider_request_id=?
2025-11-09T12:54:43.718-08:00 DEBUG 17965 --- [JobsyApplication] [nio-8080-exec-7] org.hibernate.SQL                        : 
    select
        d1_0.provider_request_id,
        d1_0.id,
        d1_0.public_id,
        d1_0.url 
    from
        provider_documents d1_0 
    where
        d1_0.provider_request_id=?
Hibernate: 
    select
        d1_0.provider_request_id,
        d1_0.id,
        d1_0.public_id,
        d1_0.url 
    from
        provider_documents d1_0 
    where
        d1_0.provider_request_id=?
2025-11-09T12:54:43.807-08:00 DEBUG 17965 --- [JobsyApplication] [nio-8080-exec-7] org.hibernate.SQL                        : 
    select
        d1_0.provider_request_id,
        d1_0.id,
        d1_0.public_id,
        d1_0.url 
    from
        provider_documents d1_0 
    where
        d1_0.provider_request_id=?
Hibernate: 
    select
        d1_0.provider_request_id,
        d1_0.id,
        d1_0.public_id,
        d1_0.url 
    from
        provider_documents d1_0 
    where
        d1_0.provider_request_id=?
2025-11-09T12:54:43.895-08:00 DEBUG 17965 --- [JobsyApplication] [nio-8080-exec-7] org.hibernate.SQL                        : 
    select
        d1_0.provider_request_id,
        d1_0.id,
        d1_0.public_id,
        d1_0.url 
    from
        provider_documents d1_0 
    where
        d1_0.provider_request_id=?
Hibernate: 
    select
        d1_0.provider_request_id,
        d1_0.id,
        d1_0.public_id,
        d1_0.url 
    from
        provider_documents d1_0 
    where
        d1_0.provider_request_id=?
2025-11-09T12:54:43.983-08:00 DEBUG 17965 --- [JobsyApplication] [nio-8080-exec-7] org.hibernate.SQL                        : 
    select
        d1_0.provider_request_id,
        d1_0.id,
        d1_0.public_id,
        d1_0.url 
    from
        provider_documents d1_0 
    where
        d1_0.provider_request_id=?
Hibernate: 
    select
        d1_0.provider_request_id,
        d1_0.id,
        d1_0.public_id,
        d1_0.url 
    from
        provider_documents d1_0 
    where
        d1_0.provider_request_id=?
2025-11-09T12:54:44.071-08:00 DEBUG 17965 --- [JobsyApplication] [nio-8080-exec-7] org.hibernate.SQL                        : 
    select
        d1_0.provider_request_id,
        d1_0.id,
        d1_0.public_id,
        d1_0.url 
    from
        provider_documents d1_0 
    where
        d1_0.provider_request_id=?
Hibernate: 
    select
        d1_0.provider_request_id,
        d1_0.id,
        d1_0.public_id,
        d1_0.url 
    from
        provider_documents d1_0 
    where
        d1_0.provider_request_id=?
2025-11-09T12:54:44.160-08:00 DEBUG 17965 --- [JobsyApplication] [nio-8080-exec-7] org.hibernate.SQL                        : 
    select
        d1_0.provider_request_id,
        d1_0.id,
        d1_0.public_id,
        d1_0.url 
    from
        provider_documents d1_0 
    where
        d1_0.provider_request_id=?
Hibernate: 
    select
        d1_0.provider_request_id,
        d1_0.id,
        d1_0.public_id,
        d1_0.url 
    from
        provider_documents d1_0 
    where
        d1_0.provider_request_id=?
2025-11-09T12:54:45.591-08:00 DEBUG 17965 --- [JobsyApplication] [nio-8080-exec-2] org.hibernate.SQL                        : 
    /* <criteria> */ select
        u1_0.id,
        u1_0.address_text,
        u1_0.avg_rating_cache,
        u1_0.bio,
        u1_0.country,
        u1_0.created_at,
        u1_0.curp,
        u1_0.firstname,
        u1_0.lastname,
        u1_0.lat,
        u1_0.lng,
        u1_0.password,
        u1_0.phone,
        u1_0.rfc_homoclave,
        u1_0.role,
        u1_0.service_radius_km,
        u1_0.username 
    from
        users u1_0 
    where
        u1_0.username=?
Hibernate: 
    /* <criteria> */ select
        u1_0.id,
        u1_0.address_text,
        u1_0.avg_rating_cache,
        u1_0.bio,
        u1_0.country,
        u1_0.created_at,
        u1_0.curp,
        u1_0.firstname,
        u1_0.lastname,
        u1_0.lat,
        u1_0.lng,
        u1_0.password,
        u1_0.phone,
        u1_0.rfc_homoclave,
        u1_0.role,
        u1_0.service_radius_km,
        u1_0.username 
    from
        users u1_0 
    where
        u1_0.username=?
2025-11-09T12:54:45.618-08:00 DEBUG 17965 --- [JobsyApplication] [nio-8080-exec-3] org.hibernate.SQL                        : 
    /* <criteria> */ select
        u1_0.id,
        u1_0.address_text,
        u1_0.avg_rating_cache,
        u1_0.bio,
        u1_0.country,
        u1_0.created_at,
        u1_0.curp,
        u1_0.firstname,
        u1_0.lastname,
        u1_0.lat,
        u1_0.lng,
        u1_0.password,
        u1_0.phone,
        u1_0.rfc_homoclave,
        u1_0.role,
        u1_0.service_radius_km,
        u1_0.username 
    from
        users u1_0 
    where
        u1_0.username=?
Hibernate: 
    /* <criteria> */ select
        u1_0.id,
        u1_0.address_text,
        u1_0.avg_rating_cache,
        u1_0.bio,
        u1_0.country,
        u1_0.created_at,
        u1_0.curp,
        u1_0.firstname,
        u1_0.lastname,
        u1_0.lat,
        u1_0.lng,
        u1_0.password,
        u1_0.phone,
        u1_0.rfc_homoclave,
        u1_0.role,
        u1_0.service_radius_km,
        u1_0.username 
    from
        users u1_0 
    where
        u1_0.username=?
2025-11-09T12:54:45.638-08:00 DEBUG 17965 --- [JobsyApplication] [nio-8080-exec-1] org.hibernate.SQL                        : 
    /* <criteria> */ select
        u1_0.id,
        u1_0.address_text,
        u1_0.avg_rating_cache,
        u1_0.bio,
        u1_0.country,
        u1_0.created_at,
        u1_0.curp,
        u1_0.firstname,
        u1_0.lastname,
        u1_0.lat,
        u1_0.lng,
        u1_0.password,
        u1_0.phone,
        u1_0.rfc_homoclave,
        u1_0.role,
        u1_0.service_radius_km,
        u1_0.username 
    from
        users u1_0 
    where
        u1_0.username=?
Hibernate: 
    /* <criteria> */ select
        u1_0.id,
        u1_0.address_text,
        u1_0.avg_rating_cache,
        u1_0.bio,
        u1_0.country,
        u1_0.created_at,
        u1_0.curp,
        u1_0.firstname,
        u1_0.lastname,
        u1_0.lat,
        u1_0.lng,
        u1_0.password,
        u1_0.phone,
        u1_0.rfc_homoclave,
        u1_0.role,
        u1_0.service_radius_km,
        u1_0.username 
    from
        users u1_0 
    where
        u1_0.username=?
2025-11-09T12:54:45.770-08:00 DEBUG 17965 --- [JobsyApplication] [nio-8080-exec-2] org.hibernate.SQL                        : 
    select
        up1_0.id,
        up1_0.image_id,
        up1_0.url,
        up1_0.user_id,
        u1_0.id,
        u1_0.address_text,
        u1_0.avg_rating_cache,
        u1_0.bio,
        u1_0.country,
        u1_0.created_at,
        u1_0.curp,
        u1_0.firstname,
        u1_0.lastname,
        u1_0.lat,
        u1_0.lng,
        u1_0.password,
        u1_0.phone,
        u1_0.rfc_homoclave,
        u1_0.role,
        u1_0.service_radius_km,
        u1_0.username 
    from
        user_photos up1_0 
    join
        users u1_0 
            on u1_0.id=up1_0.user_id 
    where
        up1_0.user_id=?
Hibernate: 
    select
        up1_0.id,
        up1_0.image_id,
        up1_0.url,
        up1_0.user_id,
        u1_0.id,
        u1_0.address_text,
        u1_0.avg_rating_cache,
        u1_0.bio,
        u1_0.country,
        u1_0.created_at,
        u1_0.curp,
        u1_0.firstname,
        u1_0.lastname,
        u1_0.lat,
        u1_0.lng,
        u1_0.password,
        u1_0.phone,
        u1_0.rfc_homoclave,
        u1_0.role,
        u1_0.service_radius_km,
        u1_0.username 
    from
        user_photos up1_0 
    join
        users u1_0 
            on u1_0.id=up1_0.user_id 
    where
        up1_0.user_id=?
2025-11-09T12:54:45.787-08:00 DEBUG 17965 --- [JobsyApplication] [nio-8080-exec-3] org.hibernate.SQL                        : 
    select
        up1_0.id,
        up1_0.image_id,
        up1_0.url,
        up1_0.user_id,
        u1_0.id,
        u1_0.address_text,
        u1_0.avg_rating_cache,
        u1_0.bio,
        u1_0.country,
        u1_0.created_at,
        u1_0.curp,
        u1_0.firstname,
        u1_0.lastname,
        u1_0.lat,
        u1_0.lng,
        u1_0.password,
        u1_0.phone,
        u1_0.rfc_homoclave,
        u1_0.role,
        u1_0.service_radius_km,
        u1_0.username 
    from
        user_photos up1_0 
    join
        users u1_0 
            on u1_0.id=up1_0.user_id 
    where
        up1_0.user_id=?
Hibernate: 
    select
        up1_0.id,
        up1_0.image_id,
        up1_0.url,
        up1_0.user_id,
        u1_0.id,
        u1_0.address_text,
        u1_0.avg_rating_cache,
        u1_0.bio,
        u1_0.country,
        u1_0.created_at,
        u1_0.curp,
        u1_0.firstname,
        u1_0.lastname,
        u1_0.lat,
        u1_0.lng,
        u1_0.password,
        u1_0.phone,
        u1_0.rfc_homoclave,
        u1_0.role,
        u1_0.service_radius_km,
        u1_0.username 
    from
        user_photos up1_0 
    join
        users u1_0 
            on u1_0.id=up1_0.user_id 
    where
        up1_0.user_id=?
2025-11-09T12:54:45.793-08:00 DEBUG 17965 --- [JobsyApplication] [nio-8080-exec-9] org.hibernate.SQL                        : 
    /* <criteria> */ select
        u1_0.id,
        u1_0.address_text,
        u1_0.avg_rating_cache,
        u1_0.bio,
        u1_0.country,
        u1_0.created_at,
        u1_0.curp,
        u1_0.firstname,
        u1_0.lastname,
        u1_0.lat,
        u1_0.lng,
        u1_0.password,
        u1_0.phone,
        u1_0.rfc_homoclave,
        u1_0.role,
        u1_0.service_radius_km,
        u1_0.username 
    from
        users u1_0 
    where
        u1_0.username=?
Hibernate: 
    /* <criteria> */ select
        u1_0.id,
        u1_0.address_text,
        u1_0.avg_rating_cache,
        u1_0.bio,
        u1_0.country,
        u1_0.created_at,
        u1_0.curp,
        u1_0.firstname,
        u1_0.lastname,
        u1_0.lat,
        u1_0.lng,
        u1_0.password,
        u1_0.phone,
        u1_0.rfc_homoclave,
        u1_0.role,
        u1_0.service_radius_km,
        u1_0.username 
    from
        users u1_0 
    where
        u1_0.username=?
2025-11-09T12:54:45.816-08:00 DEBUG 17965 --- [JobsyApplication] [nio-8080-exec-1] org.hibernate.SQL                        : 
    select
        up1_0.id,
        up1_0.image_id,
        up1_0.url,
        up1_0.user_id,
        u1_0.id,
        u1_0.address_text,
        u1_0.avg_rating_cache,
        u1_0.bio,
        u1_0.country,
        u1_0.created_at,
        u1_0.curp,
        u1_0.firstname,
        u1_0.lastname,
        u1_0.lat,
        u1_0.lng,
        u1_0.password,
        u1_0.phone,
        u1_0.rfc_homoclave,
        u1_0.role,
        u1_0.service_radius_km,
        u1_0.username 
    from
        user_photos up1_0 
    join
        users u1_0 
            on u1_0.id=up1_0.user_id 
    where
        up1_0.user_id=?
Hibernate: 
    select
        up1_0.id,
        up1_0.image_id,
        up1_0.url,
        up1_0.user_id,
        u1_0.id,
        u1_0.address_text,
        u1_0.avg_rating_cache,
        u1_0.bio,
        u1_0.country,
        u1_0.created_at,
        u1_0.curp,
        u1_0.firstname,
        u1_0.lastname,
        u1_0.lat,
        u1_0.lng,
        u1_0.password,
        u1_0.phone,
        u1_0.rfc_homoclave,
        u1_0.role,
        u1_0.service_radius_km,
        u1_0.username 
    from
        user_photos up1_0 
    join
        users u1_0 
            on u1_0.id=up1_0.user_id 
    where
        up1_0.user_id=?
2025-11-09T12:54:45.877-08:00 DEBUG 17965 --- [JobsyApplication] [nio-8080-exec-3] org.hibernate.SQL                        : 
    /* <criteria> */ select
        pr1_0.id,
        pr1_0.address_text,
        pr1_0.bio,
        pr1_0.created_at,
        pr1_0.curp,
        pr1_0.rejection_reason,
        pr1_0.reviewed_at,
        pr1_0.reviewed_by,
        pr1_0.rfc_homoclave,
        pr1_0.status,
        pr1_0.updated_at,
        pr1_0.user_id 
    from
        provider_applies pr1_0 
    offset
        ? rows 
    fetch
        first ? rows only
Hibernate: 
    /* <criteria> */ select
        pr1_0.id,
        pr1_0.address_text,
        pr1_0.bio,
        pr1_0.created_at,
        pr1_0.curp,
        pr1_0.rejection_reason,
        pr1_0.reviewed_at,
        pr1_0.reviewed_by,
        pr1_0.rfc_homoclave,
        pr1_0.status,
        pr1_0.updated_at,
        pr1_0.user_id 
    from
        provider_applies pr1_0 
    offset
        ? rows 
    fetch
        first ? rows only
2025-11-09T12:54:45.910-08:00 DEBUG 17965 --- [JobsyApplication] [nio-8080-exec-1] org.hibernate.SQL                        : 
    /* <criteria> */ select
        n1_0.id,
        n1_0.created_at,
        n1_0.message,
        n1_0.read,
        n1_0.recipient_id,
        n1_0.title,
        n1_0.type 
    from
        notifications n1_0 
    left join
        users r1_0 
            on r1_0.id=n1_0.recipient_id 
    where
        r1_0.id=? 
    order by
        n1_0.created_at desc,
        n1_0.created_at desc 
    fetch
        first ? rows only
Hibernate: 
    /* <criteria> */ select
        n1_0.id,
        n1_0.created_at,
        n1_0.message,
        n1_0.read,
        n1_0.recipient_id,
        n1_0.title,
        n1_0.type 
    from
        notifications n1_0 
    left join
        users r1_0 
            on r1_0.id=n1_0.recipient_id 
    where
        r1_0.id=? 
    order by
        n1_0.created_at desc,
        n1_0.created_at desc 
    fetch
        first ? rows only
2025-11-09T12:54:45.960-08:00 DEBUG 17965 --- [JobsyApplication] [nio-8080-exec-9] org.hibernate.SQL                        : 
    select
        up1_0.id,
        up1_0.image_id,
        up1_0.url,
        up1_0.user_id,
        u1_0.id,
        u1_0.address_text,
        u1_0.avg_rating_cache,
        u1_0.bio,
        u1_0.country,
        u1_0.created_at,
        u1_0.curp,
        u1_0.firstname,
        u1_0.lastname,
        u1_0.lat,
        u1_0.lng,
        u1_0.password,
        u1_0.phone,
        u1_0.rfc_homoclave,
        u1_0.role,
        u1_0.service_radius_km,
        u1_0.username 
    from
        user_photos up1_0 
    join
        users u1_0 
            on u1_0.id=up1_0.user_id 
    where
        up1_0.user_id=?
Hibernate: 
    select
        up1_0.id,
        up1_0.image_id,
        up1_0.url,
        up1_0.user_id,
        u1_0.id,
        u1_0.address_text,
        u1_0.avg_rating_cache,
        u1_0.bio,
        u1_0.country,
        u1_0.created_at,
        u1_0.curp,
        u1_0.firstname,
        u1_0.lastname,
        u1_0.lat,
        u1_0.lng,
        u1_0.password,
        u1_0.phone,
        u1_0.rfc_homoclave,
        u1_0.role,
        u1_0.service_radius_km,
        u1_0.username 
    from
        user_photos up1_0 
    join
        users u1_0 
            on u1_0.id=up1_0.user_id 
    where
        up1_0.user_id=?
2025-11-09T12:54:45.963-08:00 DEBUG 17965 --- [JobsyApplication] [nio-8080-exec-3] org.hibernate.SQL                        : 
    select
        u1_0.id,
        u1_0.address_text,
        u1_0.avg_rating_cache,
        u1_0.bio,
        u1_0.country,
        u1_0.created_at,
        u1_0.curp,
        u1_0.firstname,
        u1_0.lastname,
        u1_0.lat,
        u1_0.lng,
        u1_0.password,
        u1_0.phone,
        p1_0.id,
        p1_0.image_id,
        p1_0.url,
        p1_0.user_id,
        u1_0.rfc_homoclave,
        u1_0.role,
        u1_0.service_radius_km,
        u1_0.username 
    from
        users u1_0 
    left join
        user_photos p1_0 
            on u1_0.id=p1_0.user_id 
    where
        u1_0.id=?
Hibernate: 
    select
        u1_0.id,
        u1_0.address_text,
        u1_0.avg_rating_cache,
        u1_0.bio,
        u1_0.country,
        u1_0.created_at,
        u1_0.curp,
        u1_0.firstname,
        u1_0.lastname,
        u1_0.lat,
        u1_0.lng,
        u1_0.password,
        u1_0.phone,
        p1_0.id,
        p1_0.image_id,
        p1_0.url,
        p1_0.user_id,
        u1_0.rfc_homoclave,
        u1_0.role,
        u1_0.service_radius_km,
        u1_0.username 
    from
        users u1_0 
    left join
        user_photos p1_0 
            on u1_0.id=p1_0.user_id 
    where
        u1_0.id=?
2025-11-09T12:54:46.009-08:00 DEBUG 17965 --- [JobsyApplication] [nio-8080-exec-7] org.hibernate.SQL                        : 
    /* <criteria> */ select
        u1_0.id,
        u1_0.address_text,
        u1_0.avg_rating_cache,
        u1_0.bio,
        u1_0.country,
        u1_0.created_at,
        u1_0.curp,
        u1_0.firstname,
        u1_0.lastname,
        u1_0.lat,
        u1_0.lng,
        u1_0.password,
        u1_0.phone,
        u1_0.rfc_homoclave,
        u1_0.role,
        u1_0.service_radius_km,
        u1_0.username 
    from
        users u1_0 
    where
        u1_0.username=?
Hibernate: 
    /* <criteria> */ select
        u1_0.id,
        u1_0.address_text,
        u1_0.avg_rating_cache,
        u1_0.bio,
        u1_0.country,
        u1_0.created_at,
        u1_0.curp,
        u1_0.firstname,
        u1_0.lastname,
        u1_0.lat,
        u1_0.lng,
        u1_0.password,
        u1_0.phone,
        u1_0.rfc_homoclave,
        u1_0.role,
        u1_0.service_radius_km,
        u1_0.username 
    from
        users u1_0 
    where
        u1_0.username=?
2025-11-09T12:54:46.049-08:00 DEBUG 17965 --- [JobsyApplication] [nio-8080-exec-3] org.hibernate.SQL                        : 
    select
        u1_0.id,
        u1_0.address_text,
        u1_0.avg_rating_cache,
        u1_0.bio,
        u1_0.country,
        u1_0.created_at,
        u1_0.curp,
        u1_0.firstname,
        u1_0.lastname,
        u1_0.lat,
        u1_0.lng,
        u1_0.password,
        u1_0.phone,
        p1_0.id,
        p1_0.image_id,
        p1_0.url,
        p1_0.user_id,
        u1_0.rfc_homoclave,
        u1_0.role,
        u1_0.service_radius_km,
        u1_0.username 
    from
        users u1_0 
    left join
        user_photos p1_0 
            on u1_0.id=p1_0.user_id 
    where
        u1_0.id=?
Hibernate: 
    select
        u1_0.id,
        u1_0.address_text,
        u1_0.avg_rating_cache,
        u1_0.bio,
        u1_0.country,
        u1_0.created_at,
        u1_0.curp,
        u1_0.firstname,
        u1_0.lastname,
        u1_0.lat,
        u1_0.lng,
        u1_0.password,
        u1_0.phone,
        p1_0.id,
        p1_0.image_id,
        p1_0.url,
        p1_0.user_id,
        u1_0.rfc_homoclave,
        u1_0.role,
        u1_0.service_radius_km,
        u1_0.username 
    from
        users u1_0 
    left join
        user_photos p1_0 
            on u1_0.id=p1_0.user_id 
    where
        u1_0.id=?
2025-11-09T12:54:46.057-08:00 DEBUG 17965 --- [JobsyApplication] [nio-8080-exec-9] org.hibernate.SQL                        : 
    /* SELECT
        new com.fran.jobsy.app.dto.user.UserResponse(u.id, u.username, u.role, u.firstname, u.lastname, u.country, u.phone, u.createdAt) 
    FROM
        User u */ select
            u1_0.id,
            u1_0.username,
            u1_0.role,
            u1_0.firstname,
            u1_0.lastname,
            u1_0.country,
            u1_0.phone,
            u1_0.created_at 
        from
            users u1_0
Hibernate: 
    /* SELECT
        new com.fran.jobsy.app.dto.user.UserResponse(u.id, u.username, u.role, u.firstname, u.lastname, u.country, u.phone, u.createdAt) 
    FROM
        User u */ select
            u1_0.id,
            u1_0.username,
            u1_0.role,
            u1_0.firstname,
            u1_0.lastname,
            u1_0.country,
            u1_0.phone,
            u1_0.created_at 
        from
            users u1_0
2025-11-09T12:54:46.098-08:00 DEBUG 17965 --- [JobsyApplication] [nio-8080-exec-7] org.hibernate.SQL                        : 
    select
        up1_0.id,
        up1_0.image_id,
        up1_0.url,
        up1_0.user_id,
        u1_0.id,
        u1_0.address_text,
        u1_0.avg_rating_cache,
        u1_0.bio,
        u1_0.country,
        u1_0.created_at,
        u1_0.curp,
        u1_0.firstname,
        u1_0.lastname,
        u1_0.lat,
        u1_0.lng,
        u1_0.password,
        u1_0.phone,
        u1_0.rfc_homoclave,
        u1_0.role,
        u1_0.service_radius_km,
        u1_0.username 
    from
        user_photos up1_0 
    join
        users u1_0 
            on u1_0.id=up1_0.user_id 
    where
        up1_0.user_id=?
Hibernate: 
    select
        up1_0.id,
        up1_0.image_id,
        up1_0.url,
        up1_0.user_id,
        u1_0.id,
        u1_0.address_text,
        u1_0.avg_rating_cache,
        u1_0.bio,
        u1_0.country,
        u1_0.created_at,
        u1_0.curp,
        u1_0.firstname,
        u1_0.lastname,
        u1_0.lat,
        u1_0.lng,
        u1_0.password,
        u1_0.phone,
        u1_0.rfc_homoclave,
        u1_0.role,
        u1_0.service_radius_km,
        u1_0.username 
    from
        user_photos up1_0 
    join
        users u1_0 
            on u1_0.id=up1_0.user_id 
    where
        up1_0.user_id=?
2025-11-09T12:54:46.137-08:00 DEBUG 17965 --- [JobsyApplication] [nio-8080-exec-3] org.hibernate.SQL                        : 
    select
        d1_0.provider_request_id,
        d1_0.id,
        d1_0.public_id,
        d1_0.url 
    from
        provider_documents d1_0 
    where
        d1_0.provider_request_id=?
Hibernate: 
    select
        d1_0.provider_request_id,
        d1_0.id,
        d1_0.public_id,
        d1_0.url 
    from
        provider_documents d1_0 
    where
        d1_0.provider_request_id=?
2025-11-09T12:54:46.221-08:00 DEBUG 17965 --- [JobsyApplication] [nio-8080-exec-3] org.hibernate.SQL                        : 
    select
        d1_0.provider_request_id,
        d1_0.id,
        d1_0.public_id,
        d1_0.url 
    from
        provider_documents d1_0 
    where
        d1_0.provider_request_id=?
Hibernate: 
    select
        d1_0.provider_request_id,
        d1_0.id,
        d1_0.public_id,
        d1_0.url 
    from
        provider_documents d1_0 
    where
        d1_0.provider_request_id=?
2025-11-09T12:54:46.291-08:00 DEBUG 17965 --- [JobsyApplication] [io-8080-exec-10] org.hibernate.SQL                        : 
    /* <criteria> */ select
        u1_0.id,
        u1_0.address_text,
        u1_0.avg_rating_cache,
        u1_0.bio,
        u1_0.country,
        u1_0.created_at,
        u1_0.curp,
        u1_0.firstname,
        u1_0.lastname,
        u1_0.lat,
        u1_0.lng,
        u1_0.password,
        u1_0.phone,
        u1_0.rfc_homoclave,
        u1_0.role,
        u1_0.service_radius_km,
        u1_0.username 
    from
        users u1_0 
    where
        u1_0.username=?
Hibernate: 
    /* <criteria> */ select
        u1_0.id,
        u1_0.address_text,
        u1_0.avg_rating_cache,
        u1_0.bio,
        u1_0.country,
        u1_0.created_at,
        u1_0.curp,
        u1_0.firstname,
        u1_0.lastname,
        u1_0.lat,
        u1_0.lng,
        u1_0.password,
        u1_0.phone,
        u1_0.rfc_homoclave,
        u1_0.role,
        u1_0.service_radius_km,
        u1_0.username 
    from
        users u1_0 
    where
        u1_0.username=?
2025-11-09T12:54:46.307-08:00 DEBUG 17965 --- [JobsyApplication] [nio-8080-exec-3] org.hibernate.SQL                        : 
    select
        d1_0.provider_request_id,
        d1_0.id,
        d1_0.public_id,
        d1_0.url 
    from
        provider_documents d1_0 
    where
        d1_0.provider_request_id=?
Hibernate: 
    select
        d1_0.provider_request_id,
        d1_0.id,
        d1_0.public_id,
        d1_0.url 
    from
        provider_documents d1_0 
    where
        d1_0.provider_request_id=?
2025-11-09T12:54:46.381-08:00 DEBUG 17965 --- [JobsyApplication] [io-8080-exec-10] org.hibernate.SQL                        : 
    select
        up1_0.id,
        up1_0.image_id,
        up1_0.url,
        up1_0.user_id,
        u1_0.id,
        u1_0.address_text,
        u1_0.avg_rating_cache,
        u1_0.bio,
        u1_0.country,
        u1_0.created_at,
        u1_0.curp,
        u1_0.firstname,
        u1_0.lastname,
        u1_0.lat,
        u1_0.lng,
        u1_0.password,
        u1_0.phone,
        u1_0.rfc_homoclave,
        u1_0.role,
        u1_0.service_radius_km,
        u1_0.username 
    from
        user_photos up1_0 
    join
        users u1_0 
            on u1_0.id=up1_0.user_id 
    where
        up1_0.user_id=?
Hibernate: 
    select
        up1_0.id,
        up1_0.image_id,
        up1_0.url,
        up1_0.user_id,
        u1_0.id,
        u1_0.address_text,
        u1_0.avg_rating_cache,
        u1_0.bio,
        u1_0.country,
        u1_0.created_at,
        u1_0.curp,
        u1_0.firstname,
        u1_0.lastname,
        u1_0.lat,
        u1_0.lng,
        u1_0.password,
        u1_0.phone,
        u1_0.rfc_homoclave,
        u1_0.role,
        u1_0.service_radius_km,
        u1_0.username 
    from
        user_photos up1_0 
    join
        users u1_0 
            on u1_0.id=up1_0.user_id 
    where
        up1_0.user_id=?
2025-11-09T12:54:46.392-08:00 DEBUG 17965 --- [JobsyApplication] [nio-8080-exec-3] org.hibernate.SQL                        : 
    select
        d1_0.provider_request_id,
        d1_0.id,
        d1_0.public_id,
        d1_0.url 
    from
        provider_documents d1_0 
    where
        d1_0.provider_request_id=?
Hibernate: 
    select
        d1_0.provider_request_id,
        d1_0.id,
        d1_0.public_id,
        d1_0.url 
    from
        provider_documents d1_0 
    where
        d1_0.provider_request_id=?
2025-11-09T12:54:46.475-08:00 DEBUG 17965 --- [JobsyApplication] [io-8080-exec-10] org.hibernate.SQL                        : 
    /* SELECT
        new com.fran.jobsy.app.dto.user.UserResponse(u.id, u.username, u.role, u.firstname, u.lastname, u.country, u.phone, u.createdAt) 
    FROM
        User u */ select
            u1_0.id,
            u1_0.username,
            u1_0.role,
            u1_0.firstname,
            u1_0.lastname,
            u1_0.country,
            u1_0.phone,
            u1_0.created_at 
        from
            users u1_0
Hibernate: 
    /* SELECT
        new com.fran.jobsy.app.dto.user.UserResponse(u.id, u.username, u.role, u.firstname, u.lastname, u.country, u.phone, u.createdAt) 
    FROM
        User u */ select
            u1_0.id,
            u1_0.username,
            u1_0.role,
            u1_0.firstname,
            u1_0.lastname,
            u1_0.country,
            u1_0.phone,
            u1_0.created_at 
        from
            users u1_0
2025-11-09T12:54:46.477-08:00 DEBUG 17965 --- [JobsyApplication] [nio-8080-exec-3] org.hibernate.SQL                        : 
    select
        d1_0.provider_request_id,
        d1_0.id,
        d1_0.public_id,
        d1_0.url 
    from
        provider_documents d1_0 
    where
        d1_0.provider_request_id=?
Hibernate: 
    select
        d1_0.provider_request_id,
        d1_0.id,
        d1_0.public_id,
        d1_0.url 
    from
        provider_documents d1_0 
    where
        d1_0.provider_request_id=?
2025-11-09T12:54:46.564-08:00 DEBUG 17965 --- [JobsyApplication] [nio-8080-exec-3] org.hibernate.SQL                        : 
    select
        d1_0.provider_request_id,
        d1_0.id,
        d1_0.public_id,
        d1_0.url 
    from
        provider_documents d1_0 
    where
        d1_0.provider_request_id=?
Hibernate: 
    select
        d1_0.provider_request_id,
        d1_0.id,
        d1_0.public_id,
        d1_0.url 
    from
        provider_documents d1_0 
    where
        d1_0.provider_request_id=?
2025-11-09T12:54:46.649-08:00 DEBUG 17965 --- [JobsyApplication] [nio-8080-exec-3] org.hibernate.SQL                        : 
    select
        d1_0.provider_request_id,
        d1_0.id,
        d1_0.public_id,
        d1_0.url 
    from
        provider_documents d1_0 
    where
        d1_0.provider_request_id=?
Hibernate: 
    select
        d1_0.provider_request_id,
        d1_0.id,
        d1_0.public_id,
        d1_0.url 
    from
        provider_documents d1_0 
    where
        d1_0.provider_request_id=?
2025-11-09T12:54:46.733-08:00 DEBUG 17965 --- [JobsyApplication] [nio-8080-exec-3] org.hibernate.SQL                        : 
    select
        d1_0.provider_request_id,
        d1_0.id,
        d1_0.public_id,
        d1_0.url 
    from
        provider_documents d1_0 
    where
        d1_0.provider_request_id=?
Hibernate: 
    select
        d1_0.provider_request_id,
        d1_0.id,
        d1_0.public_id,
        d1_0.url 
    from
        provider_documents d1_0 
    where
        d1_0.provider_request_id=?
2025-11-09T12:54:47.158-08:00 DEBUG 17965 --- [JobsyApplication] [nio-8080-exec-5] org.hibernate.SQL                        : 
    /* <criteria> */ select
        u1_0.id,
        u1_0.address_text,
        u1_0.avg_rating_cache,
        u1_0.bio,
        u1_0.country,
        u1_0.created_at,
        u1_0.curp,
        u1_0.firstname,
        u1_0.lastname,
        u1_0.lat,
        u1_0.lng,
        u1_0.password,
        u1_0.phone,
        u1_0.rfc_homoclave,
        u1_0.role,
        u1_0.service_radius_km,
        u1_0.username 
    from
        users u1_0 
    where
        u1_0.username=?
Hibernate: 
    /* <criteria> */ select
        u1_0.id,
        u1_0.address_text,
        u1_0.avg_rating_cache,
        u1_0.bio,
        u1_0.country,
        u1_0.created_at,
        u1_0.curp,
        u1_0.firstname,
        u1_0.lastname,
        u1_0.lat,
        u1_0.lng,
        u1_0.password,
        u1_0.phone,
        u1_0.rfc_homoclave,
        u1_0.role,
        u1_0.service_radius_km,
        u1_0.username 
    from
        users u1_0 
    where
        u1_0.username=?
2025-11-09T12:54:47.328-08:00 DEBUG 17965 --- [JobsyApplication] [nio-8080-exec-5] org.hibernate.SQL                        : 
    select
        up1_0.id,
        up1_0.image_id,
        up1_0.url,
        up1_0.user_id,
        u1_0.id,
        u1_0.address_text,
        u1_0.avg_rating_cache,
        u1_0.bio,
        u1_0.country,
        u1_0.created_at,
        u1_0.curp,
        u1_0.firstname,
        u1_0.lastname,
        u1_0.lat,
        u1_0.lng,
        u1_0.password,
        u1_0.phone,
        u1_0.rfc_homoclave,
        u1_0.role,
        u1_0.service_radius_km,
        u1_0.username 
    from
        user_photos up1_0 
    join
        users u1_0 
            on u1_0.id=up1_0.user_id 
    where
        up1_0.user_id=?
Hibernate: 
    select
        up1_0.id,
        up1_0.image_id,
        up1_0.url,
        up1_0.user_id,
        u1_0.id,
        u1_0.address_text,
        u1_0.avg_rating_cache,
        u1_0.bio,
        u1_0.country,
        u1_0.created_at,
        u1_0.curp,
        u1_0.firstname,
        u1_0.lastname,
        u1_0.lat,
        u1_0.lng,
        u1_0.password,
        u1_0.phone,
        u1_0.rfc_homoclave,
        u1_0.role,
        u1_0.service_radius_km,
        u1_0.username 
    from
        user_photos up1_0 
    join
        users u1_0 
            on u1_0.id=up1_0.user_id 
    where
        up1_0.user_id=?
2025-11-09T12:54:47.418-08:00 DEBUG 17965 --- [JobsyApplication] [nio-8080-exec-5] org.hibernate.SQL                        : 
    /* <criteria> */ select
        pr1_0.id,
        pr1_0.address_text,
        pr1_0.bio,
        pr1_0.created_at,
        pr1_0.curp,
        pr1_0.rejection_reason,
        pr1_0.reviewed_at,
        pr1_0.reviewed_by,
        pr1_0.rfc_homoclave,
        pr1_0.status,
        pr1_0.updated_at,
        pr1_0.user_id 
    from
        provider_applies pr1_0 
    offset
        ? rows 
    fetch
        first ? rows only
Hibernate: 
    /* <criteria> */ select
        pr1_0.id,
        pr1_0.address_text,
        pr1_0.bio,
        pr1_0.created_at,
        pr1_0.curp,
        pr1_0.rejection_reason,
        pr1_0.reviewed_at,
        pr1_0.reviewed_by,
        pr1_0.rfc_homoclave,
        pr1_0.status,
        pr1_0.updated_at,
        pr1_0.user_id 
    from
        provider_applies pr1_0 
    offset
        ? rows 
    fetch
        first ? rows only
2025-11-09T12:54:47.503-08:00 DEBUG 17965 --- [JobsyApplication] [nio-8080-exec-5] org.hibernate.SQL                        : 
    select
        u1_0.id,
        u1_0.address_text,
        u1_0.avg_rating_cache,
        u1_0.bio,
        u1_0.country,
        u1_0.created_at,
        u1_0.curp,
        u1_0.firstname,
        u1_0.lastname,
        u1_0.lat,
        u1_0.lng,
        u1_0.password,
        u1_0.phone,
        p1_0.id,
        p1_0.image_id,
        p1_0.url,
        p1_0.user_id,
        u1_0.rfc_homoclave,
        u1_0.role,
        u1_0.service_radius_km,
        u1_0.username 
    from
        users u1_0 
    left join
        user_photos p1_0 
            on u1_0.id=p1_0.user_id 
    where
        u1_0.id=?
Hibernate: 
    select
        u1_0.id,
        u1_0.address_text,
        u1_0.avg_rating_cache,
        u1_0.bio,
        u1_0.country,
        u1_0.created_at,
        u1_0.curp,
        u1_0.firstname,
        u1_0.lastname,
        u1_0.lat,
        u1_0.lng,
        u1_0.password,
        u1_0.phone,
        p1_0.id,
        p1_0.image_id,
        p1_0.url,
        p1_0.user_id,
        u1_0.rfc_homoclave,
        u1_0.role,
        u1_0.service_radius_km,
        u1_0.username 
    from
        users u1_0 
    left join
        user_photos p1_0 
            on u1_0.id=p1_0.user_id 
    where
        u1_0.id=?
2025-11-09T12:54:47.590-08:00 DEBUG 17965 --- [JobsyApplication] [nio-8080-exec-5] org.hibernate.SQL                        : 
    select
        u1_0.id,
        u1_0.address_text,
        u1_0.avg_rating_cache,
        u1_0.bio,
        u1_0.country,
        u1_0.created_at,
        u1_0.curp,
        u1_0.firstname,
        u1_0.lastname,
        u1_0.lat,
        u1_0.lng,
        u1_0.password,
        u1_0.phone,
        p1_0.id,
        p1_0.image_id,
        p1_0.url,
        p1_0.user_id,
        u1_0.rfc_homoclave,
        u1_0.role,
        u1_0.service_radius_km,
        u1_0.username 
    from
        users u1_0 
    left join
        user_photos p1_0 
            on u1_0.id=p1_0.user_id 
    where
        u1_0.id=?
Hibernate: 
    select
        u1_0.id,
        u1_0.address_text,
        u1_0.avg_rating_cache,
        u1_0.bio,
        u1_0.country,
        u1_0.created_at,
        u1_0.curp,
        u1_0.firstname,
        u1_0.lastname,
        u1_0.lat,
        u1_0.lng,
        u1_0.password,
        u1_0.phone,
        p1_0.id,
        p1_0.image_id,
        p1_0.url,
        p1_0.user_id,
        u1_0.rfc_homoclave,
        u1_0.role,
        u1_0.service_radius_km,
        u1_0.username 
    from
        users u1_0 
    left join
        user_photos p1_0 
            on u1_0.id=p1_0.user_id 
    where
        u1_0.id=?
2025-11-09T12:54:47.675-08:00 DEBUG 17965 --- [JobsyApplication] [nio-8080-exec-5] org.hibernate.SQL                        : 
    select
        d1_0.provider_request_id,
        d1_0.id,
        d1_0.public_id,
        d1_0.url 
    from
        provider_documents d1_0 
    where
        d1_0.provider_request_id=?
Hibernate: 
    select
        d1_0.provider_request_id,
        d1_0.id,
        d1_0.public_id,
        d1_0.url 
    from
        provider_documents d1_0 
    where
        d1_0.provider_request_id=?
2025-11-09T12:54:47.759-08:00 DEBUG 17965 --- [JobsyApplication] [nio-8080-exec-5] org.hibernate.SQL                        : 
    select
        d1_0.provider_request_id,
        d1_0.id,
        d1_0.public_id,
        d1_0.url 
    from
        provider_documents d1_0 
    where
        d1_0.provider_request_id=?
Hibernate: 
    select
        d1_0.provider_request_id,
        d1_0.id,
        d1_0.public_id,
        d1_0.url 
    from
        provider_documents d1_0 
    where
        d1_0.provider_request_id=?
2025-11-09T12:54:47.845-08:00 DEBUG 17965 --- [JobsyApplication] [nio-8080-exec-5] org.hibernate.SQL                        : 
    select
        d1_0.provider_request_id,
        d1_0.id,
        d1_0.public_id,
        d1_0.url 
    from
        provider_documents d1_0 
    where
        d1_0.provider_request_id=?
Hibernate: 
    select
        d1_0.provider_request_id,
        d1_0.id,
        d1_0.public_id,
        d1_0.url 
    from
        provider_documents d1_0 
    where
        d1_0.provider_request_id=?
2025-11-09T12:54:47.930-08:00 DEBUG 17965 --- [JobsyApplication] [nio-8080-exec-5] org.hibernate.SQL                        : 
    select
        d1_0.provider_request_id,
        d1_0.id,
        d1_0.public_id,
        d1_0.url 
    from
        provider_documents d1_0 
    where
        d1_0.provider_request_id=?
Hibernate: 
    select
        d1_0.provider_request_id,
        d1_0.id,
        d1_0.public_id,
        d1_0.url 
    from
        provider_documents d1_0 
    where
        d1_0.provider_request_id=?
2025-11-09T12:54:48.015-08:00 DEBUG 17965 --- [JobsyApplication] [nio-8080-exec-5] org.hibernate.SQL                        : 
    select
        d1_0.provider_request_id,
        d1_0.id,
        d1_0.public_id,
        d1_0.url 
    from
        provider_documents d1_0 
    where
        d1_0.provider_request_id=?
Hibernate: 
    select
        d1_0.provider_request_id,
        d1_0.id,
        d1_0.public_id,
        d1_0.url 
    from
        provider_documents d1_0 
    where
        d1_0.provider_request_id=?
2025-11-09T12:54:48.102-08:00 DEBUG 17965 --- [JobsyApplication] [nio-8080-exec-5] org.hibernate.SQL                        : 
    select
        d1_0.provider_request_id,
        d1_0.id,
        d1_0.public_id,
        d1_0.url 
    from
        provider_documents d1_0 
    where
        d1_0.provider_request_id=?
Hibernate: 
    select
        d1_0.provider_request_id,
        d1_0.id,
        d1_0.public_id,
        d1_0.url 
    from
        provider_documents d1_0 
    where
        d1_0.provider_request_id=?
2025-11-09T12:54:48.186-08:00 DEBUG 17965 --- [JobsyApplication] [nio-8080-exec-5] org.hibernate.SQL                        : 
    select
        d1_0.provider_request_id,
        d1_0.id,
        d1_0.public_id,
        d1_0.url 
    from
        provider_documents d1_0 
    where
        d1_0.provider_request_id=?
Hibernate: 
    select
        d1_0.provider_request_id,
        d1_0.id,
        d1_0.public_id,
        d1_0.url 
    from
        provider_documents d1_0 
    where
        d1_0.provider_request_id=?
2025-11-09T12:54:48.271-08:00 DEBUG 17965 --- [JobsyApplication] [nio-8080-exec-5] org.hibernate.SQL                        : 
    select
        d1_0.provider_request_id,
        d1_0.id,
        d1_0.public_id,
        d1_0.url 
    from
        provider_documents d1_0 
    where
        d1_0.provider_request_id=?
Hibernate: 
    select
        d1_0.provider_request_id,
        d1_0.id,
        d1_0.public_id,
        d1_0.url 
    from
        provider_documents d1_0 
    where
        d1_0.provider_request_id=?
2025-11-09T12:54:48.593-08:00 DEBUG 17965 --- [JobsyApplication] [nio-8080-exec-8] org.hibernate.SQL                        : 
    /* <criteria> */ select
        u1_0.id,
        u1_0.address_text,
        u1_0.avg_rating_cache,
        u1_0.bio,
        u1_0.country,
        u1_0.created_at,
        u1_0.curp,
        u1_0.firstname,
        u1_0.lastname,
        u1_0.lat,
        u1_0.lng,
        u1_0.password,
        u1_0.phone,
        u1_0.rfc_homoclave,
        u1_0.role,
        u1_0.service_radius_km,
        u1_0.username 
    from
        users u1_0 
    where
        u1_0.username=?
Hibernate: 
    /* <criteria> */ select
        u1_0.id,
        u1_0.address_text,
        u1_0.avg_rating_cache,
        u1_0.bio,
        u1_0.country,
        u1_0.created_at,
        u1_0.curp,
        u1_0.firstname,
        u1_0.lastname,
        u1_0.lat,
        u1_0.lng,
        u1_0.password,
        u1_0.phone,
        u1_0.rfc_homoclave,
        u1_0.role,
        u1_0.service_radius_km,
        u1_0.username 
    from
        users u1_0 
    where
        u1_0.username=?
2025-11-09T12:54:48.681-08:00 DEBUG 17965 --- [JobsyApplication] [nio-8080-exec-8] org.hibernate.SQL                        : 
    select
        up1_0.id,
        up1_0.image_id,
        up1_0.url,
        up1_0.user_id,
        u1_0.id,
        u1_0.address_text,
        u1_0.avg_rating_cache,
        u1_0.bio,
        u1_0.country,
        u1_0.created_at,
        u1_0.curp,
        u1_0.firstname,
        u1_0.lastname,
        u1_0.lat,
        u1_0.lng,
        u1_0.password,
        u1_0.phone,
        u1_0.rfc_homoclave,
        u1_0.role,
        u1_0.service_radius_km,
        u1_0.username 
    from
        user_photos up1_0 
    join
        users u1_0 
            on u1_0.id=up1_0.user_id 
    where
        up1_0.user_id=?
Hibernate: 
    select
        up1_0.id,
        up1_0.image_id,
        up1_0.url,
        up1_0.user_id,
        u1_0.id,
        u1_0.address_text,
        u1_0.avg_rating_cache,
        u1_0.bio,
        u1_0.country,
        u1_0.created_at,
        u1_0.curp,
        u1_0.firstname,
        u1_0.lastname,
        u1_0.lat,
        u1_0.lng,
        u1_0.password,
        u1_0.phone,
        u1_0.rfc_homoclave,
        u1_0.role,
        u1_0.service_radius_km,
        u1_0.username 
    from
        user_photos up1_0 
    join
        users u1_0 
            on u1_0.id=up1_0.user_id 
    where
        up1_0.user_id=?
2025-11-09T12:54:48.689-08:00 DEBUG 17965 --- [JobsyApplication] [nio-8080-exec-9] org.hibernate.SQL                        : 
    /* <criteria> */ select
        u1_0.id,
        u1_0.address_text,
        u1_0.avg_rating_cache,
        u1_0.bio,
        u1_0.country,
        u1_0.created_at,
        u1_0.curp,
        u1_0.firstname,
        u1_0.lastname,
        u1_0.lat,
        u1_0.lng,
        u1_0.password,
        u1_0.phone,
        u1_0.rfc_homoclave,
        u1_0.role,
        u1_0.service_radius_km,
        u1_0.username 
    from
        users u1_0 
    where
        u1_0.username=?
Hibernate: 
    /* <criteria> */ select
        u1_0.id,
        u1_0.address_text,
        u1_0.avg_rating_cache,
        u1_0.bio,
        u1_0.country,
        u1_0.created_at,
        u1_0.curp,
        u1_0.firstname,
        u1_0.lastname,
        u1_0.lat,
        u1_0.lng,
        u1_0.password,
        u1_0.phone,
        u1_0.rfc_homoclave,
        u1_0.role,
        u1_0.service_radius_km,
        u1_0.username 
    from
        users u1_0 
    where
        u1_0.username=?
2025-11-09T12:54:48.770-08:00 DEBUG 17965 --- [JobsyApplication] [nio-8080-exec-8] org.hibernate.SQL                        : 
    /* <criteria> */ select
        pr1_0.id,
        pr1_0.address_text,
        pr1_0.bio,
        pr1_0.created_at,
        pr1_0.curp,
        pr1_0.rejection_reason,
        pr1_0.reviewed_at,
        pr1_0.reviewed_by,
        pr1_0.rfc_homoclave,
        pr1_0.status,
        pr1_0.updated_at,
        pr1_0.user_id 
    from
        provider_applies pr1_0 
    offset
        ? rows 
    fetch
        first ? rows only
Hibernate: 
    /* <criteria> */ select
        pr1_0.id,
        pr1_0.address_text,
        pr1_0.bio,
        pr1_0.created_at,
        pr1_0.curp,
        pr1_0.rejection_reason,
        pr1_0.reviewed_at,
        pr1_0.reviewed_by,
        pr1_0.rfc_homoclave,
        pr1_0.status,
        pr1_0.updated_at,
        pr1_0.user_id 
    from
        provider_applies pr1_0 
    offset
        ? rows 
    fetch
        first ? rows only
2025-11-09T12:54:48.855-08:00 DEBUG 17965 --- [JobsyApplication] [nio-8080-exec-8] org.hibernate.SQL                        : 
    select
        u1_0.id,
        u1_0.address_text,
        u1_0.avg_rating_cache,
        u1_0.bio,
        u1_0.country,
        u1_0.created_at,
        u1_0.curp,
        u1_0.firstname,
        u1_0.lastname,
        u1_0.lat,
        u1_0.lng,
        u1_0.password,
        u1_0.phone,
        p1_0.id,
        p1_0.image_id,
        p1_0.url,
        p1_0.user_id,
        u1_0.rfc_homoclave,
        u1_0.role,
        u1_0.service_radius_km,
        u1_0.username 
    from
        users u1_0 
    left join
        user_photos p1_0 
            on u1_0.id=p1_0.user_id 
    where
        u1_0.id=?
Hibernate: 
    select
        u1_0.id,
        u1_0.address_text,
        u1_0.avg_rating_cache,
        u1_0.bio,
        u1_0.country,
        u1_0.created_at,
        u1_0.curp,
        u1_0.firstname,
        u1_0.lastname,
        u1_0.lat,
        u1_0.lng,
        u1_0.password,
        u1_0.phone,
        p1_0.id,
        p1_0.image_id,
        p1_0.url,
        p1_0.user_id,
        u1_0.rfc_homoclave,
        u1_0.role,
        u1_0.service_radius_km,
        u1_0.username 
    from
        users u1_0 
    left join
        user_photos p1_0 
            on u1_0.id=p1_0.user_id 
    where
        u1_0.id=?
2025-11-09T12:54:48.865-08:00 DEBUG 17965 --- [JobsyApplication] [nio-8080-exec-9] org.hibernate.SQL                        : 
    select
        up1_0.id,
        up1_0.image_id,
        up1_0.url,
        up1_0.user_id,
        u1_0.id,
        u1_0.address_text,
        u1_0.avg_rating_cache,
        u1_0.bio,
        u1_0.country,
        u1_0.created_at,
        u1_0.curp,
        u1_0.firstname,
        u1_0.lastname,
        u1_0.lat,
        u1_0.lng,
        u1_0.password,
        u1_0.phone,
        u1_0.rfc_homoclave,
        u1_0.role,
        u1_0.service_radius_km,
        u1_0.username 
    from
        user_photos up1_0 
    join
        users u1_0 
            on u1_0.id=up1_0.user_id 
    where
        up1_0.user_id=?
Hibernate: 
    select
        up1_0.id,
        up1_0.image_id,
        up1_0.url,
        up1_0.user_id,
        u1_0.id,
        u1_0.address_text,
        u1_0.avg_rating_cache,
        u1_0.bio,
        u1_0.country,
        u1_0.created_at,
        u1_0.curp,
        u1_0.firstname,
        u1_0.lastname,
        u1_0.lat,
        u1_0.lng,
        u1_0.password,
        u1_0.phone,
        u1_0.rfc_homoclave,
        u1_0.role,
        u1_0.service_radius_km,
        u1_0.username 
    from
        user_photos up1_0 
    join
        users u1_0 
            on u1_0.id=up1_0.user_id 
    where
        up1_0.user_id=?
2025-11-09T12:54:48.942-08:00 DEBUG 17965 --- [JobsyApplication] [nio-8080-exec-8] org.hibernate.SQL                        : 
    select
        u1_0.id,
        u1_0.address_text,
        u1_0.avg_rating_cache,
        u1_0.bio,
        u1_0.country,
        u1_0.created_at,
        u1_0.curp,
        u1_0.firstname,
        u1_0.lastname,
        u1_0.lat,
        u1_0.lng,
        u1_0.password,
        u1_0.phone,
        p1_0.id,
        p1_0.image_id,
        p1_0.url,
        p1_0.user_id,
        u1_0.rfc_homoclave,
        u1_0.role,
        u1_0.service_radius_km,
        u1_0.username 
    from
        users u1_0 
    left join
        user_photos p1_0 
            on u1_0.id=p1_0.user_id 
    where
        u1_0.id=?
Hibernate: 
    select
        u1_0.id,
        u1_0.address_text,
        u1_0.avg_rating_cache,
        u1_0.bio,
        u1_0.country,
        u1_0.created_at,
        u1_0.curp,
        u1_0.firstname,
        u1_0.lastname,
        u1_0.lat,
        u1_0.lng,
        u1_0.password,
        u1_0.phone,
        p1_0.id,
        p1_0.image_id,
        p1_0.url,
        p1_0.user_id,
        u1_0.rfc_homoclave,
        u1_0.role,
        u1_0.service_radius_km,
        u1_0.username 
    from
        users u1_0 
    left join
        user_photos p1_0 
            on u1_0.id=p1_0.user_id 
    where
        u1_0.id=?
2025-11-09T12:54:48.959-08:00 DEBUG 17965 --- [JobsyApplication] [nio-8080-exec-9] org.hibernate.SQL                        : 
    /* <criteria> */ select
        pr1_0.id,
        pr1_0.address_text,
        pr1_0.bio,
        pr1_0.created_at,
        pr1_0.curp,
        pr1_0.rejection_reason,
        pr1_0.reviewed_at,
        pr1_0.reviewed_by,
        pr1_0.rfc_homoclave,
        pr1_0.status,
        pr1_0.updated_at,
        pr1_0.user_id 
    from
        provider_applies pr1_0 
    offset
        ? rows 
    fetch
        first ? rows only
Hibernate: 
    /* <criteria> */ select
        pr1_0.id,
        pr1_0.address_text,
        pr1_0.bio,
        pr1_0.created_at,
        pr1_0.curp,
        pr1_0.rejection_reason,
        pr1_0.reviewed_at,
        pr1_0.reviewed_by,
        pr1_0.rfc_homoclave,
        pr1_0.status,
        pr1_0.updated_at,
        pr1_0.user_id 
    from
        provider_applies pr1_0 
    offset
        ? rows 
    fetch
        first ? rows only
2025-11-09T12:54:49.027-08:00 DEBUG 17965 --- [JobsyApplication] [nio-8080-exec-8] org.hibernate.SQL                        : 
    select
        d1_0.provider_request_id,
        d1_0.id,
        d1_0.public_id,
        d1_0.url 
    from
        provider_documents d1_0 
    where
        d1_0.provider_request_id=?
Hibernate: 
    select
        d1_0.provider_request_id,
        d1_0.id,
        d1_0.public_id,
        d1_0.url 
    from
        provider_documents d1_0 
    where
        d1_0.provider_request_id=?
2025-11-09T12:54:49.048-08:00 DEBUG 17965 --- [JobsyApplication] [nio-8080-exec-9] org.hibernate.SQL                        : 
    select
        u1_0.id,
        u1_0.address_text,
        u1_0.avg_rating_cache,
        u1_0.bio,
        u1_0.country,
        u1_0.created_at,
        u1_0.curp,
        u1_0.firstname,
        u1_0.lastname,
        u1_0.lat,
        u1_0.lng,
        u1_0.password,
        u1_0.phone,
        p1_0.id,
        p1_0.image_id,
        p1_0.url,
        p1_0.user_id,
        u1_0.rfc_homoclave,
        u1_0.role,
        u1_0.service_radius_km,
        u1_0.username 
    from
        users u1_0 
    left join
        user_photos p1_0 
            on u1_0.id=p1_0.user_id 
    where
        u1_0.id=?
Hibernate: 
    select
        u1_0.id,
        u1_0.address_text,
        u1_0.avg_rating_cache,
        u1_0.bio,
        u1_0.country,
        u1_0.created_at,
        u1_0.curp,
        u1_0.firstname,
        u1_0.lastname,
        u1_0.lat,
        u1_0.lng,
        u1_0.password,
        u1_0.phone,
        p1_0.id,
        p1_0.image_id,
        p1_0.url,
        p1_0.user_id,
        u1_0.rfc_homoclave,
        u1_0.role,
        u1_0.service_radius_km,
        u1_0.username 
    from
        users u1_0 
    left join
        user_photos p1_0 
            on u1_0.id=p1_0.user_id 
    where
        u1_0.id=?
2025-11-09T12:54:49.112-08:00 DEBUG 17965 --- [JobsyApplication] [nio-8080-exec-8] org.hibernate.SQL                        : 
    select
        d1_0.provider_request_id,
        d1_0.id,
        d1_0.public_id,
        d1_0.url 
    from
        provider_documents d1_0 
    where
        d1_0.provider_request_id=?
Hibernate: 
    select
        d1_0.provider_request_id,
        d1_0.id,
        d1_0.public_id,
        d1_0.url 
    from
        provider_documents d1_0 
    where
        d1_0.provider_request_id=?
2025-11-09T12:54:49.137-08:00 DEBUG 17965 --- [JobsyApplication] [nio-8080-exec-9] org.hibernate.SQL                        : 
    select
        u1_0.id,
        u1_0.address_text,
        u1_0.avg_rating_cache,
        u1_0.bio,
        u1_0.country,
        u1_0.created_at,
        u1_0.curp,
        u1_0.firstname,
        u1_0.lastname,
        u1_0.lat,
        u1_0.lng,
        u1_0.password,
        u1_0.phone,
        p1_0.id,
        p1_0.image_id,
        p1_0.url,
        p1_0.user_id,
        u1_0.rfc_homoclave,
        u1_0.role,
        u1_0.service_radius_km,
        u1_0.username 
    from
        users u1_0 
    left join
        user_photos p1_0 
            on u1_0.id=p1_0.user_id 
    where
        u1_0.id=?
Hibernate: 
    select
        u1_0.id,
        u1_0.address_text,
        u1_0.avg_rating_cache,
        u1_0.bio,
        u1_0.country,
        u1_0.created_at,
        u1_0.curp,
        u1_0.firstname,
        u1_0.lastname,
        u1_0.lat,
        u1_0.lng,
        u1_0.password,
        u1_0.phone,
        p1_0.id,
        p1_0.image_id,
        p1_0.url,
        p1_0.user_id,
        u1_0.rfc_homoclave,
        u1_0.role,
        u1_0.service_radius_km,
        u1_0.username 
    from
        users u1_0 
    left join
        user_photos p1_0 
            on u1_0.id=p1_0.user_id 
    where
        u1_0.id=?
2025-11-09T12:54:49.198-08:00 DEBUG 17965 --- [JobsyApplication] [nio-8080-exec-8] org.hibernate.SQL                        : 
    select
        d1_0.provider_request_id,
        d1_0.id,
        d1_0.public_id,
        d1_0.url 
    from
        provider_documents d1_0 
    where
        d1_0.provider_request_id=?
Hibernate: 
    select
        d1_0.provider_request_id,
        d1_0.id,
        d1_0.public_id,
        d1_0.url 
    from
        provider_documents d1_0 
    where
        d1_0.provider_request_id=?
2025-11-09T12:54:49.227-08:00 DEBUG 17965 --- [JobsyApplication] [nio-8080-exec-9] org.hibernate.SQL                        : 
    select
        d1_0.provider_request_id,
        d1_0.id,
        d1_0.public_id,
        d1_0.url 
    from
        provider_documents d1_0 
    where
        d1_0.provider_request_id=?
Hibernate: 
    select
        d1_0.provider_request_id,
        d1_0.id,
        d1_0.public_id,
        d1_0.url 
    from
        provider_documents d1_0 
    where
        d1_0.provider_request_id=?
2025-11-09T12:54:49.283-08:00 DEBUG 17965 --- [JobsyApplication] [nio-8080-exec-8] org.hibernate.SQL                        : 
    select
        d1_0.provider_request_id,
        d1_0.id,
        d1_0.public_id,
        d1_0.url 
    from
        provider_documents d1_0 
    where
        d1_0.provider_request_id=?
Hibernate: 
    select
        d1_0.provider_request_id,
        d1_0.id,
        d1_0.public_id,
        d1_0.url 
    from
        provider_documents d1_0 
    where
        d1_0.provider_request_id=?
2025-11-09T12:54:49.316-08:00 DEBUG 17965 --- [JobsyApplication] [nio-8080-exec-9] org.hibernate.SQL                        : 
    select
        d1_0.provider_request_id,
        d1_0.id,
        d1_0.public_id,
        d1_0.url 
    from
        provider_documents d1_0 
    where
        d1_0.provider_request_id=?
Hibernate: 
    select
        d1_0.provider_request_id,
        d1_0.id,
        d1_0.public_id,
        d1_0.url 
    from
        provider_documents d1_0 
    where
        d1_0.provider_request_id=?
2025-11-09T12:54:49.367-08:00 DEBUG 17965 --- [JobsyApplication] [nio-8080-exec-8] org.hibernate.SQL                        : 
    select
        d1_0.provider_request_id,
        d1_0.id,
        d1_0.public_id,
        d1_0.url 
    from
        provider_documents d1_0 
    where
        d1_0.provider_request_id=?
Hibernate: 
    select
        d1_0.provider_request_id,
        d1_0.id,
        d1_0.public_id,
        d1_0.url 
    from
        provider_documents d1_0 
    where
        d1_0.provider_request_id=?
2025-11-09T12:54:49.404-08:00 DEBUG 17965 --- [JobsyApplication] [nio-8080-exec-9] org.hibernate.SQL                        : 
    select
        d1_0.provider_request_id,
        d1_0.id,
        d1_0.public_id,
        d1_0.url 
    from
        provider_documents d1_0 
    where
        d1_0.provider_request_id=?
Hibernate: 
    select
        d1_0.provider_request_id,
        d1_0.id,
        d1_0.public_id,
        d1_0.url 
    from
        provider_documents d1_0 
    where
        d1_0.provider_request_id=?
2025-11-09T12:54:49.454-08:00 DEBUG 17965 --- [JobsyApplication] [nio-8080-exec-8] org.hibernate.SQL                        : 
    select
        d1_0.provider_request_id,
        d1_0.id,
        d1_0.public_id,
        d1_0.url 
    from
        provider_documents d1_0 
    where
        d1_0.provider_request_id=?
Hibernate: 
    select
        d1_0.provider_request_id,
        d1_0.id,
        d1_0.public_id,
        d1_0.url 
    from
        provider_documents d1_0 
    where
        d1_0.provider_request_id=?
2025-11-09T12:54:49.492-08:00 DEBUG 17965 --- [JobsyApplication] [nio-8080-exec-9] org.hibernate.SQL                        : 
    select
        d1_0.provider_request_id,
        d1_0.id,
        d1_0.public_id,
        d1_0.url 
    from
        provider_documents d1_0 
    where
        d1_0.provider_request_id=?
Hibernate: 
    select
        d1_0.provider_request_id,
        d1_0.id,
        d1_0.public_id,
        d1_0.url 
    from
        provider_documents d1_0 
    where
        d1_0.provider_request_id=?
2025-11-09T12:54:49.539-08:00 DEBUG 17965 --- [JobsyApplication] [nio-8080-exec-8] org.hibernate.SQL                        : 
    select
        d1_0.provider_request_id,
        d1_0.id,
        d1_0.public_id,
        d1_0.url 
    from
        provider_documents d1_0 
    where
        d1_0.provider_request_id=?
Hibernate: 
    select
        d1_0.provider_request_id,
        d1_0.id,
        d1_0.public_id,
        d1_0.url 
    from
        provider_documents d1_0 
    where
        d1_0.provider_request_id=?
2025-11-09T12:54:49.582-08:00 DEBUG 17965 --- [JobsyApplication] [nio-8080-exec-9] org.hibernate.SQL                        : 
    select
        d1_0.provider_request_id,
        d1_0.id,
        d1_0.public_id,
        d1_0.url 
    from
        provider_documents d1_0 
    where
        d1_0.provider_request_id=?
Hibernate: 
    select
        d1_0.provider_request_id,
        d1_0.id,
        d1_0.public_id,
        d1_0.url 
    from
        provider_documents d1_0 
    where
        d1_0.provider_request_id=?
2025-11-09T12:54:49.623-08:00 DEBUG 17965 --- [JobsyApplication] [nio-8080-exec-8] org.hibernate.SQL                        : 
    select
        d1_0.provider_request_id,
        d1_0.id,
        d1_0.public_id,
        d1_0.url 
    from
        provider_documents d1_0 
    where
        d1_0.provider_request_id=?
Hibernate: 
    select
        d1_0.provider_request_id,
        d1_0.id,
        d1_0.public_id,
        d1_0.url 
    from
        provider_documents d1_0 
    where
        d1_0.provider_request_id=?
2025-11-09T12:54:49.670-08:00 DEBUG 17965 --- [JobsyApplication] [nio-8080-exec-9] org.hibernate.SQL                        : 
    select
        d1_0.provider_request_id,
        d1_0.id,
        d1_0.public_id,
        d1_0.url 
    from
        provider_documents d1_0 
    where
        d1_0.provider_request_id=?
Hibernate: 
    select
        d1_0.provider_request_id,
        d1_0.id,
        d1_0.public_id,
        d1_0.url 
    from
        provider_documents d1_0 
    where
        d1_0.provider_request_id=?
2025-11-09T12:54:49.758-08:00 DEBUG 17965 --- [JobsyApplication] [nio-8080-exec-9] org.hibernate.SQL                        : 
    select
        d1_0.provider_request_id,
        d1_0.id,
        d1_0.public_id,
        d1_0.url 
    from
        provider_documents d1_0 
    where
        d1_0.provider_request_id=?
Hibernate: 
    select
        d1_0.provider_request_id,
        d1_0.id,
        d1_0.public_id,
        d1_0.url 
    from
        provider_documents d1_0 
    where
        d1_0.provider_request_id=?
2025-11-09T12:54:49.848-08:00 DEBUG 17965 --- [JobsyApplication] [nio-8080-exec-9] org.hibernate.SQL                        : 
    select
        d1_0.provider_request_id,
        d1_0.id,
        d1_0.public_id,
        d1_0.url 
    from
        provider_documents d1_0 
    where
        d1_0.provider_request_id=?
Hibernate: 
    select
        d1_0.provider_request_id,
        d1_0.id,
        d1_0.public_id,
        d1_0.url 
    from
        provider_documents d1_0 
    where
        d1_0.provider_request_id=?
2025-11-09T12:54:50.230-08:00 DEBUG 17965 --- [JobsyApplication] [nio-8080-exec-7] org.hibernate.SQL                        : 
    /* <criteria> */ select
        u1_0.id,
        u1_0.address_text,
        u1_0.avg_rating_cache,
        u1_0.bio,
        u1_0.country,
        u1_0.created_at,
        u1_0.curp,
        u1_0.firstname,
        u1_0.lastname,
        u1_0.lat,
        u1_0.lng,
        u1_0.password,
        u1_0.phone,
        u1_0.rfc_homoclave,
        u1_0.role,
        u1_0.service_radius_km,
        u1_0.username 
    from
        users u1_0 
    where
        u1_0.username=?
Hibernate: 
    /* <criteria> */ select
        u1_0.id,
        u1_0.address_text,
        u1_0.avg_rating_cache,
        u1_0.bio,
        u1_0.country,
        u1_0.created_at,
        u1_0.curp,
        u1_0.firstname,
        u1_0.lastname,
        u1_0.lat,
        u1_0.lng,
        u1_0.password,
        u1_0.phone,
        u1_0.rfc_homoclave,
        u1_0.role,
        u1_0.service_radius_km,
        u1_0.username 
    from
        users u1_0 
    where
        u1_0.username=?
2025-11-09T12:54:50.406-08:00 DEBUG 17965 --- [JobsyApplication] [nio-8080-exec-7] org.hibernate.SQL                        : 
    select
        up1_0.id,
        up1_0.image_id,
        up1_0.url,
        up1_0.user_id,
        u1_0.id,
        u1_0.address_text,
        u1_0.avg_rating_cache,
        u1_0.bio,
        u1_0.country,
        u1_0.created_at,
        u1_0.curp,
        u1_0.firstname,
        u1_0.lastname,
        u1_0.lat,
        u1_0.lng,
        u1_0.password,
        u1_0.phone,
        u1_0.rfc_homoclave,
        u1_0.role,
        u1_0.service_radius_km,
        u1_0.username 
    from
        user_photos up1_0 
    join
        users u1_0 
            on u1_0.id=up1_0.user_id 
    where
        up1_0.user_id=?
Hibernate: 
    select
        up1_0.id,
        up1_0.image_id,
        up1_0.url,
        up1_0.user_id,
        u1_0.id,
        u1_0.address_text,
        u1_0.avg_rating_cache,
        u1_0.bio,
        u1_0.country,
        u1_0.created_at,
        u1_0.curp,
        u1_0.firstname,
        u1_0.lastname,
        u1_0.lat,
        u1_0.lng,
        u1_0.password,
        u1_0.phone,
        u1_0.rfc_homoclave,
        u1_0.role,
        u1_0.service_radius_km,
        u1_0.username 
    from
        user_photos up1_0 
    join
        users u1_0 
            on u1_0.id=up1_0.user_id 
    where
        up1_0.user_id=?
2025-11-09T12:54:50.499-08:00 DEBUG 17965 --- [JobsyApplication] [nio-8080-exec-7] org.hibernate.SQL                        : 
    /* <criteria> */ select
        pr1_0.id,
        pr1_0.address_text,
        pr1_0.bio,
        pr1_0.created_at,
        pr1_0.curp,
        pr1_0.rejection_reason,
        pr1_0.reviewed_at,
        pr1_0.reviewed_by,
        pr1_0.rfc_homoclave,
        pr1_0.status,
        pr1_0.updated_at,
        pr1_0.user_id 
    from
        provider_applies pr1_0 
    offset
        ? rows 
    fetch
        first ? rows only
Hibernate: 
    /* <criteria> */ select
        pr1_0.id,
        pr1_0.address_text,
        pr1_0.bio,
        pr1_0.created_at,
        pr1_0.curp,
        pr1_0.rejection_reason,
        pr1_0.reviewed_at,
        pr1_0.reviewed_by,
        pr1_0.rfc_homoclave,
        pr1_0.status,
        pr1_0.updated_at,
        pr1_0.user_id 
    from
        provider_applies pr1_0 
    offset
        ? rows 
    fetch
        first ? rows only
2025-11-09T12:54:50.674-08:00 DEBUG 17965 --- [JobsyApplication] [nio-8080-exec-7] org.hibernate.SQL                        : 
    select
        u1_0.id,
        u1_0.address_text,
        u1_0.avg_rating_cache,
        u1_0.bio,
        u1_0.country,
        u1_0.created_at,
        u1_0.curp,
        u1_0.firstname,
        u1_0.lastname,
        u1_0.lat,
        u1_0.lng,
        u1_0.password,
        u1_0.phone,
        p1_0.id,
        p1_0.image_id,
        p1_0.url,
        p1_0.user_id,
        u1_0.rfc_homoclave,
        u1_0.role,
        u1_0.service_radius_km,
        u1_0.username 
    from
        users u1_0 
    left join
        user_photos p1_0 
            on u1_0.id=p1_0.user_id 
    where
        u1_0.id=?
Hibernate: 
    select
        u1_0.id,
        u1_0.address_text,
        u1_0.avg_rating_cache,
        u1_0.bio,
        u1_0.country,
        u1_0.created_at,
        u1_0.curp,
        u1_0.firstname,
        u1_0.lastname,
        u1_0.lat,
        u1_0.lng,
        u1_0.password,
        u1_0.phone,
        p1_0.id,
        p1_0.image_id,
        p1_0.url,
        p1_0.user_id,
        u1_0.rfc_homoclave,
        u1_0.role,
        u1_0.service_radius_km,
        u1_0.username 
    from
        users u1_0 
    left join
        user_photos p1_0 
            on u1_0.id=p1_0.user_id 
    where
        u1_0.id=?
2025-11-09T12:54:50.719-08:00 DEBUG 17965 --- [JobsyApplication] [io-8080-exec-10] org.hibernate.SQL                        : 
    /* <criteria> */ select
        u1_0.id,
        u1_0.address_text,
        u1_0.avg_rating_cache,
        u1_0.bio,
        u1_0.country,
        u1_0.created_at,
        u1_0.curp,
        u1_0.firstname,
        u1_0.lastname,
        u1_0.lat,
        u1_0.lng,
        u1_0.password,
        u1_0.phone,
        u1_0.rfc_homoclave,
        u1_0.role,
        u1_0.service_radius_km,
        u1_0.username 
    from
        users u1_0 
    where
        u1_0.username=?
Hibernate: 
    /* <criteria> */ select
        u1_0.id,
        u1_0.address_text,
        u1_0.avg_rating_cache,
        u1_0.bio,
        u1_0.country,
        u1_0.created_at,
        u1_0.curp,
        u1_0.firstname,
        u1_0.lastname,
        u1_0.lat,
        u1_0.lng,
        u1_0.password,
        u1_0.phone,
        u1_0.rfc_homoclave,
        u1_0.role,
        u1_0.service_radius_km,
        u1_0.username 
    from
        users u1_0 
    where
        u1_0.username=?
2025-11-09T12:54:50.762-08:00 DEBUG 17965 --- [JobsyApplication] [nio-8080-exec-7] org.hibernate.SQL                        : 
    select
        u1_0.id,
        u1_0.address_text,
        u1_0.avg_rating_cache,
        u1_0.bio,
        u1_0.country,
        u1_0.created_at,
        u1_0.curp,
        u1_0.firstname,
        u1_0.lastname,
        u1_0.lat,
        u1_0.lng,
        u1_0.password,
        u1_0.phone,
        p1_0.id,
        p1_0.image_id,
        p1_0.url,
        p1_0.user_id,
        u1_0.rfc_homoclave,
        u1_0.role,
        u1_0.service_radius_km,
        u1_0.username 
    from
        users u1_0 
    left join
        user_photos p1_0 
            on u1_0.id=p1_0.user_id 
    where
        u1_0.id=?
Hibernate: 
    select
        u1_0.id,
        u1_0.address_text,
        u1_0.avg_rating_cache,
        u1_0.bio,
        u1_0.country,
        u1_0.created_at,
        u1_0.curp,
        u1_0.firstname,
        u1_0.lastname,
        u1_0.lat,
        u1_0.lng,
        u1_0.password,
        u1_0.phone,
        p1_0.id,
        p1_0.image_id,
        p1_0.url,
        p1_0.user_id,
        u1_0.rfc_homoclave,
        u1_0.role,
        u1_0.service_radius_km,
        u1_0.username 
    from
        users u1_0 
    left join
        user_photos p1_0 
            on u1_0.id=p1_0.user_id 
    where
        u1_0.id=?
2025-11-09T12:54:50.850-08:00 DEBUG 17965 --- [JobsyApplication] [nio-8080-exec-7] org.hibernate.SQL                        : 
    select
        d1_0.provider_request_id,
        d1_0.id,
        d1_0.public_id,
        d1_0.url 
    from
        provider_documents d1_0 
    where
        d1_0.provider_request_id=?
Hibernate: 
    select
        d1_0.provider_request_id,
        d1_0.id,
        d1_0.public_id,
        d1_0.url 
    from
        provider_documents d1_0 
    where
        d1_0.provider_request_id=?
2025-11-09T12:54:50.896-08:00 DEBUG 17965 --- [JobsyApplication] [io-8080-exec-10] org.hibernate.SQL                        : 
    select
        up1_0.id,
        up1_0.image_id,
        up1_0.url,
        up1_0.user_id,
        u1_0.id,
        u1_0.address_text,
        u1_0.avg_rating_cache,
        u1_0.bio,
        u1_0.country,
        u1_0.created_at,
        u1_0.curp,
        u1_0.firstname,
        u1_0.lastname,
        u1_0.lat,
        u1_0.lng,
        u1_0.password,
        u1_0.phone,
        u1_0.rfc_homoclave,
        u1_0.role,
        u1_0.service_radius_km,
        u1_0.username 
    from
        user_photos up1_0 
    join
        users u1_0 
            on u1_0.id=up1_0.user_id 
    where
        up1_0.user_id=?
Hibernate: 
    select
        up1_0.id,
        up1_0.image_id,
        up1_0.url,
        up1_0.user_id,
        u1_0.id,
        u1_0.address_text,
        u1_0.avg_rating_cache,
        u1_0.bio,
        u1_0.country,
        u1_0.created_at,
        u1_0.curp,
        u1_0.firstname,
        u1_0.lastname,
        u1_0.lat,
        u1_0.lng,
        u1_0.password,
        u1_0.phone,
        u1_0.rfc_homoclave,
        u1_0.role,
        u1_0.service_radius_km,
        u1_0.username 
    from
        user_photos up1_0 
    join
        users u1_0 
            on u1_0.id=up1_0.user_id 
    where
        up1_0.user_id=?
2025-11-09T12:54:50.939-08:00 DEBUG 17965 --- [JobsyApplication] [nio-8080-exec-7] org.hibernate.SQL                        : 
    select
        d1_0.provider_request_id,
        d1_0.id,
        d1_0.public_id,
        d1_0.url 
    from
        provider_documents d1_0 
    where
        d1_0.provider_request_id=?
Hibernate: 
    select
        d1_0.provider_request_id,
        d1_0.id,
        d1_0.public_id,
        d1_0.url 
    from
        provider_documents d1_0 
    where
        d1_0.provider_request_id=?
2025-11-09T12:54:50.989-08:00 DEBUG 17965 --- [JobsyApplication] [io-8080-exec-10] org.hibernate.SQL                        : 
    /* <criteria> */ select
        pr1_0.id,
        pr1_0.address_text,
        pr1_0.bio,
        pr1_0.created_at,
        pr1_0.curp,
        pr1_0.rejection_reason,
        pr1_0.reviewed_at,
        pr1_0.reviewed_by,
        pr1_0.rfc_homoclave,
        pr1_0.status,
        pr1_0.updated_at,
        pr1_0.user_id 
    from
        provider_applies pr1_0 
    offset
        ? rows 
    fetch
        first ? rows only
Hibernate: 
    /* <criteria> */ select
        pr1_0.id,
        pr1_0.address_text,
        pr1_0.bio,
        pr1_0.created_at,
        pr1_0.curp,
        pr1_0.rejection_reason,
        pr1_0.reviewed_at,
        pr1_0.reviewed_by,
        pr1_0.rfc_homoclave,
        pr1_0.status,
        pr1_0.updated_at,
        pr1_0.user_id 
    from
        provider_applies pr1_0 
    offset
        ? rows 
    fetch
        first ? rows only
2025-11-09T12:54:51.028-08:00 DEBUG 17965 --- [JobsyApplication] [nio-8080-exec-7] org.hibernate.SQL                        : 
    select
        d1_0.provider_request_id,
        d1_0.id,
        d1_0.public_id,
        d1_0.url 
    from
        provider_documents d1_0 
    where
        d1_0.provider_request_id=?
Hibernate: 
    select
        d1_0.provider_request_id,
        d1_0.id,
        d1_0.public_id,
        d1_0.url 
    from
        provider_documents d1_0 
    where
        d1_0.provider_request_id=?
2025-11-09T12:54:51.079-08:00 DEBUG 17965 --- [JobsyApplication] [io-8080-exec-10] org.hibernate.SQL                        : 
    select
        u1_0.id,
        u1_0.address_text,
        u1_0.avg_rating_cache,
        u1_0.bio,
        u1_0.country,
        u1_0.created_at,
        u1_0.curp,
        u1_0.firstname,
        u1_0.lastname,
        u1_0.lat,
        u1_0.lng,
        u1_0.password,
        u1_0.phone,
        p1_0.id,
        p1_0.image_id,
        p1_0.url,
        p1_0.user_id,
        u1_0.rfc_homoclave,
        u1_0.role,
        u1_0.service_radius_km,
        u1_0.username 
    from
        users u1_0 
    left join
        user_photos p1_0 
            on u1_0.id=p1_0.user_id 
    where
        u1_0.id=?
Hibernate: 
    select
        u1_0.id,
        u1_0.address_text,
        u1_0.avg_rating_cache,
        u1_0.bio,
        u1_0.country,
        u1_0.created_at,
        u1_0.curp,
        u1_0.firstname,
        u1_0.lastname,
        u1_0.lat,
        u1_0.lng,
        u1_0.password,
        u1_0.phone,
        p1_0.id,
        p1_0.image_id,
        p1_0.url,
        p1_0.user_id,
        u1_0.rfc_homoclave,
        u1_0.role,
        u1_0.service_radius_km,
        u1_0.username 
    from
        users u1_0 
    left join
        user_photos p1_0 
            on u1_0.id=p1_0.user_id 
    where
        u1_0.id=?
2025-11-09T12:54:51.117-08:00 DEBUG 17965 --- [JobsyApplication] [nio-8080-exec-7] org.hibernate.SQL                        : 
    select
        d1_0.provider_request_id,
        d1_0.id,
        d1_0.public_id,
        d1_0.url 
    from
        provider_documents d1_0 
    where
        d1_0.provider_request_id=?
Hibernate: 
    select
        d1_0.provider_request_id,
        d1_0.id,
        d1_0.public_id,
        d1_0.url 
    from
        provider_documents d1_0 
    where
        d1_0.provider_request_id=?
2025-11-09T12:54:51.167-08:00 DEBUG 17965 --- [JobsyApplication] [io-8080-exec-10] org.hibernate.SQL                        : 
    select
        u1_0.id,
        u1_0.address_text,
        u1_0.avg_rating_cache,
        u1_0.bio,
        u1_0.country,
        u1_0.created_at,
        u1_0.curp,
        u1_0.firstname,
        u1_0.lastname,
        u1_0.lat,
        u1_0.lng,
        u1_0.password,
        u1_0.phone,
        p1_0.id,
        p1_0.image_id,
        p1_0.url,
        p1_0.user_id,
        u1_0.rfc_homoclave,
        u1_0.role,
        u1_0.service_radius_km,
        u1_0.username 
    from
        users u1_0 
    left join
        user_photos p1_0 
            on u1_0.id=p1_0.user_id 
    where
        u1_0.id=?
Hibernate: 
    select
        u1_0.id,
        u1_0.address_text,
        u1_0.avg_rating_cache,
        u1_0.bio,
        u1_0.country,
        u1_0.created_at,
        u1_0.curp,
        u1_0.firstname,
        u1_0.lastname,
        u1_0.lat,
        u1_0.lng,
        u1_0.password,
        u1_0.phone,
        p1_0.id,
        p1_0.image_id,
        p1_0.url,
        p1_0.user_id,
        u1_0.rfc_homoclave,
        u1_0.role,
        u1_0.service_radius_km,
        u1_0.username 
    from
        users u1_0 
    left join
        user_photos p1_0 
            on u1_0.id=p1_0.user_id 
    where
        u1_0.id=?
2025-11-09T12:54:51.207-08:00 DEBUG 17965 --- [JobsyApplication] [nio-8080-exec-7] org.hibernate.SQL                        : 
    select
        d1_0.provider_request_id,
        d1_0.id,
        d1_0.public_id,
        d1_0.url 
    from
        provider_documents d1_0 
    where
        d1_0.provider_request_id=?
Hibernate: 
    select
        d1_0.provider_request_id,
        d1_0.id,
        d1_0.public_id,
        d1_0.url 
    from
        provider_documents d1_0 
    where
        d1_0.provider_request_id=?
2025-11-09T12:54:51.255-08:00 DEBUG 17965 --- [JobsyApplication] [io-8080-exec-10] org.hibernate.SQL                        : 
    select
        d1_0.provider_request_id,
        d1_0.id,
        d1_0.public_id,
        d1_0.url 
    from
        provider_documents d1_0 
    where
        d1_0.provider_request_id=?
Hibernate: 
    select
        d1_0.provider_request_id,
        d1_0.id,
        d1_0.public_id,
        d1_0.url 
    from
        provider_documents d1_0 
    where
        d1_0.provider_request_id=?
2025-11-09T12:54:51.294-08:00 DEBUG 17965 --- [JobsyApplication] [nio-8080-exec-7] org.hibernate.SQL                        : 
    select
        d1_0.provider_request_id,
        d1_0.id,
        d1_0.public_id,
        d1_0.url 
    from
        provider_documents d1_0 
    where
        d1_0.provider_request_id=?
Hibernate: 
    select
        d1_0.provider_request_id,
        d1_0.id,
        d1_0.public_id,
        d1_0.url 
    from
        provider_documents d1_0 
    where
        d1_0.provider_request_id=?
2025-11-09T12:54:51.344-08:00 DEBUG 17965 --- [JobsyApplication] [io-8080-exec-10] org.hibernate.SQL                        : 
    select
        d1_0.provider_request_id,
        d1_0.id,
        d1_0.public_id,
        d1_0.url 
    from
        provider_documents d1_0 
    where
        d1_0.provider_request_id=?
Hibernate: 
    select
        d1_0.provider_request_id,
        d1_0.id,
        d1_0.public_id,
        d1_0.url 
    from
        provider_documents d1_0 
    where
        d1_0.provider_request_id=?
2025-11-09T12:54:51.383-08:00 DEBUG 17965 --- [JobsyApplication] [nio-8080-exec-7] org.hibernate.SQL                        : 
    select
        d1_0.provider_request_id,
        d1_0.id,
        d1_0.public_id,
        d1_0.url 
    from
        provider_documents d1_0 
    where
        d1_0.provider_request_id=?
Hibernate: 
    select
        d1_0.provider_request_id,
        d1_0.id,
        d1_0.public_id,
        d1_0.url 
    from
        provider_documents d1_0 
    where
        d1_0.provider_request_id=?
2025-11-09T12:54:51.434-08:00 DEBUG 17965 --- [JobsyApplication] [io-8080-exec-10] org.hibernate.SQL                        : 
    select
        d1_0.provider_request_id,
        d1_0.id,
        d1_0.public_id,
        d1_0.url 
    from
        provider_documents d1_0 
    where
        d1_0.provider_request_id=?
Hibernate: 
    select
        d1_0.provider_request_id,
        d1_0.id,
        d1_0.public_id,
        d1_0.url 
    from
        provider_documents d1_0 
    where
        d1_0.provider_request_id=?
2025-11-09T12:54:51.470-08:00 DEBUG 17965 --- [JobsyApplication] [nio-8080-exec-7] org.hibernate.SQL                        : 
    select
        d1_0.provider_request_id,
        d1_0.id,
        d1_0.public_id,
        d1_0.url 
    from
        provider_documents d1_0 
    where
        d1_0.provider_request_id=?
Hibernate: 
    select
        d1_0.provider_request_id,
        d1_0.id,
        d1_0.public_id,
        d1_0.url 
    from
        provider_documents d1_0 
    where
        d1_0.provider_request_id=?
2025-11-09T12:54:51.522-08:00 DEBUG 17965 --- [JobsyApplication] [io-8080-exec-10] org.hibernate.SQL                        : 
    select
        d1_0.provider_request_id,
        d1_0.id,
        d1_0.public_id,
        d1_0.url 
    from
        provider_documents d1_0 
    where
        d1_0.provider_request_id=?
Hibernate: 
    select
        d1_0.provider_request_id,
        d1_0.id,
        d1_0.public_id,
        d1_0.url 
    from
        provider_documents d1_0 
    where
        d1_0.provider_request_id=?
2025-11-09T12:54:51.611-08:00 DEBUG 17965 --- [JobsyApplication] [io-8080-exec-10] org.hibernate.SQL                        : 
    select
        d1_0.provider_request_id,
        d1_0.id,
        d1_0.public_id,
        d1_0.url 
    from
        provider_documents d1_0 
    where
        d1_0.provider_request_id=?
Hibernate: 
    select
        d1_0.provider_request_id,
        d1_0.id,
        d1_0.public_id,
        d1_0.url 
    from
        provider_documents d1_0 
    where
        d1_0.provider_request_id=?
2025-11-09T12:54:51.699-08:00 DEBUG 17965 --- [JobsyApplication] [io-8080-exec-10] org.hibernate.SQL                        : 
    select
        d1_0.provider_request_id,
        d1_0.id,
        d1_0.public_id,
        d1_0.url 
    from
        provider_documents d1_0 
    where
        d1_0.provider_request_id=?
Hibernate: 
    select
        d1_0.provider_request_id,
        d1_0.id,
        d1_0.public_id,
        d1_0.url 
    from
        provider_documents d1_0 
    where
        d1_0.provider_request_id=?
2025-11-09T12:54:51.787-08:00 DEBUG 17965 --- [JobsyApplication] [io-8080-exec-10] org.hibernate.SQL                        : 
    select
        d1_0.provider_request_id,
        d1_0.id,
        d1_0.public_id,
        d1_0.url 
    from
        provider_documents d1_0 
    where
        d1_0.provider_request_id=?
Hibernate: 
    select
        d1_0.provider_request_id,
        d1_0.id,
        d1_0.public_id,
        d1_0.url 
    from
        provider_documents d1_0 
    where
        d1_0.provider_request_id=?
2025-11-09T12:54:51.877-08:00 DEBUG 17965 --- [JobsyApplication] [io-8080-exec-10] org.hibernate.SQL                        : 
    select
        d1_0.provider_request_id,
        d1_0.id,
        d1_0.public_id,
        d1_0.url 
    from
        provider_documents d1_0 
    where
        d1_0.provider_request_id=?
Hibernate: 
    select
        d1_0.provider_request_id,
        d1_0.id,
        d1_0.public_id,
        d1_0.url 
    from
        provider_documents d1_0 
    where
        d1_0.provider_request_id=?
2025-11-09T12:54:52.282-08:00 DEBUG 17965 --- [JobsyApplication] [nio-8080-exec-3] org.hibernate.SQL                        : 
    /* <criteria> */ select
        u1_0.id,
        u1_0.address_text,
        u1_0.avg_rating_cache,
        u1_0.bio,
        u1_0.country,
        u1_0.created_at,
        u1_0.curp,
        u1_0.firstname,
        u1_0.lastname,
        u1_0.lat,
        u1_0.lng,
        u1_0.password,
        u1_0.phone,
        u1_0.rfc_homoclave,
        u1_0.role,
        u1_0.service_radius_km,
        u1_0.username 
    from
        users u1_0 
    where
        u1_0.username=?
Hibernate: 
    /* <criteria> */ select
        u1_0.id,
        u1_0.address_text,
        u1_0.avg_rating_cache,
        u1_0.bio,
        u1_0.country,
        u1_0.created_at,
        u1_0.curp,
        u1_0.firstname,
        u1_0.lastname,
        u1_0.lat,
        u1_0.lng,
        u1_0.password,
        u1_0.phone,
        u1_0.rfc_homoclave,
        u1_0.role,
        u1_0.service_radius_km,
        u1_0.username 
    from
        users u1_0 
    where
        u1_0.username=?
2025-11-09T12:54:52.455-08:00 DEBUG 17965 --- [JobsyApplication] [nio-8080-exec-3] org.hibernate.SQL                        : 
    select
        up1_0.id,
        up1_0.image_id,
        up1_0.url,
        up1_0.user_id,
        u1_0.id,
        u1_0.address_text,
        u1_0.avg_rating_cache,
        u1_0.bio,
        u1_0.country,
        u1_0.created_at,
        u1_0.curp,
        u1_0.firstname,
        u1_0.lastname,
        u1_0.lat,
        u1_0.lng,
        u1_0.password,
        u1_0.phone,
        u1_0.rfc_homoclave,
        u1_0.role,
        u1_0.service_radius_km,
        u1_0.username 
    from
        user_photos up1_0 
    join
        users u1_0 
            on u1_0.id=up1_0.user_id 
    where
        up1_0.user_id=?
Hibernate: 
    select
        up1_0.id,
        up1_0.image_id,
        up1_0.url,
        up1_0.user_id,
        u1_0.id,
        u1_0.address_text,
        u1_0.avg_rating_cache,
        u1_0.bio,
        u1_0.country,
        u1_0.created_at,
        u1_0.curp,
        u1_0.firstname,
        u1_0.lastname,
        u1_0.lat,
        u1_0.lng,
        u1_0.password,
        u1_0.phone,
        u1_0.rfc_homoclave,
        u1_0.role,
        u1_0.service_radius_km,
        u1_0.username 
    from
        user_photos up1_0 
    join
        users u1_0 
            on u1_0.id=up1_0.user_id 
    where
        up1_0.user_id=?
2025-11-09T12:54:52.544-08:00 DEBUG 17965 --- [JobsyApplication] [nio-8080-exec-3] org.hibernate.SQL                        : 
    /* <criteria> */ select
        pr1_0.id,
        pr1_0.address_text,
        pr1_0.bio,
        pr1_0.created_at,
        pr1_0.curp,
        pr1_0.rejection_reason,
        pr1_0.reviewed_at,
        pr1_0.reviewed_by,
        pr1_0.rfc_homoclave,
        pr1_0.status,
        pr1_0.updated_at,
        pr1_0.user_id 
    from
        provider_applies pr1_0 
    offset
        ? rows 
    fetch
        first ? rows only
Hibernate: 
    /* <criteria> */ select
        pr1_0.id,
        pr1_0.address_text,
        pr1_0.bio,
        pr1_0.created_at,
        pr1_0.curp,
        pr1_0.rejection_reason,
        pr1_0.reviewed_at,
        pr1_0.reviewed_by,
        pr1_0.rfc_homoclave,
        pr1_0.status,
        pr1_0.updated_at,
        pr1_0.user_id 
    from
        provider_applies pr1_0 
    offset
        ? rows 
    fetch
        first ? rows only
2025-11-09T12:54:52.711-08:00 DEBUG 17965 --- [JobsyApplication] [nio-8080-exec-3] org.hibernate.SQL                        : 
    select
        u1_0.id,
        u1_0.address_text,
        u1_0.avg_rating_cache,
        u1_0.bio,
        u1_0.country,
        u1_0.created_at,
        u1_0.curp,
        u1_0.firstname,
        u1_0.lastname,
        u1_0.lat,
        u1_0.lng,
        u1_0.password,
        u1_0.phone,
        p1_0.id,
        p1_0.image_id,
        p1_0.url,
        p1_0.user_id,
        u1_0.rfc_homoclave,
        u1_0.role,
        u1_0.service_radius_km,
        u1_0.username 
    from
        users u1_0 
    left join
        user_photos p1_0 
            on u1_0.id=p1_0.user_id 
    where
        u1_0.id=?
Hibernate: 
    select
        u1_0.id,
        u1_0.address_text,
        u1_0.avg_rating_cache,
        u1_0.bio,
        u1_0.country,
        u1_0.created_at,
        u1_0.curp,
        u1_0.firstname,
        u1_0.lastname,
        u1_0.lat,
        u1_0.lng,
        u1_0.password,
        u1_0.phone,
        p1_0.id,
        p1_0.image_id,
        p1_0.url,
        p1_0.user_id,
        u1_0.rfc_homoclave,
        u1_0.role,
        u1_0.service_radius_km,
        u1_0.username 
    from
        users u1_0 
    left join
        user_photos p1_0 
            on u1_0.id=p1_0.user_id 
    where
        u1_0.id=?
2025-11-09T12:54:52.796-08:00 DEBUG 17965 --- [JobsyApplication] [nio-8080-exec-3] org.hibernate.SQL                        : 
    select
        u1_0.id,
        u1_0.address_text,
        u1_0.avg_rating_cache,
        u1_0.bio,
        u1_0.country,
        u1_0.created_at,
        u1_0.curp,
        u1_0.firstname,
        u1_0.lastname,
        u1_0.lat,
        u1_0.lng,
        u1_0.password,
        u1_0.phone,
        p1_0.id,
        p1_0.image_id,
        p1_0.url,
        p1_0.user_id,
        u1_0.rfc_homoclave,
        u1_0.role,
        u1_0.service_radius_km,
        u1_0.username 
    from
        users u1_0 
    left join
        user_photos p1_0 
            on u1_0.id=p1_0.user_id 
    where
        u1_0.id=?
Hibernate: 
    select
        u1_0.id,
        u1_0.address_text,
        u1_0.avg_rating_cache,
        u1_0.bio,
        u1_0.country,
        u1_0.created_at,
        u1_0.curp,
        u1_0.firstname,
        u1_0.lastname,
        u1_0.lat,
        u1_0.lng,
        u1_0.password,
        u1_0.phone,
        p1_0.id,
        p1_0.image_id,
        p1_0.url,
        p1_0.user_id,
        u1_0.rfc_homoclave,
        u1_0.role,
        u1_0.service_radius_km,
        u1_0.username 
    from
        users u1_0 
    left join
        user_photos p1_0 
            on u1_0.id=p1_0.user_id 
    where
        u1_0.id=?
2025-11-09T12:54:52.883-08:00 DEBUG 17965 --- [JobsyApplication] [nio-8080-exec-3] org.hibernate.SQL                        : 
    select
        d1_0.provider_request_id,
        d1_0.id,
        d1_0.public_id,
        d1_0.url 
    from
        provider_documents d1_0 
    where
        d1_0.provider_request_id=?
Hibernate: 
    select
        d1_0.provider_request_id,
        d1_0.id,
        d1_0.public_id,
        d1_0.url 
    from
        provider_documents d1_0 
    where
        d1_0.provider_request_id=?
2025-11-09T12:54:52.967-08:00 DEBUG 17965 --- [JobsyApplication] [nio-8080-exec-3] org.hibernate.SQL                        : 
    select
        d1_0.provider_request_id,
        d1_0.id,
        d1_0.public_id,
        d1_0.url 
    from
        provider_documents d1_0 
    where
        d1_0.provider_request_id=?
Hibernate: 
    select
        d1_0.provider_request_id,
        d1_0.id,
        d1_0.public_id,
        d1_0.url 
    from
        provider_documents d1_0 
    where
        d1_0.provider_request_id=?
2025-11-09T12:54:53.052-08:00 DEBUG 17965 --- [JobsyApplication] [nio-8080-exec-3] org.hibernate.SQL                        : 
    select
        d1_0.provider_request_id,
        d1_0.id,
        d1_0.public_id,
        d1_0.url 
    from
        provider_documents d1_0 
    where
        d1_0.provider_request_id=?
Hibernate: 
    select
        d1_0.provider_request_id,
        d1_0.id,
        d1_0.public_id,
        d1_0.url 
    from
        provider_documents d1_0 
    where
        d1_0.provider_request_id=?
2025-11-09T12:54:53.137-08:00 DEBUG 17965 --- [JobsyApplication] [nio-8080-exec-3] org.hibernate.SQL                        : 
    select
        d1_0.provider_request_id,
        d1_0.id,
        d1_0.public_id,
        d1_0.url 
    from
        provider_documents d1_0 
    where
        d1_0.provider_request_id=?
Hibernate: 
    select
        d1_0.provider_request_id,
        d1_0.id,
        d1_0.public_id,
        d1_0.url 
    from
        provider_documents d1_0 
    where
        d1_0.provider_request_id=?
2025-11-09T12:54:53.223-08:00 DEBUG 17965 --- [JobsyApplication] [nio-8080-exec-3] org.hibernate.SQL                        : 
    select
        d1_0.provider_request_id,
        d1_0.id,
        d1_0.public_id,
        d1_0.url 
    from
        provider_documents d1_0 
    where
        d1_0.provider_request_id=?
Hibernate: 
    select
        d1_0.provider_request_id,
        d1_0.id,
        d1_0.public_id,
        d1_0.url 
    from
        provider_documents d1_0 
    where
        d1_0.provider_request_id=?
2025-11-09T12:54:53.308-08:00 DEBUG 17965 --- [JobsyApplication] [nio-8080-exec-3] org.hibernate.SQL                        : 
    select
        d1_0.provider_request_id,
        d1_0.id,
        d1_0.public_id,
        d1_0.url 
    from
        provider_documents d1_0 
    where
        d1_0.provider_request_id=?
Hibernate: 
    select
        d1_0.provider_request_id,
        d1_0.id,
        d1_0.public_id,
        d1_0.url 
    from
        provider_documents d1_0 
    where
        d1_0.provider_request_id=?
2025-11-09T12:54:53.393-08:00 DEBUG 17965 --- [JobsyApplication] [nio-8080-exec-3] org.hibernate.SQL                        : 
    select
        d1_0.provider_request_id,
        d1_0.id,
        d1_0.public_id,
        d1_0.url 
    from
        provider_documents d1_0 
    where
        d1_0.provider_request_id=?
Hibernate: 
    select
        d1_0.provider_request_id,
        d1_0.id,
        d1_0.public_id,
        d1_0.url 
    from
        provider_documents d1_0 
    where
        d1_0.provider_request_id=?
2025-11-09T12:54:53.479-08:00 DEBUG 17965 --- [JobsyApplication] [nio-8080-exec-3] org.hibernate.SQL                        : 
    select
        d1_0.provider_request_id,
        d1_0.id,
        d1_0.public_id,
        d1_0.url 
    from
        provider_documents d1_0 
    where
        d1_0.provider_request_id=?
Hibernate: 
    select
        d1_0.provider_request_id,
        d1_0.id,
        d1_0.public_id,
        d1_0.url 
    from
        provider_documents d1_0 
    where
        d1_0.provider_request_id=?
2025-11-09T12:54:55.574-08:00 DEBUG 17965 --- [JobsyApplication] [nio-8080-exec-5] org.hibernate.SQL                        : 
    /* <criteria> */ select
        u1_0.id,
        u1_0.address_text,
        u1_0.avg_rating_cache,
        u1_0.bio,
        u1_0.country,
        u1_0.created_at,
        u1_0.curp,
        u1_0.firstname,
        u1_0.lastname,
        u1_0.lat,
        u1_0.lng,
        u1_0.password,
        u1_0.phone,
        u1_0.rfc_homoclave,
        u1_0.role,
        u1_0.service_radius_km,
        u1_0.username 
    from
        users u1_0 
    where
        u1_0.username=?
Hibernate: 
    /* <criteria> */ select
        u1_0.id,
        u1_0.address_text,
        u1_0.avg_rating_cache,
        u1_0.bio,
        u1_0.country,
        u1_0.created_at,
        u1_0.curp,
        u1_0.firstname,
        u1_0.lastname,
        u1_0.lat,
        u1_0.lng,
        u1_0.password,
        u1_0.phone,
        u1_0.rfc_homoclave,
        u1_0.role,
        u1_0.service_radius_km,
        u1_0.username 
    from
        users u1_0 
    where
        u1_0.username=?
2025-11-09T12:54:55.744-08:00 DEBUG 17965 --- [JobsyApplication] [nio-8080-exec-5] org.hibernate.SQL                        : 
    select
        up1_0.id,
        up1_0.image_id,
        up1_0.url,
        up1_0.user_id,
        u1_0.id,
        u1_0.address_text,
        u1_0.avg_rating_cache,
        u1_0.bio,
        u1_0.country,
        u1_0.created_at,
        u1_0.curp,
        u1_0.firstname,
        u1_0.lastname,
        u1_0.lat,
        u1_0.lng,
        u1_0.password,
        u1_0.phone,
        u1_0.rfc_homoclave,
        u1_0.role,
        u1_0.service_radius_km,
        u1_0.username 
    from
        user_photos up1_0 
    join
        users u1_0 
            on u1_0.id=up1_0.user_id 
    where
        up1_0.user_id=?
Hibernate: 
    select
        up1_0.id,
        up1_0.image_id,
        up1_0.url,
        up1_0.user_id,
        u1_0.id,
        u1_0.address_text,
        u1_0.avg_rating_cache,
        u1_0.bio,
        u1_0.country,
        u1_0.created_at,
        u1_0.curp,
        u1_0.firstname,
        u1_0.lastname,
        u1_0.lat,
        u1_0.lng,
        u1_0.password,
        u1_0.phone,
        u1_0.rfc_homoclave,
        u1_0.role,
        u1_0.service_radius_km,
        u1_0.username 
    from
        user_photos up1_0 
    join
        users u1_0 
            on u1_0.id=up1_0.user_id 
    where
        up1_0.user_id=?
2025-11-09T12:54:55.833-08:00 DEBUG 17965 --- [JobsyApplication] [nio-8080-exec-5] org.hibernate.SQL                        : 
    /* <criteria> */ select
        pr1_0.id,
        pr1_0.address_text,
        pr1_0.bio,
        pr1_0.created_at,
        pr1_0.curp,
        pr1_0.rejection_reason,
        pr1_0.reviewed_at,
        pr1_0.reviewed_by,
        pr1_0.rfc_homoclave,
        pr1_0.status,
        pr1_0.updated_at,
        pr1_0.user_id 
    from
        provider_applies pr1_0 
    offset
        ? rows 
    fetch
        first ? rows only
Hibernate: 
    /* <criteria> */ select
        pr1_0.id,
        pr1_0.address_text,
        pr1_0.bio,
        pr1_0.created_at,
        pr1_0.curp,
        pr1_0.rejection_reason,
        pr1_0.reviewed_at,
        pr1_0.reviewed_by,
        pr1_0.rfc_homoclave,
        pr1_0.status,
        pr1_0.updated_at,
        pr1_0.user_id 
    from
        provider_applies pr1_0 
    offset
        ? rows 
    fetch
        first ? rows only
2025-11-09T12:54:55.920-08:00 DEBUG 17965 --- [JobsyApplication] [nio-8080-exec-5] org.hibernate.SQL                        : 
    select
        u1_0.id,
        u1_0.address_text,
        u1_0.avg_rating_cache,
        u1_0.bio,
        u1_0.country,
        u1_0.created_at,
        u1_0.curp,
        u1_0.firstname,
        u1_0.lastname,
        u1_0.lat,
        u1_0.lng,
        u1_0.password,
        u1_0.phone,
        p1_0.id,
        p1_0.image_id,
        p1_0.url,
        p1_0.user_id,
        u1_0.rfc_homoclave,
        u1_0.role,
        u1_0.service_radius_km,
        u1_0.username 
    from
        users u1_0 
    left join
        user_photos p1_0 
            on u1_0.id=p1_0.user_id 
    where
        u1_0.id=?
Hibernate: 
    select
        u1_0.id,
        u1_0.address_text,
        u1_0.avg_rating_cache,
        u1_0.bio,
        u1_0.country,
        u1_0.created_at,
        u1_0.curp,
        u1_0.firstname,
        u1_0.lastname,
        u1_0.lat,
        u1_0.lng,
        u1_0.password,
        u1_0.phone,
        p1_0.id,
        p1_0.image_id,
        p1_0.url,
        p1_0.user_id,
        u1_0.rfc_homoclave,
        u1_0.role,
        u1_0.service_radius_km,
        u1_0.username 
    from
        users u1_0 
    left join
        user_photos p1_0 
            on u1_0.id=p1_0.user_id 
    where
        u1_0.id=?
2025-11-09T12:54:56.005-08:00 DEBUG 17965 --- [JobsyApplication] [nio-8080-exec-5] org.hibernate.SQL                        : 
    select
        u1_0.id,
        u1_0.address_text,
        u1_0.avg_rating_cache,
        u1_0.bio,
        u1_0.country,
        u1_0.created_at,
        u1_0.curp,
        u1_0.firstname,
        u1_0.lastname,
        u1_0.lat,
        u1_0.lng,
        u1_0.password,
        u1_0.phone,
        p1_0.id,
        p1_0.image_id,
        p1_0.url,
        p1_0.user_id,
        u1_0.rfc_homoclave,
        u1_0.role,
        u1_0.service_radius_km,
        u1_0.username 
    from
        users u1_0 
    left join
        user_photos p1_0 
            on u1_0.id=p1_0.user_id 
    where
        u1_0.id=?
Hibernate: 
    select
        u1_0.id,
        u1_0.address_text,
        u1_0.avg_rating_cache,
        u1_0.bio,
        u1_0.country,
        u1_0.created_at,
        u1_0.curp,
        u1_0.firstname,
        u1_0.lastname,
        u1_0.lat,
        u1_0.lng,
        u1_0.password,
        u1_0.phone,
        p1_0.id,
        p1_0.image_id,
        p1_0.url,
        p1_0.user_id,
        u1_0.rfc_homoclave,
        u1_0.role,
        u1_0.service_radius_km,
        u1_0.username 
    from
        users u1_0 
    left join
        user_photos p1_0 
            on u1_0.id=p1_0.user_id 
    where
        u1_0.id=?
2025-11-09T12:54:56.091-08:00 DEBUG 17965 --- [JobsyApplication] [nio-8080-exec-5] org.hibernate.SQL                        : 
    select
        d1_0.provider_request_id,
        d1_0.id,
        d1_0.public_id,
        d1_0.url 
    from
        provider_documents d1_0 
    where
        d1_0.provider_request_id=?
Hibernate: 
    select
        d1_0.provider_request_id,
        d1_0.id,
        d1_0.public_id,
        d1_0.url 
    from
        provider_documents d1_0 
    where
        d1_0.provider_request_id=?
2025-11-09T12:54:56.140-08:00 DEBUG 17965 --- [JobsyApplication] [nio-8080-exec-8] org.hibernate.SQL                        : 
    /* <criteria> */ select
        u1_0.id,
        u1_0.address_text,
        u1_0.avg_rating_cache,
        u1_0.bio,
        u1_0.country,
        u1_0.created_at,
        u1_0.curp,
        u1_0.firstname,
        u1_0.lastname,
        u1_0.lat,
        u1_0.lng,
        u1_0.password,
        u1_0.phone,
        u1_0.rfc_homoclave,
        u1_0.role,
        u1_0.service_radius_km,
        u1_0.username 
    from
        users u1_0 
    where
        u1_0.username=?
Hibernate: 
    /* <criteria> */ select
        u1_0.id,
        u1_0.address_text,
        u1_0.avg_rating_cache,
        u1_0.bio,
        u1_0.country,
        u1_0.created_at,
        u1_0.curp,
        u1_0.firstname,
        u1_0.lastname,
        u1_0.lat,
        u1_0.lng,
        u1_0.password,
        u1_0.phone,
        u1_0.rfc_homoclave,
        u1_0.role,
        u1_0.service_radius_km,
        u1_0.username 
    from
        users u1_0 
    where
        u1_0.username=?
2025-11-09T12:54:56.178-08:00 DEBUG 17965 --- [JobsyApplication] [nio-8080-exec-5] org.hibernate.SQL                        : 
    select
        d1_0.provider_request_id,
        d1_0.id,
        d1_0.public_id,
        d1_0.url 
    from
        provider_documents d1_0 
    where
        d1_0.provider_request_id=?
Hibernate: 
    select
        d1_0.provider_request_id,
        d1_0.id,
        d1_0.public_id,
        d1_0.url 
    from
        provider_documents d1_0 
    where
        d1_0.provider_request_id=?
2025-11-09T12:54:56.262-08:00 DEBUG 17965 --- [JobsyApplication] [nio-8080-exec-5] org.hibernate.SQL                        : 
    select
        d1_0.provider_request_id,
        d1_0.id,
        d1_0.public_id,
        d1_0.url 
    from
        provider_documents d1_0 
    where
        d1_0.provider_request_id=?
Hibernate: 
    select
        d1_0.provider_request_id,
        d1_0.id,
        d1_0.public_id,
        d1_0.url 
    from
        provider_documents d1_0 
    where
        d1_0.provider_request_id=?
2025-11-09T12:54:56.317-08:00 DEBUG 17965 --- [JobsyApplication] [nio-8080-exec-8] org.hibernate.SQL                        : 
    select
        up1_0.id,
        up1_0.image_id,
        up1_0.url,
        up1_0.user_id,
        u1_0.id,
        u1_0.address_text,
        u1_0.avg_rating_cache,
        u1_0.bio,
        u1_0.country,
        u1_0.created_at,
        u1_0.curp,
        u1_0.firstname,
        u1_0.lastname,
        u1_0.lat,
        u1_0.lng,
        u1_0.password,
        u1_0.phone,
        u1_0.rfc_homoclave,
        u1_0.role,
        u1_0.service_radius_km,
        u1_0.username 
    from
        user_photos up1_0 
    join
        users u1_0 
            on u1_0.id=up1_0.user_id 
    where
        up1_0.user_id=?
Hibernate: 
    select
        up1_0.id,
        up1_0.image_id,
        up1_0.url,
        up1_0.user_id,
        u1_0.id,
        u1_0.address_text,
        u1_0.avg_rating_cache,
        u1_0.bio,
        u1_0.country,
        u1_0.created_at,
        u1_0.curp,
        u1_0.firstname,
        u1_0.lastname,
        u1_0.lat,
        u1_0.lng,
        u1_0.password,
        u1_0.phone,
        u1_0.rfc_homoclave,
        u1_0.role,
        u1_0.service_radius_km,
        u1_0.username 
    from
        user_photos up1_0 
    join
        users u1_0 
            on u1_0.id=up1_0.user_id 
    where
        up1_0.user_id=?
2025-11-09T12:54:56.349-08:00 DEBUG 17965 --- [JobsyApplication] [nio-8080-exec-5] org.hibernate.SQL                        : 
    select
        d1_0.provider_request_id,
        d1_0.id,
        d1_0.public_id,
        d1_0.url 
    from
        provider_documents d1_0 
    where
        d1_0.provider_request_id=?
Hibernate: 
    select
        d1_0.provider_request_id,
        d1_0.id,
        d1_0.public_id,
        d1_0.url 
    from
        provider_documents d1_0 
    where
        d1_0.provider_request_id=?
2025-11-09T12:54:56.409-08:00 DEBUG 17965 --- [JobsyApplication] [nio-8080-exec-8] org.hibernate.SQL                        : 
    select
        pr1_0.id,
        pr1_0.address_text,
        pr1_0.bio,
        pr1_0.created_at,
        pr1_0.curp,
        pr1_0.rejection_reason,
        pr1_0.reviewed_at,
        rb1_0.id,
        rb1_0.address_text,
        rb1_0.avg_rating_cache,
        rb1_0.bio,
        rb1_0.country,
        rb1_0.created_at,
        rb1_0.curp,
        rb1_0.firstname,
        rb1_0.lastname,
        rb1_0.lat,
        rb1_0.lng,
        rb1_0.password,
        rb1_0.phone,
        p1_0.id,
        p1_0.image_id,
        p1_0.url,
        p1_0.user_id,
        rb1_0.rfc_homoclave,
        rb1_0.role,
        rb1_0.service_radius_km,
        rb1_0.username,
        pr1_0.rfc_homoclave,
        pr1_0.status,
        pr1_0.updated_at,
        pr1_0.user_id,
        u2_0.id,
        u2_0.address_text,
        u2_0.avg_rating_cache,
        u2_0.bio,
        u2_0.country,
        u2_0.created_at,
        u2_0.curp,
        u2_0.firstname,
        u2_0.lastname,
        u2_0.lat,
        u2_0.lng,
        u2_0.password,
        u2_0.phone,
        p2_0.id,
        p2_0.image_id,
        p2_0.url,
        p2_0.user_id,
        u2_0.rfc_homoclave,
        u2_0.role,
        u2_0.service_radius_km,
        u2_0.username,
        d1_0.provider_request_id,
        d1_0.id,
        d1_0.public_id,
        d1_0.url 
    from
        provider_applies pr1_0 
    left join
        users rb1_0 
            on rb1_0.id=pr1_0.reviewed_by 
    left join
        user_photos p1_0 
            on rb1_0.id=p1_0.user_id 
    join
        users u2_0 
            on u2_0.id=pr1_0.user_id 
    left join
        user_photos p2_0 
            on u2_0.id=p2_0.user_id 
    left join
        provider_documents d1_0 
            on pr1_0.id=d1_0.provider_request_id 
    where
        pr1_0.id=?
Hibernate: 
    select
        pr1_0.id,
        pr1_0.address_text,
        pr1_0.bio,
        pr1_0.created_at,
        pr1_0.curp,
        pr1_0.rejection_reason,
        pr1_0.reviewed_at,
        rb1_0.id,
        rb1_0.address_text,
        rb1_0.avg_rating_cache,
        rb1_0.bio,
        rb1_0.country,
        rb1_0.created_at,
        rb1_0.curp,
        rb1_0.firstname,
        rb1_0.lastname,
        rb1_0.lat,
        rb1_0.lng,
        rb1_0.password,
        rb1_0.phone,
        p1_0.id,
        p1_0.image_id,
        p1_0.url,
        p1_0.user_id,
        rb1_0.rfc_homoclave,
        rb1_0.role,
        rb1_0.service_radius_km,
        rb1_0.username,
        pr1_0.rfc_homoclave,
        pr1_0.status,
        pr1_0.updated_at,
        pr1_0.user_id,
        u2_0.id,
        u2_0.address_text,
        u2_0.avg_rating_cache,
        u2_0.bio,
        u2_0.country,
        u2_0.created_at,
        u2_0.curp,
        u2_0.firstname,
        u2_0.lastname,
        u2_0.lat,
        u2_0.lng,
        u2_0.password,
        u2_0.phone,
        p2_0.id,
        p2_0.image_id,
        p2_0.url,
        p2_0.user_id,
        u2_0.rfc_homoclave,
        u2_0.role,
        u2_0.service_radius_km,
        u2_0.username,
        d1_0.provider_request_id,
        d1_0.id,
        d1_0.public_id,
        d1_0.url 
    from
        provider_applies pr1_0 
    left join
        users rb1_0 
            on rb1_0.id=pr1_0.reviewed_by 
    left join
        user_photos p1_0 
            on rb1_0.id=p1_0.user_id 
    join
        users u2_0 
            on u2_0.id=pr1_0.user_id 
    left join
        user_photos p2_0 
            on u2_0.id=p2_0.user_id 
    left join
        provider_documents d1_0 
            on pr1_0.id=d1_0.provider_request_id 
    where
        pr1_0.id=?
2025-11-09T12:54:56.434-08:00 DEBUG 17965 --- [JobsyApplication] [nio-8080-exec-5] org.hibernate.SQL                        : 
    select
        d1_0.provider_request_id,
        d1_0.id,
        d1_0.public_id,
        d1_0.url 
    from
        provider_documents d1_0 
    where
        d1_0.provider_request_id=?
Hibernate: 
    select
        d1_0.provider_request_id,
        d1_0.id,
        d1_0.public_id,
        d1_0.url 
    from
        provider_documents d1_0 
    where
        d1_0.provider_request_id=?
2025-11-09T12:54:56.518-08:00 DEBUG 17965 --- [JobsyApplication] [nio-8080-exec-5] org.hibernate.SQL                        : 
    select
        d1_0.provider_request_id,
        d1_0.id,
        d1_0.public_id,
        d1_0.url 
    from
        provider_documents d1_0 
    where
        d1_0.provider_request_id=?
Hibernate: 
    select
        d1_0.provider_request_id,
        d1_0.id,
        d1_0.public_id,
        d1_0.url 
    from
        provider_documents d1_0 
    where
        d1_0.provider_request_id=?
2025-11-09T12:54:56.602-08:00 DEBUG 17965 --- [JobsyApplication] [nio-8080-exec-5] org.hibernate.SQL                        : 
    select
        d1_0.provider_request_id,
        d1_0.id,
        d1_0.public_id,
        d1_0.url 
    from
        provider_documents d1_0 
    where
        d1_0.provider_request_id=?
Hibernate: 
    select
        d1_0.provider_request_id,
        d1_0.id,
        d1_0.public_id,
        d1_0.url 
    from
        provider_documents d1_0 
    where
        d1_0.provider_request_id=?
2025-11-09T12:54:56.687-08:00 DEBUG 17965 --- [JobsyApplication] [nio-8080-exec-5] org.hibernate.SQL                        : 
    select
        d1_0.provider_request_id,
        d1_0.id,
        d1_0.public_id,
        d1_0.url 
    from
        provider_documents d1_0 
    where
        d1_0.provider_request_id=?
Hibernate: 
    select
        d1_0.provider_request_id,
        d1_0.id,
        d1_0.public_id,
        d1_0.url 
    from
        provider_documents d1_0 
    where
        d1_0.provider_request_id=?
2025-11-09T12:54:56.979-08:00 DEBUG 17965 --- [JobsyApplication] [nio-8080-exec-9] org.hibernate.SQL                        : 
    /* <criteria> */ select
        u1_0.id,
        u1_0.address_text,
        u1_0.avg_rating_cache,
        u1_0.bio,
        u1_0.country,
        u1_0.created_at,
        u1_0.curp,
        u1_0.firstname,
        u1_0.lastname,
        u1_0.lat,
        u1_0.lng,
        u1_0.password,
        u1_0.phone,
        u1_0.rfc_homoclave,
        u1_0.role,
        u1_0.service_radius_km,
        u1_0.username 
    from
        users u1_0 
    where
        u1_0.username=?
Hibernate: 
    /* <criteria> */ select
        u1_0.id,
        u1_0.address_text,
        u1_0.avg_rating_cache,
        u1_0.bio,
        u1_0.country,
        u1_0.created_at,
        u1_0.curp,
        u1_0.firstname,
        u1_0.lastname,
        u1_0.lat,
        u1_0.lng,
        u1_0.password,
        u1_0.phone,
        u1_0.rfc_homoclave,
        u1_0.role,
        u1_0.service_radius_km,
        u1_0.username 
    from
        users u1_0 
    where
        u1_0.username=?
2025-11-09T12:54:57.002-08:00 DEBUG 17965 --- [JobsyApplication] [nio-8080-exec-4] org.hibernate.SQL                        : 
    /* <criteria> */ select
        u1_0.id,
        u1_0.address_text,
        u1_0.avg_rating_cache,
        u1_0.bio,
        u1_0.country,
        u1_0.created_at,
        u1_0.curp,
        u1_0.firstname,
        u1_0.lastname,
        u1_0.lat,
        u1_0.lng,
        u1_0.password,
        u1_0.phone,
        u1_0.rfc_homoclave,
        u1_0.role,
        u1_0.service_radius_km,
        u1_0.username 
    from
        users u1_0 
    where
        u1_0.username=?
Hibernate: 
    /* <criteria> */ select
        u1_0.id,
        u1_0.address_text,
        u1_0.avg_rating_cache,
        u1_0.bio,
        u1_0.country,
        u1_0.created_at,
        u1_0.curp,
        u1_0.firstname,
        u1_0.lastname,
        u1_0.lat,
        u1_0.lng,
        u1_0.password,
        u1_0.phone,
        u1_0.rfc_homoclave,
        u1_0.role,
        u1_0.service_radius_km,
        u1_0.username 
    from
        users u1_0 
    where
        u1_0.username=?
2025-11-09T12:54:57.068-08:00 DEBUG 17965 --- [JobsyApplication] [nio-8080-exec-9] org.hibernate.SQL                        : 
    select
        up1_0.id,
        up1_0.image_id,
        up1_0.url,
        up1_0.user_id,
        u1_0.id,
        u1_0.address_text,
        u1_0.avg_rating_cache,
        u1_0.bio,
        u1_0.country,
        u1_0.created_at,
        u1_0.curp,
        u1_0.firstname,
        u1_0.lastname,
        u1_0.lat,
        u1_0.lng,
        u1_0.password,
        u1_0.phone,
        u1_0.rfc_homoclave,
        u1_0.role,
        u1_0.service_radius_km,
        u1_0.username 
    from
        user_photos up1_0 
    join
        users u1_0 
            on u1_0.id=up1_0.user_id 
    where
        up1_0.user_id=?
Hibernate: 
    select
        up1_0.id,
        up1_0.image_id,
        up1_0.url,
        up1_0.user_id,
        u1_0.id,
        u1_0.address_text,
        u1_0.avg_rating_cache,
        u1_0.bio,
        u1_0.country,
        u1_0.created_at,
        u1_0.curp,
        u1_0.firstname,
        u1_0.lastname,
        u1_0.lat,
        u1_0.lng,
        u1_0.password,
        u1_0.phone,
        u1_0.rfc_homoclave,
        u1_0.role,
        u1_0.service_radius_km,
        u1_0.username 
    from
        user_photos up1_0 
    join
        users u1_0 
            on u1_0.id=up1_0.user_id 
    where
        up1_0.user_id=?
2025-11-09T12:54:57.161-08:00 DEBUG 17965 --- [JobsyApplication] [nio-8080-exec-9] org.hibernate.SQL                        : 
    select
        pr1_0.id,
        pr1_0.address_text,
        pr1_0.bio,
        pr1_0.created_at,
        pr1_0.curp,
        pr1_0.rejection_reason,
        pr1_0.reviewed_at,
        rb1_0.id,
        rb1_0.address_text,
        rb1_0.avg_rating_cache,
        rb1_0.bio,
        rb1_0.country,
        rb1_0.created_at,
        rb1_0.curp,
        rb1_0.firstname,
        rb1_0.lastname,
        rb1_0.lat,
        rb1_0.lng,
        rb1_0.password,
        rb1_0.phone,
        p1_0.id,
        p1_0.image_id,
        p1_0.url,
        p1_0.user_id,
        rb1_0.rfc_homoclave,
        rb1_0.role,
        rb1_0.service_radius_km,
        rb1_0.username,
        pr1_0.rfc_homoclave,
        pr1_0.status,
        pr1_0.updated_at,
        pr1_0.user_id,
        u2_0.id,
        u2_0.address_text,
        u2_0.avg_rating_cache,
        u2_0.bio,
        u2_0.country,
        u2_0.created_at,
        u2_0.curp,
        u2_0.firstname,
        u2_0.lastname,
        u2_0.lat,
        u2_0.lng,
        u2_0.password,
        u2_0.phone,
        p2_0.id,
        p2_0.image_id,
        p2_0.url,
        p2_0.user_id,
        u2_0.rfc_homoclave,
        u2_0.role,
        u2_0.service_radius_km,
        u2_0.username,
        d1_0.provider_request_id,
        d1_0.id,
        d1_0.public_id,
        d1_0.url 
    from
        provider_applies pr1_0 
    left join
        users rb1_0 
            on rb1_0.id=pr1_0.reviewed_by 
    left join
        user_photos p1_0 
            on rb1_0.id=p1_0.user_id 
    join
        users u2_0 
            on u2_0.id=pr1_0.user_id 
    left join
        user_photos p2_0 
            on u2_0.id=p2_0.user_id 
    left join
        provider_documents d1_0 
            on pr1_0.id=d1_0.provider_request_id 
    where
        pr1_0.id=?
Hibernate: 
    select
        pr1_0.id,
        pr1_0.address_text,
        pr1_0.bio,
        pr1_0.created_at,
        pr1_0.curp,
        pr1_0.rejection_reason,
        pr1_0.reviewed_at,
        rb1_0.id,
        rb1_0.address_text,
        rb1_0.avg_rating_cache,
        rb1_0.bio,
        rb1_0.country,
        rb1_0.created_at,
        rb1_0.curp,
        rb1_0.firstname,
        rb1_0.lastname,
        rb1_0.lat,
        rb1_0.lng,
        rb1_0.password,
        rb1_0.phone,
        p1_0.id,
        p1_0.image_id,
        p1_0.url,
        p1_0.user_id,
        rb1_0.rfc_homoclave,
        rb1_0.role,
        rb1_0.service_radius_km,
        rb1_0.username,
        pr1_0.rfc_homoclave,
        pr1_0.status,
        pr1_0.updated_at,
        pr1_0.user_id,
        u2_0.id,
        u2_0.address_text,
        u2_0.avg_rating_cache,
        u2_0.bio,
        u2_0.country,
        u2_0.created_at,
        u2_0.curp,
        u2_0.firstname,
        u2_0.lastname,
        u2_0.lat,
        u2_0.lng,
        u2_0.password,
        u2_0.phone,
        p2_0.id,
        p2_0.image_id,
        p2_0.url,
        p2_0.user_id,
        u2_0.rfc_homoclave,
        u2_0.role,
        u2_0.service_radius_km,
        u2_0.username,
        d1_0.provider_request_id,
        d1_0.id,
        d1_0.public_id,
        d1_0.url 
    from
        provider_applies pr1_0 
    left join
        users rb1_0 
            on rb1_0.id=pr1_0.reviewed_by 
    left join
        user_photos p1_0 
            on rb1_0.id=p1_0.user_id 
    join
        users u2_0 
            on u2_0.id=pr1_0.user_id 
    left join
        user_photos p2_0 
            on u2_0.id=p2_0.user_id 
    left join
        provider_documents d1_0 
            on pr1_0.id=d1_0.provider_request_id 
    where
        pr1_0.id=?
2025-11-09T12:54:57.170-08:00 DEBUG 17965 --- [JobsyApplication] [nio-8080-exec-4] org.hibernate.SQL                        : 
    select
        up1_0.id,
        up1_0.image_id,
        up1_0.url,
        up1_0.user_id,
        u1_0.id,
        u1_0.address_text,
        u1_0.avg_rating_cache,
        u1_0.bio,
        u1_0.country,
        u1_0.created_at,
        u1_0.curp,
        u1_0.firstname,
        u1_0.lastname,
        u1_0.lat,
        u1_0.lng,
        u1_0.password,
        u1_0.phone,
        u1_0.rfc_homoclave,
        u1_0.role,
        u1_0.service_radius_km,
        u1_0.username 
    from
        user_photos up1_0 
    join
        users u1_0 
            on u1_0.id=up1_0.user_id 
    where
        up1_0.user_id=?
Hibernate: 
    select
        up1_0.id,
        up1_0.image_id,
        up1_0.url,
        up1_0.user_id,
        u1_0.id,
        u1_0.address_text,
        u1_0.avg_rating_cache,
        u1_0.bio,
        u1_0.country,
        u1_0.created_at,
        u1_0.curp,
        u1_0.firstname,
        u1_0.lastname,
        u1_0.lat,
        u1_0.lng,
        u1_0.password,
        u1_0.phone,
        u1_0.rfc_homoclave,
        u1_0.role,
        u1_0.service_radius_km,
        u1_0.username 
    from
        user_photos up1_0 
    join
        users u1_0 
            on u1_0.id=up1_0.user_id 
    where
        up1_0.user_id=?
2025-11-09T12:54:57.259-08:00 DEBUG 17965 --- [JobsyApplication] [nio-8080-exec-4] org.hibernate.SQL                        : 
    /* <criteria> */ select
        pr1_0.id,
        pr1_0.address_text,
        pr1_0.bio,
        pr1_0.created_at,
        pr1_0.curp,
        pr1_0.rejection_reason,
        pr1_0.reviewed_at,
        pr1_0.reviewed_by,
        pr1_0.rfc_homoclave,
        pr1_0.status,
        pr1_0.updated_at,
        pr1_0.user_id 
    from
        provider_applies pr1_0 
    offset
        ? rows 
    fetch
        first ? rows only
Hibernate: 
    /* <criteria> */ select
        pr1_0.id,
        pr1_0.address_text,
        pr1_0.bio,
        pr1_0.created_at,
        pr1_0.curp,
        pr1_0.rejection_reason,
        pr1_0.reviewed_at,
        pr1_0.reviewed_by,
        pr1_0.rfc_homoclave,
        pr1_0.status,
        pr1_0.updated_at,
        pr1_0.user_id 
    from
        provider_applies pr1_0 
    offset
        ? rows 
    fetch
        first ? rows only
2025-11-09T12:54:57.428-08:00 DEBUG 17965 --- [JobsyApplication] [nio-8080-exec-4] org.hibernate.SQL                        : 
    select
        u1_0.id,
        u1_0.address_text,
        u1_0.avg_rating_cache,
        u1_0.bio,
        u1_0.country,
        u1_0.created_at,
        u1_0.curp,
        u1_0.firstname,
        u1_0.lastname,
        u1_0.lat,
        u1_0.lng,
        u1_0.password,
        u1_0.phone,
        p1_0.id,
        p1_0.image_id,
        p1_0.url,
        p1_0.user_id,
        u1_0.rfc_homoclave,
        u1_0.role,
        u1_0.service_radius_km,
        u1_0.username 
    from
        users u1_0 
    left join
        user_photos p1_0 
            on u1_0.id=p1_0.user_id 
    where
        u1_0.id=?
Hibernate: 
    select
        u1_0.id,
        u1_0.address_text,
        u1_0.avg_rating_cache,
        u1_0.bio,
        u1_0.country,
        u1_0.created_at,
        u1_0.curp,
        u1_0.firstname,
        u1_0.lastname,
        u1_0.lat,
        u1_0.lng,
        u1_0.password,
        u1_0.phone,
        p1_0.id,
        p1_0.image_id,
        p1_0.url,
        p1_0.user_id,
        u1_0.rfc_homoclave,
        u1_0.role,
        u1_0.service_radius_km,
        u1_0.username 
    from
        users u1_0 
    left join
        user_photos p1_0 
            on u1_0.id=p1_0.user_id 
    where
        u1_0.id=?
2025-11-09T12:54:57.513-08:00 DEBUG 17965 --- [JobsyApplication] [nio-8080-exec-4] org.hibernate.SQL                        : 
    select
        u1_0.id,
        u1_0.address_text,
        u1_0.avg_rating_cache,
        u1_0.bio,
        u1_0.country,
        u1_0.created_at,
        u1_0.curp,
        u1_0.firstname,
        u1_0.lastname,
        u1_0.lat,
        u1_0.lng,
        u1_0.password,
        u1_0.phone,
        p1_0.id,
        p1_0.image_id,
        p1_0.url,
        p1_0.user_id,
        u1_0.rfc_homoclave,
        u1_0.role,
        u1_0.service_radius_km,
        u1_0.username 
    from
        users u1_0 
    left join
        user_photos p1_0 
            on u1_0.id=p1_0.user_id 
    where
        u1_0.id=?
Hibernate: 
    select
        u1_0.id,
        u1_0.address_text,
        u1_0.avg_rating_cache,
        u1_0.bio,
        u1_0.country,
        u1_0.created_at,
        u1_0.curp,
        u1_0.firstname,
        u1_0.lastname,
        u1_0.lat,
        u1_0.lng,
        u1_0.password,
        u1_0.phone,
        p1_0.id,
        p1_0.image_id,
        p1_0.url,
        p1_0.user_id,
        u1_0.rfc_homoclave,
        u1_0.role,
        u1_0.service_radius_km,
        u1_0.username 
    from
        users u1_0 
    left join
        user_photos p1_0 
            on u1_0.id=p1_0.user_id 
    where
        u1_0.id=?
2025-11-09T12:54:57.600-08:00 DEBUG 17965 --- [JobsyApplication] [nio-8080-exec-4] org.hibernate.SQL                        : 
    select
        d1_0.provider_request_id,
        d1_0.id,
        d1_0.public_id,
        d1_0.url 
    from
        provider_documents d1_0 
    where
        d1_0.provider_request_id=?
Hibernate: 
    select
        d1_0.provider_request_id,
        d1_0.id,
        d1_0.public_id,
        d1_0.url 
    from
        provider_documents d1_0 
    where
        d1_0.provider_request_id=?
2025-11-09T12:54:57.685-08:00 DEBUG 17965 --- [JobsyApplication] [nio-8080-exec-4] org.hibernate.SQL                        : 
    select
        d1_0.provider_request_id,
        d1_0.id,
        d1_0.public_id,
        d1_0.url 
    from
        provider_documents d1_0 
    where
        d1_0.provider_request_id=?
Hibernate: 
    select
        d1_0.provider_request_id,
        d1_0.id,
        d1_0.public_id,
        d1_0.url 
    from
        provider_documents d1_0 
    where
        d1_0.provider_request_id=?
2025-11-09T12:54:57.770-08:00 DEBUG 17965 --- [JobsyApplication] [nio-8080-exec-4] org.hibernate.SQL                        : 
    select
        d1_0.provider_request_id,
        d1_0.id,
        d1_0.public_id,
        d1_0.url 
    from
        provider_documents d1_0 
    where
        d1_0.provider_request_id=?
Hibernate: 
    select
        d1_0.provider_request_id,
        d1_0.id,
        d1_0.public_id,
        d1_0.url 
    from
        provider_documents d1_0 
    where
        d1_0.provider_request_id=?
2025-11-09T12:54:57.855-08:00 DEBUG 17965 --- [JobsyApplication] [nio-8080-exec-4] org.hibernate.SQL                        : 
    select
        d1_0.provider_request_id,
        d1_0.id,
        d1_0.public_id,
        d1_0.url 
    from
        provider_documents d1_0 
    where
        d1_0.provider_request_id=?
Hibernate: 
    select
        d1_0.provider_request_id,
        d1_0.id,
        d1_0.public_id,
        d1_0.url 
    from
        provider_documents d1_0 
    where
        d1_0.provider_request_id=?
2025-11-09T12:54:57.938-08:00 DEBUG 17965 --- [JobsyApplication] [nio-8080-exec-4] org.hibernate.SQL                        : 
    select
        d1_0.provider_request_id,
        d1_0.id,
        d1_0.public_id,
        d1_0.url 
    from
        provider_documents d1_0 
    where
        d1_0.provider_request_id=?
Hibernate: 
    select
        d1_0.provider_request_id,
        d1_0.id,
        d1_0.public_id,
        d1_0.url 
    from
        provider_documents d1_0 
    where
        d1_0.provider_request_id=?
2025-11-09T12:54:58.025-08:00 DEBUG 17965 --- [JobsyApplication] [nio-8080-exec-4] org.hibernate.SQL                        : 
    select
        d1_0.provider_request_id,
        d1_0.id,
        d1_0.public_id,
        d1_0.url 
    from
        provider_documents d1_0 
    where
        d1_0.provider_request_id=?
Hibernate: 
    select
        d1_0.provider_request_id,
        d1_0.id,
        d1_0.public_id,
        d1_0.url 
    from
        provider_documents d1_0 
    where
        d1_0.provider_request_id=?
2025-11-09T12:54:58.109-08:00 DEBUG 17965 --- [JobsyApplication] [nio-8080-exec-4] org.hibernate.SQL                        : 
    select
        d1_0.provider_request_id,
        d1_0.id,
        d1_0.public_id,
        d1_0.url 
    from
        provider_documents d1_0 
    where
        d1_0.provider_request_id=?
Hibernate: 
    select
        d1_0.provider_request_id,
        d1_0.id,
        d1_0.public_id,
        d1_0.url 
    from
        provider_documents d1_0 
    where
        d1_0.provider_request_id=?
2025-11-09T12:54:58.196-08:00 DEBUG 17965 --- [JobsyApplication] [nio-8080-exec-4] org.hibernate.SQL                        : 
    select
        d1_0.provider_request_id,
        d1_0.id,
        d1_0.public_id,
        d1_0.url 
    from
        provider_documents d1_0 
    where
        d1_0.provider_request_id=?
Hibernate: 
    select
        d1_0.provider_request_id,
        d1_0.id,
        d1_0.public_id,
        d1_0.url 
    from
        provider_documents d1_0 
    where
        d1_0.provider_request_id=?
2025-11-09T12:55:00.688-08:00 DEBUG 17965 --- [JobsyApplication] [io-8080-exec-10] org.hibernate.SQL                        : 
    /* <criteria> */ select
        u1_0.id,
        u1_0.address_text,
        u1_0.avg_rating_cache,
        u1_0.bio,
        u1_0.country,
        u1_0.created_at,
        u1_0.curp,
        u1_0.firstname,
        u1_0.lastname,
        u1_0.lat,
        u1_0.lng,
        u1_0.password,
        u1_0.phone,
        u1_0.rfc_homoclave,
        u1_0.role,
        u1_0.service_radius_km,
        u1_0.username 
    from
        users u1_0 
    where
        u1_0.username=?
Hibernate: 
    /* <criteria> */ select
        u1_0.id,
        u1_0.address_text,
        u1_0.avg_rating_cache,
        u1_0.bio,
        u1_0.country,
        u1_0.created_at,
        u1_0.curp,
        u1_0.firstname,
        u1_0.lastname,
        u1_0.lat,
        u1_0.lng,
        u1_0.password,
        u1_0.phone,
        u1_0.rfc_homoclave,
        u1_0.role,
        u1_0.service_radius_km,
        u1_0.username 
    from
        users u1_0 
    where
        u1_0.username=?
2025-11-09T12:55:00.869-08:00 DEBUG 17965 --- [JobsyApplication] [io-8080-exec-10] org.hibernate.SQL                        : 
    select
        up1_0.id,
        up1_0.image_id,
        up1_0.url,
        up1_0.user_id,
        u1_0.id,
        u1_0.address_text,
        u1_0.avg_rating_cache,
        u1_0.bio,
        u1_0.country,
        u1_0.created_at,
        u1_0.curp,
        u1_0.firstname,
        u1_0.lastname,
        u1_0.lat,
        u1_0.lng,
        u1_0.password,
        u1_0.phone,
        u1_0.rfc_homoclave,
        u1_0.role,
        u1_0.service_radius_km,
        u1_0.username 
    from
        user_photos up1_0 
    join
        users u1_0 
            on u1_0.id=up1_0.user_id 
    where
        up1_0.user_id=?
Hibernate: 
    select
        up1_0.id,
        up1_0.image_id,
        up1_0.url,
        up1_0.user_id,
        u1_0.id,
        u1_0.address_text,
        u1_0.avg_rating_cache,
        u1_0.bio,
        u1_0.country,
        u1_0.created_at,
        u1_0.curp,
        u1_0.firstname,
        u1_0.lastname,
        u1_0.lat,
        u1_0.lng,
        u1_0.password,
        u1_0.phone,
        u1_0.rfc_homoclave,
        u1_0.role,
        u1_0.service_radius_km,
        u1_0.username 
    from
        user_photos up1_0 
    join
        users u1_0 
            on u1_0.id=up1_0.user_id 
    where
        up1_0.user_id=?
2025-11-09T12:55:00.963-08:00 DEBUG 17965 --- [JobsyApplication] [io-8080-exec-10] org.hibernate.SQL                        : 
    /* <criteria> */ select
        pr1_0.id,
        pr1_0.address_text,
        pr1_0.bio,
        pr1_0.created_at,
        pr1_0.curp,
        pr1_0.rejection_reason,
        pr1_0.reviewed_at,
        pr1_0.reviewed_by,
        pr1_0.rfc_homoclave,
        pr1_0.status,
        pr1_0.updated_at,
        pr1_0.user_id 
    from
        provider_applies pr1_0 
    offset
        ? rows 
    fetch
        first ? rows only
Hibernate: 
    /* <criteria> */ select
        pr1_0.id,
        pr1_0.address_text,
        pr1_0.bio,
        pr1_0.created_at,
        pr1_0.curp,
        pr1_0.rejection_reason,
        pr1_0.reviewed_at,
        pr1_0.reviewed_by,
        pr1_0.rfc_homoclave,
        pr1_0.status,
        pr1_0.updated_at,
        pr1_0.user_id 
    from
        provider_applies pr1_0 
    offset
        ? rows 
    fetch
        first ? rows only
2025-11-09T12:55:01.053-08:00 DEBUG 17965 --- [JobsyApplication] [io-8080-exec-10] org.hibernate.SQL                        : 
    select
        u1_0.id,
        u1_0.address_text,
        u1_0.avg_rating_cache,
        u1_0.bio,
        u1_0.country,
        u1_0.created_at,
        u1_0.curp,
        u1_0.firstname,
        u1_0.lastname,
        u1_0.lat,
        u1_0.lng,
        u1_0.password,
        u1_0.phone,
        p1_0.id,
        p1_0.image_id,
        p1_0.url,
        p1_0.user_id,
        u1_0.rfc_homoclave,
        u1_0.role,
        u1_0.service_radius_km,
        u1_0.username 
    from
        users u1_0 
    left join
        user_photos p1_0 
            on u1_0.id=p1_0.user_id 
    where
        u1_0.id=?
Hibernate: 
    select
        u1_0.id,
        u1_0.address_text,
        u1_0.avg_rating_cache,
        u1_0.bio,
        u1_0.country,
        u1_0.created_at,
        u1_0.curp,
        u1_0.firstname,
        u1_0.lastname,
        u1_0.lat,
        u1_0.lng,
        u1_0.password,
        u1_0.phone,
        p1_0.id,
        p1_0.image_id,
        p1_0.url,
        p1_0.user_id,
        u1_0.rfc_homoclave,
        u1_0.role,
        u1_0.service_radius_km,
        u1_0.username 
    from
        users u1_0 
    left join
        user_photos p1_0 
            on u1_0.id=p1_0.user_id 
    where
        u1_0.id=?
2025-11-09T12:55:01.143-08:00 DEBUG 17965 --- [JobsyApplication] [io-8080-exec-10] org.hibernate.SQL                        : 
    select
        u1_0.id,
        u1_0.address_text,
        u1_0.avg_rating_cache,
        u1_0.bio,
        u1_0.country,
        u1_0.created_at,
        u1_0.curp,
        u1_0.firstname,
        u1_0.lastname,
        u1_0.lat,
        u1_0.lng,
        u1_0.password,
        u1_0.phone,
        p1_0.id,
        p1_0.image_id,
        p1_0.url,
        p1_0.user_id,
        u1_0.rfc_homoclave,
        u1_0.role,
        u1_0.service_radius_km,
        u1_0.username 
    from
        users u1_0 
    left join
        user_photos p1_0 
            on u1_0.id=p1_0.user_id 
    where
        u1_0.id=?
Hibernate: 
    select
        u1_0.id,
        u1_0.address_text,
        u1_0.avg_rating_cache,
        u1_0.bio,
        u1_0.country,
        u1_0.created_at,
        u1_0.curp,
        u1_0.firstname,
        u1_0.lastname,
        u1_0.lat,
        u1_0.lng,
        u1_0.password,
        u1_0.phone,
        p1_0.id,
        p1_0.image_id,
        p1_0.url,
        p1_0.user_id,
        u1_0.rfc_homoclave,
        u1_0.role,
        u1_0.service_radius_km,
        u1_0.username 
    from
        users u1_0 
    left join
        user_photos p1_0 
            on u1_0.id=p1_0.user_id 
    where
        u1_0.id=?
2025-11-09T12:55:01.233-08:00 DEBUG 17965 --- [JobsyApplication] [io-8080-exec-10] org.hibernate.SQL                        : 
    select
        d1_0.provider_request_id,
        d1_0.id,
        d1_0.public_id,
        d1_0.url 
    from
        provider_documents d1_0 
    where
        d1_0.provider_request_id=?
Hibernate: 
    select
        d1_0.provider_request_id,
        d1_0.id,
        d1_0.public_id,
        d1_0.url 
    from
        provider_documents d1_0 
    where
        d1_0.provider_request_id=?
2025-11-09T12:55:01.322-08:00 DEBUG 17965 --- [JobsyApplication] [io-8080-exec-10] org.hibernate.SQL                        : 
    select
        d1_0.provider_request_id,
        d1_0.id,
        d1_0.public_id,
        d1_0.url 
    from
        provider_documents d1_0 
    where
        d1_0.provider_request_id=?
Hibernate: 
    select
        d1_0.provider_request_id,
        d1_0.id,
        d1_0.public_id,
        d1_0.url 
    from
        provider_documents d1_0 
    where
        d1_0.provider_request_id=?
2025-11-09T12:55:01.410-08:00 DEBUG 17965 --- [JobsyApplication] [io-8080-exec-10] org.hibernate.SQL                        : 
    select
        d1_0.provider_request_id,
        d1_0.id,
        d1_0.public_id,
        d1_0.url 
    from
        provider_documents d1_0 
    where
        d1_0.provider_request_id=?
Hibernate: 
    select
        d1_0.provider_request_id,
        d1_0.id,
        d1_0.public_id,
        d1_0.url 
    from
        provider_documents d1_0 
    where
        d1_0.provider_request_id=?
2025-11-09T12:55:01.498-08:00 DEBUG 17965 --- [JobsyApplication] [io-8080-exec-10] org.hibernate.SQL                        : 
    select
        d1_0.provider_request_id,
        d1_0.id,
        d1_0.public_id,
        d1_0.url 
    from
        provider_documents d1_0 
    where
        d1_0.provider_request_id=?
Hibernate: 
    select
        d1_0.provider_request_id,
        d1_0.id,
        d1_0.public_id,
        d1_0.url 
    from
        provider_documents d1_0 
    where
        d1_0.provider_request_id=?
2025-11-09T12:55:01.587-08:00 DEBUG 17965 --- [JobsyApplication] [io-8080-exec-10] org.hibernate.SQL                        : 
    select
        d1_0.provider_request_id,
        d1_0.id,
        d1_0.public_id,
        d1_0.url 
    from
        provider_documents d1_0 
    where
        d1_0.provider_request_id=?
Hibernate: 
    select
        d1_0.provider_request_id,
        d1_0.id,
        d1_0.public_id,
        d1_0.url 
    from
        provider_documents d1_0 
    where
        d1_0.provider_request_id=?
2025-11-09T12:55:01.677-08:00 DEBUG 17965 --- [JobsyApplication] [io-8080-exec-10] org.hibernate.SQL                        : 
    select
        d1_0.provider_request_id,
        d1_0.id,
        d1_0.public_id,
        d1_0.url 
    from
        provider_documents d1_0 
    where
        d1_0.provider_request_id=?
Hibernate: 
    select
        d1_0.provider_request_id,
        d1_0.id,
        d1_0.public_id,
        d1_0.url 
    from
        provider_documents d1_0 
    where
        d1_0.provider_request_id=?
2025-11-09T12:55:01.767-08:00 DEBUG 17965 --- [JobsyApplication] [io-8080-exec-10] org.hibernate.SQL                        : 
    select
        d1_0.provider_request_id,
        d1_0.id,
        d1_0.public_id,
        d1_0.url 
    from
        provider_documents d1_0 
    where
        d1_0.provider_request_id=?
Hibernate: 
    select
        d1_0.provider_request_id,
        d1_0.id,
        d1_0.public_id,
        d1_0.url 
    from
        provider_documents d1_0 
    where
        d1_0.provider_request_id=?
2025-11-09T12:55:01.858-08:00 DEBUG 17965 --- [JobsyApplication] [io-8080-exec-10] org.hibernate.SQL                        : 
    select
        d1_0.provider_request_id,
        d1_0.id,
        d1_0.public_id,
        d1_0.url 
    from
        provider_documents d1_0 
    where
        d1_0.provider_request_id=?
Hibernate: 
    select
        d1_0.provider_request_id,
        d1_0.id,
        d1_0.public_id,
        d1_0.url 
    from
        provider_documents d1_0 
    where
        d1_0.provider_request_id=?
2025-11-09T12:55:02.291-08:00 DEBUG 17965 --- [JobsyApplication] [nio-8080-exec-9] org.hibernate.SQL                        : 
    /* <criteria> */ select
        u1_0.id,
        u1_0.address_text,
        u1_0.avg_rating_cache,
        u1_0.bio,
        u1_0.country,
        u1_0.created_at,
        u1_0.curp,
        u1_0.firstname,
        u1_0.lastname,
        u1_0.lat,
        u1_0.lng,
        u1_0.password,
        u1_0.phone,
        u1_0.rfc_homoclave,
        u1_0.role,
        u1_0.service_radius_km,
        u1_0.username 
    from
        users u1_0 
    where
        u1_0.username=?
Hibernate: 
    /* <criteria> */ select
        u1_0.id,
        u1_0.address_text,
        u1_0.avg_rating_cache,
        u1_0.bio,
        u1_0.country,
        u1_0.created_at,
        u1_0.curp,
        u1_0.firstname,
        u1_0.lastname,
        u1_0.lat,
        u1_0.lng,
        u1_0.password,
        u1_0.phone,
        u1_0.rfc_homoclave,
        u1_0.role,
        u1_0.service_radius_km,
        u1_0.username 
    from
        users u1_0 
    where
        u1_0.username=?
2025-11-09T12:55:02.380-08:00 DEBUG 17965 --- [JobsyApplication] [nio-8080-exec-9] org.hibernate.SQL                        : 
    select
        up1_0.id,
        up1_0.image_id,
        up1_0.url,
        up1_0.user_id,
        u1_0.id,
        u1_0.address_text,
        u1_0.avg_rating_cache,
        u1_0.bio,
        u1_0.country,
        u1_0.created_at,
        u1_0.curp,
        u1_0.firstname,
        u1_0.lastname,
        u1_0.lat,
        u1_0.lng,
        u1_0.password,
        u1_0.phone,
        u1_0.rfc_homoclave,
        u1_0.role,
        u1_0.service_radius_km,
        u1_0.username 
    from
        user_photos up1_0 
    join
        users u1_0 
            on u1_0.id=up1_0.user_id 
    where
        up1_0.user_id=?
Hibernate: 
    select
        up1_0.id,
        up1_0.image_id,
        up1_0.url,
        up1_0.user_id,
        u1_0.id,
        u1_0.address_text,
        u1_0.avg_rating_cache,
        u1_0.bio,
        u1_0.country,
        u1_0.created_at,
        u1_0.curp,
        u1_0.firstname,
        u1_0.lastname,
        u1_0.lat,
        u1_0.lng,
        u1_0.password,
        u1_0.phone,
        u1_0.rfc_homoclave,
        u1_0.role,
        u1_0.service_radius_km,
        u1_0.username 
    from
        user_photos up1_0 
    join
        users u1_0 
            on u1_0.id=up1_0.user_id 
    where
        up1_0.user_id=?
2025-11-09T12:55:02.381-08:00 DEBUG 17965 --- [JobsyApplication] [nio-8080-exec-4] org.hibernate.SQL                        : 
    /* <criteria> */ select
        u1_0.id,
        u1_0.address_text,
        u1_0.avg_rating_cache,
        u1_0.bio,
        u1_0.country,
        u1_0.created_at,
        u1_0.curp,
        u1_0.firstname,
        u1_0.lastname,
        u1_0.lat,
        u1_0.lng,
        u1_0.password,
        u1_0.phone,
        u1_0.rfc_homoclave,
        u1_0.role,
        u1_0.service_radius_km,
        u1_0.username 
    from
        users u1_0 
    where
        u1_0.username=?
Hibernate: 
    /* <criteria> */ select
        u1_0.id,
        u1_0.address_text,
        u1_0.avg_rating_cache,
        u1_0.bio,
        u1_0.country,
        u1_0.created_at,
        u1_0.curp,
        u1_0.firstname,
        u1_0.lastname,
        u1_0.lat,
        u1_0.lng,
        u1_0.password,
        u1_0.phone,
        u1_0.rfc_homoclave,
        u1_0.role,
        u1_0.service_radius_km,
        u1_0.username 
    from
        users u1_0 
    where
        u1_0.username=?
2025-11-09T12:55:02.409-08:00 DEBUG 17965 --- [JobsyApplication] [nio-8080-exec-6] org.hibernate.SQL                        : 
    /* <criteria> */ select
        u1_0.id,
        u1_0.address_text,
        u1_0.avg_rating_cache,
        u1_0.bio,
        u1_0.country,
        u1_0.created_at,
        u1_0.curp,
        u1_0.firstname,
        u1_0.lastname,
        u1_0.lat,
        u1_0.lng,
        u1_0.password,
        u1_0.phone,
        u1_0.rfc_homoclave,
        u1_0.role,
        u1_0.service_radius_km,
        u1_0.username 
    from
        users u1_0 
    where
        u1_0.username=?
Hibernate: 
    /* <criteria> */ select
        u1_0.id,
        u1_0.address_text,
        u1_0.avg_rating_cache,
        u1_0.bio,
        u1_0.country,
        u1_0.created_at,
        u1_0.curp,
        u1_0.firstname,
        u1_0.lastname,
        u1_0.lat,
        u1_0.lng,
        u1_0.password,
        u1_0.phone,
        u1_0.rfc_homoclave,
        u1_0.role,
        u1_0.service_radius_km,
        u1_0.username 
    from
        users u1_0 
    where
        u1_0.username=?
2025-11-09T12:55:02.473-08:00 DEBUG 17965 --- [JobsyApplication] [nio-8080-exec-9] org.hibernate.SQL                        : 
    /* <criteria> */ select
        pr1_0.id,
        pr1_0.address_text,
        pr1_0.bio,
        pr1_0.created_at,
        pr1_0.curp,
        pr1_0.rejection_reason,
        pr1_0.reviewed_at,
        pr1_0.reviewed_by,
        pr1_0.rfc_homoclave,
        pr1_0.status,
        pr1_0.updated_at,
        pr1_0.user_id 
    from
        provider_applies pr1_0 
    offset
        ? rows 
    fetch
        first ? rows only
Hibernate: 
    /* <criteria> */ select
        pr1_0.id,
        pr1_0.address_text,
        pr1_0.bio,
        pr1_0.created_at,
        pr1_0.curp,
        pr1_0.rejection_reason,
        pr1_0.reviewed_at,
        pr1_0.reviewed_by,
        pr1_0.rfc_homoclave,
        pr1_0.status,
        pr1_0.updated_at,
        pr1_0.user_id 
    from
        provider_applies pr1_0 
    offset
        ? rows 
    fetch
        first ? rows only
2025-11-09T12:55:02.549-08:00 DEBUG 17965 --- [JobsyApplication] [nio-8080-exec-4] org.hibernate.SQL                        : 
    select
        up1_0.id,
        up1_0.image_id,
        up1_0.url,
        up1_0.user_id,
        u1_0.id,
        u1_0.address_text,
        u1_0.avg_rating_cache,
        u1_0.bio,
        u1_0.country,
        u1_0.created_at,
        u1_0.curp,
        u1_0.firstname,
        u1_0.lastname,
        u1_0.lat,
        u1_0.lng,
        u1_0.password,
        u1_0.phone,
        u1_0.rfc_homoclave,
        u1_0.role,
        u1_0.service_radius_km,
        u1_0.username 
    from
        user_photos up1_0 
    join
        users u1_0 
            on u1_0.id=up1_0.user_id 
    where
        up1_0.user_id=?
Hibernate: 
    select
        up1_0.id,
        up1_0.image_id,
        up1_0.url,
        up1_0.user_id,
        u1_0.id,
        u1_0.address_text,
        u1_0.avg_rating_cache,
        u1_0.bio,
        u1_0.country,
        u1_0.created_at,
        u1_0.curp,
        u1_0.firstname,
        u1_0.lastname,
        u1_0.lat,
        u1_0.lng,
        u1_0.password,
        u1_0.phone,
        u1_0.rfc_homoclave,
        u1_0.role,
        u1_0.service_radius_km,
        u1_0.username 
    from
        user_photos up1_0 
    join
        users u1_0 
            on u1_0.id=up1_0.user_id 
    where
        up1_0.user_id=?
2025-11-09T12:55:02.562-08:00 DEBUG 17965 --- [JobsyApplication] [nio-8080-exec-9] org.hibernate.SQL                        : 
    select
        u1_0.id,
        u1_0.address_text,
        u1_0.avg_rating_cache,
        u1_0.bio,
        u1_0.country,
        u1_0.created_at,
        u1_0.curp,
        u1_0.firstname,
        u1_0.lastname,
        u1_0.lat,
        u1_0.lng,
        u1_0.password,
        u1_0.phone,
        p1_0.id,
        p1_0.image_id,
        p1_0.url,
        p1_0.user_id,
        u1_0.rfc_homoclave,
        u1_0.role,
        u1_0.service_radius_km,
        u1_0.username 
    from
        users u1_0 
    left join
        user_photos p1_0 
            on u1_0.id=p1_0.user_id 
    where
        u1_0.id=?
Hibernate: 
    select
        u1_0.id,
        u1_0.address_text,
        u1_0.avg_rating_cache,
        u1_0.bio,
        u1_0.country,
        u1_0.created_at,
        u1_0.curp,
        u1_0.firstname,
        u1_0.lastname,
        u1_0.lat,
        u1_0.lng,
        u1_0.password,
        u1_0.phone,
        p1_0.id,
        p1_0.image_id,
        p1_0.url,
        p1_0.user_id,
        u1_0.rfc_homoclave,
        u1_0.role,
        u1_0.service_radius_km,
        u1_0.username 
    from
        users u1_0 
    left join
        user_photos p1_0 
            on u1_0.id=p1_0.user_id 
    where
        u1_0.id=?
2025-11-09T12:55:02.578-08:00 DEBUG 17965 --- [JobsyApplication] [nio-8080-exec-6] org.hibernate.SQL                        : 
    select
        up1_0.id,
        up1_0.image_id,
        up1_0.url,
        up1_0.user_id,
        u1_0.id,
        u1_0.address_text,
        u1_0.avg_rating_cache,
        u1_0.bio,
        u1_0.country,
        u1_0.created_at,
        u1_0.curp,
        u1_0.firstname,
        u1_0.lastname,
        u1_0.lat,
        u1_0.lng,
        u1_0.password,
        u1_0.phone,
        u1_0.rfc_homoclave,
        u1_0.role,
        u1_0.service_radius_km,
        u1_0.username 
    from
        user_photos up1_0 
    join
        users u1_0 
            on u1_0.id=up1_0.user_id 
    where
        up1_0.user_id=?
Hibernate: 
    select
        up1_0.id,
        up1_0.image_id,
        up1_0.url,
        up1_0.user_id,
        u1_0.id,
        u1_0.address_text,
        u1_0.avg_rating_cache,
        u1_0.bio,
        u1_0.country,
        u1_0.created_at,
        u1_0.curp,
        u1_0.firstname,
        u1_0.lastname,
        u1_0.lat,
        u1_0.lng,
        u1_0.password,
        u1_0.phone,
        u1_0.rfc_homoclave,
        u1_0.role,
        u1_0.service_radius_km,
        u1_0.username 
    from
        user_photos up1_0 
    join
        users u1_0 
            on u1_0.id=up1_0.user_id 
    where
        up1_0.user_id=?
2025-11-09T12:55:02.652-08:00 DEBUG 17965 --- [JobsyApplication] [nio-8080-exec-9] org.hibernate.SQL                        : 
    select
        u1_0.id,
        u1_0.address_text,
        u1_0.avg_rating_cache,
        u1_0.bio,
        u1_0.country,
        u1_0.created_at,
        u1_0.curp,
        u1_0.firstname,
        u1_0.lastname,
        u1_0.lat,
        u1_0.lng,
        u1_0.password,
        u1_0.phone,
        p1_0.id,
        p1_0.image_id,
        p1_0.url,
        p1_0.user_id,
        u1_0.rfc_homoclave,
        u1_0.role,
        u1_0.service_radius_km,
        u1_0.username 
    from
        users u1_0 
    left join
        user_photos p1_0 
            on u1_0.id=p1_0.user_id 
    where
        u1_0.id=?
Hibernate: 
    select
        u1_0.id,
        u1_0.address_text,
        u1_0.avg_rating_cache,
        u1_0.bio,
        u1_0.country,
        u1_0.created_at,
        u1_0.curp,
        u1_0.firstname,
        u1_0.lastname,
        u1_0.lat,
        u1_0.lng,
        u1_0.password,
        u1_0.phone,
        p1_0.id,
        p1_0.image_id,
        p1_0.url,
        p1_0.user_id,
        u1_0.rfc_homoclave,
        u1_0.role,
        u1_0.service_radius_km,
        u1_0.username 
    from
        users u1_0 
    left join
        user_photos p1_0 
            on u1_0.id=p1_0.user_id 
    where
        u1_0.id=?
2025-11-09T12:55:02.668-08:00 DEBUG 17965 --- [JobsyApplication] [nio-8080-exec-6] org.hibernate.SQL                        : 
    /* <criteria> */ select
        n1_0.id,
        n1_0.created_at,
        n1_0.message,
        n1_0.read,
        n1_0.recipient_id,
        n1_0.title,
        n1_0.type 
    from
        notifications n1_0 
    left join
        users r1_0 
            on r1_0.id=n1_0.recipient_id 
    where
        r1_0.id=? 
    order by
        n1_0.created_at desc,
        n1_0.created_at desc 
    fetch
        first ? rows only
Hibernate: 
    /* <criteria> */ select
        n1_0.id,
        n1_0.created_at,
        n1_0.message,
        n1_0.read,
        n1_0.recipient_id,
        n1_0.title,
        n1_0.type 
    from
        notifications n1_0 
    left join
        users r1_0 
            on r1_0.id=n1_0.recipient_id 
    where
        r1_0.id=? 
    order by
        n1_0.created_at desc,
        n1_0.created_at desc 
    fetch
        first ? rows only
2025-11-09T12:55:02.741-08:00 DEBUG 17965 --- [JobsyApplication] [nio-8080-exec-9] org.hibernate.SQL                        : 
    select
        d1_0.provider_request_id,
        d1_0.id,
        d1_0.public_id,
        d1_0.url 
    from
        provider_documents d1_0 
    where
        d1_0.provider_request_id=?
Hibernate: 
    select
        d1_0.provider_request_id,
        d1_0.id,
        d1_0.public_id,
        d1_0.url 
    from
        provider_documents d1_0 
    where
        d1_0.provider_request_id=?
2025-11-09T12:55:02.760-08:00 DEBUG 17965 --- [JobsyApplication] [nio-8080-exec-3] org.hibernate.SQL                        : 
    /* <criteria> */ select
        u1_0.id,
        u1_0.address_text,
        u1_0.avg_rating_cache,
        u1_0.bio,
        u1_0.country,
        u1_0.created_at,
        u1_0.curp,
        u1_0.firstname,
        u1_0.lastname,
        u1_0.lat,
        u1_0.lng,
        u1_0.password,
        u1_0.phone,
        u1_0.rfc_homoclave,
        u1_0.role,
        u1_0.service_radius_km,
        u1_0.username 
    from
        users u1_0 
    where
        u1_0.username=?
Hibernate: 
    /* <criteria> */ select
        u1_0.id,
        u1_0.address_text,
        u1_0.avg_rating_cache,
        u1_0.bio,
        u1_0.country,
        u1_0.created_at,
        u1_0.curp,
        u1_0.firstname,
        u1_0.lastname,
        u1_0.lat,
        u1_0.lng,
        u1_0.password,
        u1_0.phone,
        u1_0.rfc_homoclave,
        u1_0.role,
        u1_0.service_radius_km,
        u1_0.username 
    from
        users u1_0 
    where
        u1_0.username=?
2025-11-09T12:55:02.829-08:00 DEBUG 17965 --- [JobsyApplication] [nio-8080-exec-9] org.hibernate.SQL                        : 
    select
        d1_0.provider_request_id,
        d1_0.id,
        d1_0.public_id,
        d1_0.url 
    from
        provider_documents d1_0 
    where
        d1_0.provider_request_id=?
Hibernate: 
    select
        d1_0.provider_request_id,
        d1_0.id,
        d1_0.public_id,
        d1_0.url 
    from
        provider_documents d1_0 
    where
        d1_0.provider_request_id=?
2025-11-09T12:55:02.843-08:00 DEBUG 17965 --- [JobsyApplication] [nio-8080-exec-3] org.hibernate.SQL                        : 
    select
        up1_0.id,
        up1_0.image_id,
        up1_0.url,
        up1_0.user_id,
        u1_0.id,
        u1_0.address_text,
        u1_0.avg_rating_cache,
        u1_0.bio,
        u1_0.country,
        u1_0.created_at,
        u1_0.curp,
        u1_0.firstname,
        u1_0.lastname,
        u1_0.lat,
        u1_0.lng,
        u1_0.password,
        u1_0.phone,
        u1_0.rfc_homoclave,
        u1_0.role,
        u1_0.service_radius_km,
        u1_0.username 
    from
        user_photos up1_0 
    join
        users u1_0 
            on u1_0.id=up1_0.user_id 
    where
        up1_0.user_id=?
Hibernate: 
    select
        up1_0.id,
        up1_0.image_id,
        up1_0.url,
        up1_0.user_id,
        u1_0.id,
        u1_0.address_text,
        u1_0.avg_rating_cache,
        u1_0.bio,
        u1_0.country,
        u1_0.created_at,
        u1_0.curp,
        u1_0.firstname,
        u1_0.lastname,
        u1_0.lat,
        u1_0.lng,
        u1_0.password,
        u1_0.phone,
        u1_0.rfc_homoclave,
        u1_0.role,
        u1_0.service_radius_km,
        u1_0.username 
    from
        user_photos up1_0 
    join
        users u1_0 
            on u1_0.id=up1_0.user_id 
    where
        up1_0.user_id=?
2025-11-09T12:55:02.919-08:00 DEBUG 17965 --- [JobsyApplication] [nio-8080-exec-9] org.hibernate.SQL                        : 
    select
        d1_0.provider_request_id,
        d1_0.id,
        d1_0.public_id,
        d1_0.url 
    from
        provider_documents d1_0 
    where
        d1_0.provider_request_id=?
Hibernate: 
    select
        d1_0.provider_request_id,
        d1_0.id,
        d1_0.public_id,
        d1_0.url 
    from
        provider_documents d1_0 
    where
        d1_0.provider_request_id=?
2025-11-09T12:55:03.008-08:00 DEBUG 17965 --- [JobsyApplication] [nio-8080-exec-9] org.hibernate.SQL                        : 
    select
        d1_0.provider_request_id,
        d1_0.id,
        d1_0.public_id,
        d1_0.url 
    from
        provider_documents d1_0 
    where
        d1_0.provider_request_id=?
Hibernate: 
    select
        d1_0.provider_request_id,
        d1_0.id,
        d1_0.public_id,
        d1_0.url 
    from
        provider_documents d1_0 
    where
        d1_0.provider_request_id=?
2025-11-09T12:55:03.097-08:00 DEBUG 17965 --- [JobsyApplication] [nio-8080-exec-9] org.hibernate.SQL                        : 
    select
        d1_0.provider_request_id,
        d1_0.id,
        d1_0.public_id,
        d1_0.url 
    from
        provider_documents d1_0 
    where
        d1_0.provider_request_id=?
Hibernate: 
    select
        d1_0.provider_request_id,
        d1_0.id,
        d1_0.public_id,
        d1_0.url 
    from
        provider_documents d1_0 
    where
        d1_0.provider_request_id=?
2025-11-09T12:55:03.185-08:00 DEBUG 17965 --- [JobsyApplication] [nio-8080-exec-9] org.hibernate.SQL                        : 
    select
        d1_0.provider_request_id,
        d1_0.id,
        d1_0.public_id,
        d1_0.url 
    from
        provider_documents d1_0 
    where
        d1_0.provider_request_id=?
Hibernate: 
    select
        d1_0.provider_request_id,
        d1_0.id,
        d1_0.public_id,
        d1_0.url 
    from
        provider_documents d1_0 
    where
        d1_0.provider_request_id=?
2025-11-09T12:55:03.273-08:00 DEBUG 17965 --- [JobsyApplication] [nio-8080-exec-9] org.hibernate.SQL                        : 
    select
        d1_0.provider_request_id,
        d1_0.id,
        d1_0.public_id,
        d1_0.url 
    from
        provider_documents d1_0 
    where
        d1_0.provider_request_id=?
Hibernate: 
    select
        d1_0.provider_request_id,
        d1_0.id,
        d1_0.public_id,
        d1_0.url 
    from
        provider_documents d1_0 
    where
        d1_0.provider_request_id=?
2025-11-09T12:55:03.362-08:00 DEBUG 17965 --- [JobsyApplication] [nio-8080-exec-9] org.hibernate.SQL                        : 
    select
        d1_0.provider_request_id,
        d1_0.id,
        d1_0.public_id,
        d1_0.url 
    from
        provider_documents d1_0 
    where
        d1_0.provider_request_id=?
Hibernate: 
    select
        d1_0.provider_request_id,
        d1_0.id,
        d1_0.public_id,
        d1_0.url 
    from
        provider_documents d1_0 
    where
        d1_0.provider_request_id=?
2025-11-09T12:55:34.370-08:00 DEBUG 17965 --- [JobsyApplication] [nio-8080-exec-3] org.hibernate.SQL                        : 
    /* <criteria> */ select
        u1_0.id,
        u1_0.address_text,
        u1_0.avg_rating_cache,
        u1_0.bio,
        u1_0.country,
        u1_0.created_at,
        u1_0.curp,
        u1_0.firstname,
        u1_0.lastname,
        u1_0.lat,
        u1_0.lng,
        u1_0.password,
        u1_0.phone,
        u1_0.rfc_homoclave,
        u1_0.role,
        u1_0.service_radius_km,
        u1_0.username 
    from
        users u1_0 
    where
        u1_0.username=?
Hibernate: 
    /* <criteria> */ select
        u1_0.id,
        u1_0.address_text,
        u1_0.avg_rating_cache,
        u1_0.bio,
        u1_0.country,
        u1_0.created_at,
        u1_0.curp,
        u1_0.firstname,
        u1_0.lastname,
        u1_0.lat,
        u1_0.lng,
        u1_0.password,
        u1_0.phone,
        u1_0.rfc_homoclave,
        u1_0.role,
        u1_0.service_radius_km,
        u1_0.username 
    from
        users u1_0 
    where
        u1_0.username=?
2025-11-09T12:55:34.539-08:00 DEBUG 17965 --- [JobsyApplication] [nio-8080-exec-3] org.hibernate.SQL                        : 
    select
        up1_0.id,
        up1_0.image_id,
        up1_0.url,
        up1_0.user_id,
        u1_0.id,
        u1_0.address_text,
        u1_0.avg_rating_cache,
        u1_0.bio,
        u1_0.country,
        u1_0.created_at,
        u1_0.curp,
        u1_0.firstname,
        u1_0.lastname,
        u1_0.lat,
        u1_0.lng,
        u1_0.password,
        u1_0.phone,
        u1_0.rfc_homoclave,
        u1_0.role,
        u1_0.service_radius_km,
        u1_0.username 
    from
        user_photos up1_0 
    join
        users u1_0 
            on u1_0.id=up1_0.user_id 
    where
        up1_0.user_id=?
Hibernate: 
    select
        up1_0.id,
        up1_0.image_id,
        up1_0.url,
        up1_0.user_id,
        u1_0.id,
        u1_0.address_text,
        u1_0.avg_rating_cache,
        u1_0.bio,
        u1_0.country,
        u1_0.created_at,
        u1_0.curp,
        u1_0.firstname,
        u1_0.lastname,
        u1_0.lat,
        u1_0.lng,
        u1_0.password,
        u1_0.phone,
        u1_0.rfc_homoclave,
        u1_0.role,
        u1_0.service_radius_km,
        u1_0.username 
    from
        user_photos up1_0 
    join
        users u1_0 
            on u1_0.id=up1_0.user_id 
    where
        up1_0.user_id=?
2025-11-09T12:55:34.707-08:00 DEBUG 17965 --- [JobsyApplication] [nio-8080-exec-3] org.hibernate.SQL                        : 
    /* <criteria> */ select
        u1_0.id,
        u1_0.address_text,
        u1_0.avg_rating_cache,
        u1_0.bio,
        u1_0.country,
        u1_0.created_at,
        u1_0.curp,
        u1_0.firstname,
        u1_0.lastname,
        u1_0.lat,
        u1_0.lng,
        u1_0.password,
        u1_0.phone,
        u1_0.rfc_homoclave,
        u1_0.role,
        u1_0.service_radius_km,
        u1_0.username 
    from
        users u1_0 
    where
        u1_0.username=?
Hibernate: 
    /* <criteria> */ select
        u1_0.id,
        u1_0.address_text,
        u1_0.avg_rating_cache,
        u1_0.bio,
        u1_0.country,
        u1_0.created_at,
        u1_0.curp,
        u1_0.firstname,
        u1_0.lastname,
        u1_0.lat,
        u1_0.lng,
        u1_0.password,
        u1_0.phone,
        u1_0.rfc_homoclave,
        u1_0.role,
        u1_0.service_radius_km,
        u1_0.username 
    from
        users u1_0 
    where
        u1_0.username=?
2025-11-09T12:55:34.794-08:00 DEBUG 17965 --- [JobsyApplication] [nio-8080-exec-3] org.hibernate.SQL                        : 
    select
        up1_0.id,
        up1_0.image_id,
        up1_0.url,
        up1_0.user_id,
        u1_0.id,
        u1_0.address_text,
        u1_0.avg_rating_cache,
        u1_0.bio,
        u1_0.country,
        u1_0.created_at,
        u1_0.curp,
        u1_0.firstname,
        u1_0.lastname,
        u1_0.lat,
        u1_0.lng,
        u1_0.password,
        u1_0.phone,
        u1_0.rfc_homoclave,
        u1_0.role,
        u1_0.service_radius_km,
        u1_0.username 
    from
        user_photos up1_0 
    join
        users u1_0 
            on u1_0.id=up1_0.user_id 
    where
        up1_0.user_id=?
Hibernate: 
    select
        up1_0.id,
        up1_0.image_id,
        up1_0.url,
        up1_0.user_id,
        u1_0.id,
        u1_0.address_text,
        u1_0.avg_rating_cache,
        u1_0.bio,
        u1_0.country,
        u1_0.created_at,
        u1_0.curp,
        u1_0.firstname,
        u1_0.lastname,
        u1_0.lat,
        u1_0.lng,
        u1_0.password,
        u1_0.phone,
        u1_0.rfc_homoclave,
        u1_0.role,
        u1_0.service_radius_km,
        u1_0.username 
    from
        user_photos up1_0 
    join
        users u1_0 
            on u1_0.id=up1_0.user_id 
    where
        up1_0.user_id=?
2025-11-09T12:55:35.232-08:00 DEBUG 17965 --- [JobsyApplication] [nio-8080-exec-5] org.hibernate.SQL                        : 
    /* <criteria> */ select
        u1_0.id,
        u1_0.address_text,
        u1_0.avg_rating_cache,
        u1_0.bio,
        u1_0.country,
        u1_0.created_at,
        u1_0.curp,
        u1_0.firstname,
        u1_0.lastname,
        u1_0.lat,
        u1_0.lng,
        u1_0.password,
        u1_0.phone,
        u1_0.rfc_homoclave,
        u1_0.role,
        u1_0.service_radius_km,
        u1_0.username 
    from
        users u1_0 
    where
        u1_0.username=?
Hibernate: 
    /* <criteria> */ select
        u1_0.id,
        u1_0.address_text,
        u1_0.avg_rating_cache,
        u1_0.bio,
        u1_0.country,
        u1_0.created_at,
        u1_0.curp,
        u1_0.firstname,
        u1_0.lastname,
        u1_0.lat,
        u1_0.lng,
        u1_0.password,
        u1_0.phone,
        u1_0.rfc_homoclave,
        u1_0.role,
        u1_0.service_radius_km,
        u1_0.username 
    from
        users u1_0 
    where
        u1_0.username=?
2025-11-09T12:55:35.405-08:00 DEBUG 17965 --- [JobsyApplication] [nio-8080-exec-5] org.hibernate.SQL                        : 
    select
        up1_0.id,
        up1_0.image_id,
        up1_0.url,
        up1_0.user_id,
        u1_0.id,
        u1_0.address_text,
        u1_0.avg_rating_cache,
        u1_0.bio,
        u1_0.country,
        u1_0.created_at,
        u1_0.curp,
        u1_0.firstname,
        u1_0.lastname,
        u1_0.lat,
        u1_0.lng,
        u1_0.password,
        u1_0.phone,
        u1_0.rfc_homoclave,
        u1_0.role,
        u1_0.service_radius_km,
        u1_0.username 
    from
        user_photos up1_0 
    join
        users u1_0 
            on u1_0.id=up1_0.user_id 
    where
        up1_0.user_id=?
Hibernate: 
    select
        up1_0.id,
        up1_0.image_id,
        up1_0.url,
        up1_0.user_id,
        u1_0.id,
        u1_0.address_text,
        u1_0.avg_rating_cache,
        u1_0.bio,
        u1_0.country,
        u1_0.created_at,
        u1_0.curp,
        u1_0.firstname,
        u1_0.lastname,
        u1_0.lat,
        u1_0.lng,
        u1_0.password,
        u1_0.phone,
        u1_0.rfc_homoclave,
        u1_0.role,
        u1_0.service_radius_km,
        u1_0.username 
    from
        user_photos up1_0 
    join
        users u1_0 
            on u1_0.id=up1_0.user_id 
    where
        up1_0.user_id=?
2025-11-09T12:55:35.860-08:00 DEBUG 17965 --- [JobsyApplication] [nio-8080-exec-2] org.hibernate.SQL                        : 
    /* <criteria> */ select
        u1_0.id,
        u1_0.address_text,
        u1_0.avg_rating_cache,
        u1_0.bio,
        u1_0.country,
        u1_0.created_at,
        u1_0.curp,
        u1_0.firstname,
        u1_0.lastname,
        u1_0.lat,
        u1_0.lng,
        u1_0.password,
        u1_0.phone,
        u1_0.rfc_homoclave,
        u1_0.role,
        u1_0.service_radius_km,
        u1_0.username 
    from
        users u1_0 
    where
        u1_0.username=?
Hibernate: 
    /* <criteria> */ select
        u1_0.id,
        u1_0.address_text,
        u1_0.avg_rating_cache,
        u1_0.bio,
        u1_0.country,
        u1_0.created_at,
        u1_0.curp,
        u1_0.firstname,
        u1_0.lastname,
        u1_0.lat,
        u1_0.lng,
        u1_0.password,
        u1_0.phone,
        u1_0.rfc_homoclave,
        u1_0.role,
        u1_0.service_radius_km,
        u1_0.username 
    from
        users u1_0 
    where
        u1_0.username=?
2025-11-09T12:55:35.880-08:00 DEBUG 17965 --- [JobsyApplication] [nio-8080-exec-3] org.hibernate.SQL                        : 
    /* <criteria> */ select
        u1_0.id,
        u1_0.address_text,
        u1_0.avg_rating_cache,
        u1_0.bio,
        u1_0.country,
        u1_0.created_at,
        u1_0.curp,
        u1_0.firstname,
        u1_0.lastname,
        u1_0.lat,
        u1_0.lng,
        u1_0.password,
        u1_0.phone,
        u1_0.rfc_homoclave,
        u1_0.role,
        u1_0.service_radius_km,
        u1_0.username 
    from
        users u1_0 
    where
        u1_0.username=?
Hibernate: 
    /* <criteria> */ select
        u1_0.id,
        u1_0.address_text,
        u1_0.avg_rating_cache,
        u1_0.bio,
        u1_0.country,
        u1_0.created_at,
        u1_0.curp,
        u1_0.firstname,
        u1_0.lastname,
        u1_0.lat,
        u1_0.lng,
        u1_0.password,
        u1_0.phone,
        u1_0.rfc_homoclave,
        u1_0.role,
        u1_0.service_radius_km,
        u1_0.username 
    from
        users u1_0 
    where
        u1_0.username=?
2025-11-09T12:55:35.890-08:00 DEBUG 17965 --- [JobsyApplication] [nio-8080-exec-9] org.hibernate.SQL                        : 
    /* <criteria> */ select
        u1_0.id,
        u1_0.address_text,
        u1_0.avg_rating_cache,
        u1_0.bio,
        u1_0.country,
        u1_0.created_at,
        u1_0.curp,
        u1_0.firstname,
        u1_0.lastname,
        u1_0.lat,
        u1_0.lng,
        u1_0.password,
        u1_0.phone,
        u1_0.rfc_homoclave,
        u1_0.role,
        u1_0.service_radius_km,
        u1_0.username 
    from
        users u1_0 
    where
        u1_0.username=?
Hibernate: 
    /* <criteria> */ select
        u1_0.id,
        u1_0.address_text,
        u1_0.avg_rating_cache,
        u1_0.bio,
        u1_0.country,
        u1_0.created_at,
        u1_0.curp,
        u1_0.firstname,
        u1_0.lastname,
        u1_0.lat,
        u1_0.lng,
        u1_0.password,
        u1_0.phone,
        u1_0.rfc_homoclave,
        u1_0.role,
        u1_0.service_radius_km,
        u1_0.username 
    from
        users u1_0 
    where
        u1_0.username=?
2025-11-09T12:55:35.898-08:00 DEBUG 17965 --- [JobsyApplication] [nio-8080-exec-5] org.hibernate.SQL                        : 
    /* <criteria> */ select
        u1_0.id,
        u1_0.address_text,
        u1_0.avg_rating_cache,
        u1_0.bio,
        u1_0.country,
        u1_0.created_at,
        u1_0.curp,
        u1_0.firstname,
        u1_0.lastname,
        u1_0.lat,
        u1_0.lng,
        u1_0.password,
        u1_0.phone,
        u1_0.rfc_homoclave,
        u1_0.role,
        u1_0.service_radius_km,
        u1_0.username 
    from
        users u1_0 
    where
        u1_0.username=?
Hibernate: 
    /* <criteria> */ select
        u1_0.id,
        u1_0.address_text,
        u1_0.avg_rating_cache,
        u1_0.bio,
        u1_0.country,
        u1_0.created_at,
        u1_0.curp,
        u1_0.firstname,
        u1_0.lastname,
        u1_0.lat,
        u1_0.lng,
        u1_0.password,
        u1_0.phone,
        u1_0.rfc_homoclave,
        u1_0.role,
        u1_0.service_radius_km,
        u1_0.username 
    from
        users u1_0 
    where
        u1_0.username=?
2025-11-09T12:55:35.983-08:00 DEBUG 17965 --- [JobsyApplication] [nio-8080-exec-5] org.hibernate.SQL                        : 
    select
        up1_0.id,
        up1_0.image_id,
        up1_0.url,
        up1_0.user_id,
        u1_0.id,
        u1_0.address_text,
        u1_0.avg_rating_cache,
        u1_0.bio,
        u1_0.country,
        u1_0.created_at,
        u1_0.curp,
        u1_0.firstname,
        u1_0.lastname,
        u1_0.lat,
        u1_0.lng,
        u1_0.password,
        u1_0.phone,
        u1_0.rfc_homoclave,
        u1_0.role,
        u1_0.service_radius_km,
        u1_0.username 
    from
        user_photos up1_0 
    join
        users u1_0 
            on u1_0.id=up1_0.user_id 
    where
        up1_0.user_id=?
Hibernate: 
    select
        up1_0.id,
        up1_0.image_id,
        up1_0.url,
        up1_0.user_id,
        u1_0.id,
        u1_0.address_text,
        u1_0.avg_rating_cache,
        u1_0.bio,
        u1_0.country,
        u1_0.created_at,
        u1_0.curp,
        u1_0.firstname,
        u1_0.lastname,
        u1_0.lat,
        u1_0.lng,
        u1_0.password,
        u1_0.phone,
        u1_0.rfc_homoclave,
        u1_0.role,
        u1_0.service_radius_km,
        u1_0.username 
    from
        user_photos up1_0 
    join
        users u1_0 
            on u1_0.id=up1_0.user_id 
    where
        up1_0.user_id=?
2025-11-09T12:55:36.037-08:00 DEBUG 17965 --- [JobsyApplication] [nio-8080-exec-2] org.hibernate.SQL                        : 
    select
        up1_0.id,
        up1_0.image_id,
        up1_0.url,
        up1_0.user_id,
        u1_0.id,
        u1_0.address_text,
        u1_0.avg_rating_cache,
        u1_0.bio,
        u1_0.country,
        u1_0.created_at,
        u1_0.curp,
        u1_0.firstname,
        u1_0.lastname,
        u1_0.lat,
        u1_0.lng,
        u1_0.password,
        u1_0.phone,
        u1_0.rfc_homoclave,
        u1_0.role,
        u1_0.service_radius_km,
        u1_0.username 
    from
        user_photos up1_0 
    join
        users u1_0 
            on u1_0.id=up1_0.user_id 
    where
        up1_0.user_id=?
Hibernate: 
    select
        up1_0.id,
        up1_0.image_id,
        up1_0.url,
        up1_0.user_id,
        u1_0.id,
        u1_0.address_text,
        u1_0.avg_rating_cache,
        u1_0.bio,
        u1_0.country,
        u1_0.created_at,
        u1_0.curp,
        u1_0.firstname,
        u1_0.lastname,
        u1_0.lat,
        u1_0.lng,
        u1_0.password,
        u1_0.phone,
        u1_0.rfc_homoclave,
        u1_0.role,
        u1_0.service_radius_km,
        u1_0.username 
    from
        user_photos up1_0 
    join
        users u1_0 
            on u1_0.id=up1_0.user_id 
    where
        up1_0.user_id=?
2025-11-09T12:55:36.050-08:00 DEBUG 17965 --- [JobsyApplication] [nio-8080-exec-3] org.hibernate.SQL                        : 
    select
        up1_0.id,
        up1_0.image_id,
        up1_0.url,
        up1_0.user_id,
        u1_0.id,
        u1_0.address_text,
        u1_0.avg_rating_cache,
        u1_0.bio,
        u1_0.country,
        u1_0.created_at,
        u1_0.curp,
        u1_0.firstname,
        u1_0.lastname,
        u1_0.lat,
        u1_0.lng,
        u1_0.password,
        u1_0.phone,
        u1_0.rfc_homoclave,
        u1_0.role,
        u1_0.service_radius_km,
        u1_0.username 
    from
        user_photos up1_0 
    join
        users u1_0 
            on u1_0.id=up1_0.user_id 
    where
        up1_0.user_id=?
Hibernate: 
    select
        up1_0.id,
        up1_0.image_id,
        up1_0.url,
        up1_0.user_id,
        u1_0.id,
        u1_0.address_text,
        u1_0.avg_rating_cache,
        u1_0.bio,
        u1_0.country,
        u1_0.created_at,
        u1_0.curp,
        u1_0.firstname,
        u1_0.lastname,
        u1_0.lat,
        u1_0.lng,
        u1_0.password,
        u1_0.phone,
        u1_0.rfc_homoclave,
        u1_0.role,
        u1_0.service_radius_km,
        u1_0.username 
    from
        user_photos up1_0 
    join
        users u1_0 
            on u1_0.id=up1_0.user_id 
    where
        up1_0.user_id=?
2025-11-09T12:55:36.069-08:00 DEBUG 17965 --- [JobsyApplication] [nio-8080-exec-9] org.hibernate.SQL                        : 
    select
        up1_0.id,
        up1_0.image_id,
        up1_0.url,
        up1_0.user_id,
        u1_0.id,
        u1_0.address_text,
        u1_0.avg_rating_cache,
        u1_0.bio,
        u1_0.country,
        u1_0.created_at,
        u1_0.curp,
        u1_0.firstname,
        u1_0.lastname,
        u1_0.lat,
        u1_0.lng,
        u1_0.password,
        u1_0.phone,
        u1_0.rfc_homoclave,
        u1_0.role,
        u1_0.service_radius_km,
        u1_0.username 
    from
        user_photos up1_0 
    join
        users u1_0 
            on u1_0.id=up1_0.user_id 
    where
        up1_0.user_id=?
Hibernate: 
    select
        up1_0.id,
        up1_0.image_id,
        up1_0.url,
        up1_0.user_id,
        u1_0.id,
        u1_0.address_text,
        u1_0.avg_rating_cache,
        u1_0.bio,
        u1_0.country,
        u1_0.created_at,
        u1_0.curp,
        u1_0.firstname,
        u1_0.lastname,
        u1_0.lat,
        u1_0.lng,
        u1_0.password,
        u1_0.phone,
        u1_0.rfc_homoclave,
        u1_0.role,
        u1_0.service_radius_km,
        u1_0.username 
    from
        user_photos up1_0 
    join
        users u1_0 
            on u1_0.id=up1_0.user_id 
    where
        up1_0.user_id=?
2025-11-09T12:55:36.139-08:00 DEBUG 17965 --- [JobsyApplication] [nio-8080-exec-3] org.hibernate.SQL                        : 
    /* <criteria> */ select
        pr1_0.id,
        pr1_0.address_text,
        pr1_0.bio,
        pr1_0.created_at,
        pr1_0.curp,
        pr1_0.rejection_reason,
        pr1_0.reviewed_at,
        pr1_0.reviewed_by,
        pr1_0.rfc_homoclave,
        pr1_0.status,
        pr1_0.updated_at,
        pr1_0.user_id 
    from
        provider_applies pr1_0 
    offset
        ? rows 
    fetch
        first ? rows only
Hibernate: 
    /* <criteria> */ select
        pr1_0.id,
        pr1_0.address_text,
        pr1_0.bio,
        pr1_0.created_at,
        pr1_0.curp,
        pr1_0.rejection_reason,
        pr1_0.reviewed_at,
        pr1_0.reviewed_by,
        pr1_0.rfc_homoclave,
        pr1_0.status,
        pr1_0.updated_at,
        pr1_0.user_id 
    from
        provider_applies pr1_0 
    offset
        ? rows 
    fetch
        first ? rows only
2025-11-09T12:55:36.162-08:00 DEBUG 17965 --- [JobsyApplication] [nio-8080-exec-9] org.hibernate.SQL                        : 
    /* <criteria> */ select
        n1_0.id,
        n1_0.created_at,
        n1_0.message,
        n1_0.read,
        n1_0.recipient_id,
        n1_0.title,
        n1_0.type 
    from
        notifications n1_0 
    left join
        users r1_0 
            on r1_0.id=n1_0.recipient_id 
    where
        r1_0.id=? 
    order by
        n1_0.created_at desc,
        n1_0.created_at desc 
    fetch
        first ? rows only
Hibernate: 
    /* <criteria> */ select
        n1_0.id,
        n1_0.created_at,
        n1_0.message,
        n1_0.read,
        n1_0.recipient_id,
        n1_0.title,
        n1_0.type 
    from
        notifications n1_0 
    left join
        users r1_0 
            on r1_0.id=n1_0.recipient_id 
    where
        r1_0.id=? 
    order by
        n1_0.created_at desc,
        n1_0.created_at desc 
    fetch
        first ? rows only
2025-11-09T12:55:36.219-08:00 DEBUG 17965 --- [JobsyApplication] [nio-8080-exec-8] org.hibernate.SQL                        : 
    /* <criteria> */ select
        u1_0.id,
        u1_0.address_text,
        u1_0.avg_rating_cache,
        u1_0.bio,
        u1_0.country,
        u1_0.created_at,
        u1_0.curp,
        u1_0.firstname,
        u1_0.lastname,
        u1_0.lat,
        u1_0.lng,
        u1_0.password,
        u1_0.phone,
        u1_0.rfc_homoclave,
        u1_0.role,
        u1_0.service_radius_km,
        u1_0.username 
    from
        users u1_0 
    where
        u1_0.username=?
Hibernate: 
    /* <criteria> */ select
        u1_0.id,
        u1_0.address_text,
        u1_0.avg_rating_cache,
        u1_0.bio,
        u1_0.country,
        u1_0.created_at,
        u1_0.curp,
        u1_0.firstname,
        u1_0.lastname,
        u1_0.lat,
        u1_0.lng,
        u1_0.password,
        u1_0.phone,
        u1_0.rfc_homoclave,
        u1_0.role,
        u1_0.service_radius_km,
        u1_0.username 
    from
        users u1_0 
    where
        u1_0.username=?
2025-11-09T12:55:36.304-08:00 DEBUG 17965 --- [JobsyApplication] [nio-8080-exec-8] org.hibernate.SQL                        : 
    select
        up1_0.id,
        up1_0.image_id,
        up1_0.url,
        up1_0.user_id,
        u1_0.id,
        u1_0.address_text,
        u1_0.avg_rating_cache,
        u1_0.bio,
        u1_0.country,
        u1_0.created_at,
        u1_0.curp,
        u1_0.firstname,
        u1_0.lastname,
        u1_0.lat,
        u1_0.lng,
        u1_0.password,
        u1_0.phone,
        u1_0.rfc_homoclave,
        u1_0.role,
        u1_0.service_radius_km,
        u1_0.username 
    from
        user_photos up1_0 
    join
        users u1_0 
            on u1_0.id=up1_0.user_id 
    where
        up1_0.user_id=?
Hibernate: 
    select
        up1_0.id,
        up1_0.image_id,
        up1_0.url,
        up1_0.user_id,
        u1_0.id,
        u1_0.address_text,
        u1_0.avg_rating_cache,
        u1_0.bio,
        u1_0.country,
        u1_0.created_at,
        u1_0.curp,
        u1_0.firstname,
        u1_0.lastname,
        u1_0.lat,
        u1_0.lng,
        u1_0.password,
        u1_0.phone,
        u1_0.rfc_homoclave,
        u1_0.role,
        u1_0.service_radius_km,
        u1_0.username 
    from
        user_photos up1_0 
    join
        users u1_0 
            on u1_0.id=up1_0.user_id 
    where
        up1_0.user_id=?
2025-11-09T12:55:36.306-08:00 DEBUG 17965 --- [JobsyApplication] [nio-8080-exec-3] org.hibernate.SQL                        : 
    select
        u1_0.id,
        u1_0.address_text,
        u1_0.avg_rating_cache,
        u1_0.bio,
        u1_0.country,
        u1_0.created_at,
        u1_0.curp,
        u1_0.firstname,
        u1_0.lastname,
        u1_0.lat,
        u1_0.lng,
        u1_0.password,
        u1_0.phone,
        p1_0.id,
        p1_0.image_id,
        p1_0.url,
        p1_0.user_id,
        u1_0.rfc_homoclave,
        u1_0.role,
        u1_0.service_radius_km,
        u1_0.username 
    from
        users u1_0 
    left join
        user_photos p1_0 
            on u1_0.id=p1_0.user_id 
    where
        u1_0.id=?
Hibernate: 
    select
        u1_0.id,
        u1_0.address_text,
        u1_0.avg_rating_cache,
        u1_0.bio,
        u1_0.country,
        u1_0.created_at,
        u1_0.curp,
        u1_0.firstname,
        u1_0.lastname,
        u1_0.lat,
        u1_0.lng,
        u1_0.password,
        u1_0.phone,
        p1_0.id,
        p1_0.image_id,
        p1_0.url,
        p1_0.user_id,
        u1_0.rfc_homoclave,
        u1_0.role,
        u1_0.service_radius_km,
        u1_0.username 
    from
        users u1_0 
    left join
        user_photos p1_0 
            on u1_0.id=p1_0.user_id 
    where
        u1_0.id=?
2025-11-09T12:55:36.391-08:00 DEBUG 17965 --- [JobsyApplication] [nio-8080-exec-3] org.hibernate.SQL                        : 
    select
        u1_0.id,
        u1_0.address_text,
        u1_0.avg_rating_cache,
        u1_0.bio,
        u1_0.country,
        u1_0.created_at,
        u1_0.curp,
        u1_0.firstname,
        u1_0.lastname,
        u1_0.lat,
        u1_0.lng,
        u1_0.password,
        u1_0.phone,
        p1_0.id,
        p1_0.image_id,
        p1_0.url,
        p1_0.user_id,
        u1_0.rfc_homoclave,
        u1_0.role,
        u1_0.service_radius_km,
        u1_0.username 
    from
        users u1_0 
    left join
        user_photos p1_0 
            on u1_0.id=p1_0.user_id 
    where
        u1_0.id=?
Hibernate: 
    select
        u1_0.id,
        u1_0.address_text,
        u1_0.avg_rating_cache,
        u1_0.bio,
        u1_0.country,
        u1_0.created_at,
        u1_0.curp,
        u1_0.firstname,
        u1_0.lastname,
        u1_0.lat,
        u1_0.lng,
        u1_0.password,
        u1_0.phone,
        p1_0.id,
        p1_0.image_id,
        p1_0.url,
        p1_0.user_id,
        u1_0.rfc_homoclave,
        u1_0.role,
        u1_0.service_radius_km,
        u1_0.username 
    from
        users u1_0 
    left join
        user_photos p1_0 
            on u1_0.id=p1_0.user_id 
    where
        u1_0.id=?
2025-11-09T12:55:36.478-08:00 DEBUG 17965 --- [JobsyApplication] [nio-8080-exec-3] org.hibernate.SQL                        : 
    select
        d1_0.provider_request_id,
        d1_0.id,
        d1_0.public_id,
        d1_0.url 
    from
        provider_documents d1_0 
    where
        d1_0.provider_request_id=?
Hibernate: 
    select
        d1_0.provider_request_id,
        d1_0.id,
        d1_0.public_id,
        d1_0.url 
    from
        provider_documents d1_0 
    where
        d1_0.provider_request_id=?
2025-11-09T12:55:36.562-08:00 DEBUG 17965 --- [JobsyApplication] [nio-8080-exec-3] org.hibernate.SQL                        : 
    select
        d1_0.provider_request_id,
        d1_0.id,
        d1_0.public_id,
        d1_0.url 
    from
        provider_documents d1_0 
    where
        d1_0.provider_request_id=?
Hibernate: 
    select
        d1_0.provider_request_id,
        d1_0.id,
        d1_0.public_id,
        d1_0.url 
    from
        provider_documents d1_0 
    where
        d1_0.provider_request_id=?
2025-11-09T12:55:36.647-08:00 DEBUG 17965 --- [JobsyApplication] [nio-8080-exec-3] org.hibernate.SQL                        : 
    select
        d1_0.provider_request_id,
        d1_0.id,
        d1_0.public_id,
        d1_0.url 
    from
        provider_documents d1_0 
    where
        d1_0.provider_request_id=?
Hibernate: 
    select
        d1_0.provider_request_id,
        d1_0.id,
        d1_0.public_id,
        d1_0.url 
    from
        provider_documents d1_0 
    where
        d1_0.provider_request_id=?
2025-11-09T12:55:36.732-08:00 DEBUG 17965 --- [JobsyApplication] [nio-8080-exec-3] org.hibernate.SQL                        : 
    select
        d1_0.provider_request_id,
        d1_0.id,
        d1_0.public_id,
        d1_0.url 
    from
        provider_documents d1_0 
    where
        d1_0.provider_request_id=?
Hibernate: 
    select
        d1_0.provider_request_id,
        d1_0.id,
        d1_0.public_id,
        d1_0.url 
    from
        provider_documents d1_0 
    where
        d1_0.provider_request_id=?
2025-11-09T12:55:36.815-08:00 DEBUG 17965 --- [JobsyApplication] [nio-8080-exec-3] org.hibernate.SQL                        : 
    select
        d1_0.provider_request_id,
        d1_0.id,
        d1_0.public_id,
        d1_0.url 
    from
        provider_documents d1_0 
    where
        d1_0.provider_request_id=?
Hibernate: 
    select
        d1_0.provider_request_id,
        d1_0.id,
        d1_0.public_id,
        d1_0.url 
    from
        provider_documents d1_0 
    where
        d1_0.provider_request_id=?
2025-11-09T12:55:36.901-08:00 DEBUG 17965 --- [JobsyApplication] [nio-8080-exec-3] org.hibernate.SQL                        : 
    select
        d1_0.provider_request_id,
        d1_0.id,
        d1_0.public_id,
        d1_0.url 
    from
        provider_documents d1_0 
    where
        d1_0.provider_request_id=?
Hibernate: 
    select
        d1_0.provider_request_id,
        d1_0.id,
        d1_0.public_id,
        d1_0.url 
    from
        provider_documents d1_0 
    where
        d1_0.provider_request_id=?
2025-11-09T12:55:36.988-08:00 DEBUG 17965 --- [JobsyApplication] [nio-8080-exec-3] org.hibernate.SQL                        : 
    select
        d1_0.provider_request_id,
        d1_0.id,
        d1_0.public_id,
        d1_0.url 
    from
        provider_documents d1_0 
    where
        d1_0.provider_request_id=?
Hibernate: 
    select
        d1_0.provider_request_id,
        d1_0.id,
        d1_0.public_id,
        d1_0.url 
    from
        provider_documents d1_0 
    where
        d1_0.provider_request_id=?
2025-11-09T12:55:37.073-08:00 DEBUG 17965 --- [JobsyApplication] [nio-8080-exec-3] org.hibernate.SQL                        : 
    select
        d1_0.provider_request_id,
        d1_0.id,
        d1_0.public_id,
        d1_0.url 
    from
        provider_documents d1_0 
    where
        d1_0.provider_request_id=?
Hibernate: 
    select
        d1_0.provider_request_id,
        d1_0.id,
        d1_0.public_id,
        d1_0.url 
    from
        provider_documents d1_0 
    where
        d1_0.provider_request_id=?
2025-11-09T12:55:40.709-08:00 DEBUG 17965 --- [JobsyApplication] [nio-8080-exec-6] org.hibernate.SQL                        : 
    /* <criteria> */ select
        u1_0.id,
        u1_0.address_text,
        u1_0.avg_rating_cache,
        u1_0.bio,
        u1_0.country,
        u1_0.created_at,
        u1_0.curp,
        u1_0.firstname,
        u1_0.lastname,
        u1_0.lat,
        u1_0.lng,
        u1_0.password,
        u1_0.phone,
        u1_0.rfc_homoclave,
        u1_0.role,
        u1_0.service_radius_km,
        u1_0.username 
    from
        users u1_0 
    where
        u1_0.username=?
Hibernate: 
    /* <criteria> */ select
        u1_0.id,
        u1_0.address_text,
        u1_0.avg_rating_cache,
        u1_0.bio,
        u1_0.country,
        u1_0.created_at,
        u1_0.curp,
        u1_0.firstname,
        u1_0.lastname,
        u1_0.lat,
        u1_0.lng,
        u1_0.password,
        u1_0.phone,
        u1_0.rfc_homoclave,
        u1_0.role,
        u1_0.service_radius_km,
        u1_0.username 
    from
        users u1_0 
    where
        u1_0.username=?
2025-11-09T12:55:40.880-08:00 DEBUG 17965 --- [JobsyApplication] [nio-8080-exec-6] org.hibernate.SQL                        : 
    select
        up1_0.id,
        up1_0.image_id,
        up1_0.url,
        up1_0.user_id,
        u1_0.id,
        u1_0.address_text,
        u1_0.avg_rating_cache,
        u1_0.bio,
        u1_0.country,
        u1_0.created_at,
        u1_0.curp,
        u1_0.firstname,
        u1_0.lastname,
        u1_0.lat,
        u1_0.lng,
        u1_0.password,
        u1_0.phone,
        u1_0.rfc_homoclave,
        u1_0.role,
        u1_0.service_radius_km,
        u1_0.username 
    from
        user_photos up1_0 
    join
        users u1_0 
            on u1_0.id=up1_0.user_id 
    where
        up1_0.user_id=?
Hibernate: 
    select
        up1_0.id,
        up1_0.image_id,
        up1_0.url,
        up1_0.user_id,
        u1_0.id,
        u1_0.address_text,
        u1_0.avg_rating_cache,
        u1_0.bio,
        u1_0.country,
        u1_0.created_at,
        u1_0.curp,
        u1_0.firstname,
        u1_0.lastname,
        u1_0.lat,
        u1_0.lng,
        u1_0.password,
        u1_0.phone,
        u1_0.rfc_homoclave,
        u1_0.role,
        u1_0.service_radius_km,
        u1_0.username 
    from
        user_photos up1_0 
    join
        users u1_0 
            on u1_0.id=up1_0.user_id 
    where
        up1_0.user_id=?
2025-11-09T12:55:40.969-08:00 DEBUG 17965 --- [JobsyApplication] [nio-8080-exec-6] org.hibernate.SQL                        : 
    /* <criteria> */ select
        pr1_0.id,
        pr1_0.address_text,
        pr1_0.bio,
        pr1_0.created_at,
        pr1_0.curp,
        pr1_0.rejection_reason,
        pr1_0.reviewed_at,
        pr1_0.reviewed_by,
        pr1_0.rfc_homoclave,
        pr1_0.status,
        pr1_0.updated_at,
        pr1_0.user_id 
    from
        provider_applies pr1_0 
    offset
        ? rows 
    fetch
        first ? rows only
Hibernate: 
    /* <criteria> */ select
        pr1_0.id,
        pr1_0.address_text,
        pr1_0.bio,
        pr1_0.created_at,
        pr1_0.curp,
        pr1_0.rejection_reason,
        pr1_0.reviewed_at,
        pr1_0.reviewed_by,
        pr1_0.rfc_homoclave,
        pr1_0.status,
        pr1_0.updated_at,
        pr1_0.user_id 
    from
        provider_applies pr1_0 
    offset
        ? rows 
    fetch
        first ? rows only
2025-11-09T12:55:41.138-08:00 DEBUG 17965 --- [JobsyApplication] [nio-8080-exec-6] org.hibernate.SQL                        : 
    select
        u1_0.id,
        u1_0.address_text,
        u1_0.avg_rating_cache,
        u1_0.bio,
        u1_0.country,
        u1_0.created_at,
        u1_0.curp,
        u1_0.firstname,
        u1_0.lastname,
        u1_0.lat,
        u1_0.lng,
        u1_0.password,
        u1_0.phone,
        p1_0.id,
        p1_0.image_id,
        p1_0.url,
        p1_0.user_id,
        u1_0.rfc_homoclave,
        u1_0.role,
        u1_0.service_radius_km,
        u1_0.username 
    from
        users u1_0 
    left join
        user_photos p1_0 
            on u1_0.id=p1_0.user_id 
    where
        u1_0.id=?
Hibernate: 
    select
        u1_0.id,
        u1_0.address_text,
        u1_0.avg_rating_cache,
        u1_0.bio,
        u1_0.country,
        u1_0.created_at,
        u1_0.curp,
        u1_0.firstname,
        u1_0.lastname,
        u1_0.lat,
        u1_0.lng,
        u1_0.password,
        u1_0.phone,
        p1_0.id,
        p1_0.image_id,
        p1_0.url,
        p1_0.user_id,
        u1_0.rfc_homoclave,
        u1_0.role,
        u1_0.service_radius_km,
        u1_0.username 
    from
        users u1_0 
    left join
        user_photos p1_0 
            on u1_0.id=p1_0.user_id 
    where
        u1_0.id=?
2025-11-09T12:55:41.224-08:00 DEBUG 17965 --- [JobsyApplication] [nio-8080-exec-6] org.hibernate.SQL                        : 
    select
        u1_0.id,
        u1_0.address_text,
        u1_0.avg_rating_cache,
        u1_0.bio,
        u1_0.country,
        u1_0.created_at,
        u1_0.curp,
        u1_0.firstname,
        u1_0.lastname,
        u1_0.lat,
        u1_0.lng,
        u1_0.password,
        u1_0.phone,
        p1_0.id,
        p1_0.image_id,
        p1_0.url,
        p1_0.user_id,
        u1_0.rfc_homoclave,
        u1_0.role,
        u1_0.service_radius_km,
        u1_0.username 
    from
        users u1_0 
    left join
        user_photos p1_0 
            on u1_0.id=p1_0.user_id 
    where
        u1_0.id=?
Hibernate: 
    select
        u1_0.id,
        u1_0.address_text,
        u1_0.avg_rating_cache,
        u1_0.bio,
        u1_0.country,
        u1_0.created_at,
        u1_0.curp,
        u1_0.firstname,
        u1_0.lastname,
        u1_0.lat,
        u1_0.lng,
        u1_0.password,
        u1_0.phone,
        p1_0.id,
        p1_0.image_id,
        p1_0.url,
        p1_0.user_id,
        u1_0.rfc_homoclave,
        u1_0.role,
        u1_0.service_radius_km,
        u1_0.username 
    from
        users u1_0 
    left join
        user_photos p1_0 
            on u1_0.id=p1_0.user_id 
    where
        u1_0.id=?
2025-11-09T12:55:41.310-08:00 DEBUG 17965 --- [JobsyApplication] [nio-8080-exec-6] org.hibernate.SQL                        : 
    select
        d1_0.provider_request_id,
        d1_0.id,
        d1_0.public_id,
        d1_0.url 
    from
        provider_documents d1_0 
    where
        d1_0.provider_request_id=?
Hibernate: 
    select
        d1_0.provider_request_id,
        d1_0.id,
        d1_0.public_id,
        d1_0.url 
    from
        provider_documents d1_0 
    where
        d1_0.provider_request_id=?
2025-11-09T12:55:41.394-08:00 DEBUG 17965 --- [JobsyApplication] [nio-8080-exec-6] org.hibernate.SQL                        : 
    select
        d1_0.provider_request_id,
        d1_0.id,
        d1_0.public_id,
        d1_0.url 
    from
        provider_documents d1_0 
    where
        d1_0.provider_request_id=?
Hibernate: 
    select
        d1_0.provider_request_id,
        d1_0.id,
        d1_0.public_id,
        d1_0.url 
    from
        provider_documents d1_0 
    where
        d1_0.provider_request_id=?
2025-11-09T12:55:41.479-08:00 DEBUG 17965 --- [JobsyApplication] [nio-8080-exec-6] org.hibernate.SQL                        : 
    select
        d1_0.provider_request_id,
        d1_0.id,
        d1_0.public_id,
        d1_0.url 
    from
        provider_documents d1_0 
    where
        d1_0.provider_request_id=?
Hibernate: 
    select
        d1_0.provider_request_id,
        d1_0.id,
        d1_0.public_id,
        d1_0.url 
    from
        provider_documents d1_0 
    where
        d1_0.provider_request_id=?
2025-11-09T12:55:41.565-08:00 DEBUG 17965 --- [JobsyApplication] [nio-8080-exec-6] org.hibernate.SQL                        : 
    select
        d1_0.provider_request_id,
        d1_0.id,
        d1_0.public_id,
        d1_0.url 
    from
        provider_documents d1_0 
    where
        d1_0.provider_request_id=?
Hibernate: 
    select
        d1_0.provider_request_id,
        d1_0.id,
        d1_0.public_id,
        d1_0.url 
    from
        provider_documents d1_0 
    where
        d1_0.provider_request_id=?
2025-11-09T12:55:41.650-08:00 DEBUG 17965 --- [JobsyApplication] [nio-8080-exec-6] org.hibernate.SQL                        : 
    select
        d1_0.provider_request_id,
        d1_0.id,
        d1_0.public_id,
        d1_0.url 
    from
        provider_documents d1_0 
    where
        d1_0.provider_request_id=?
Hibernate: 
    select
        d1_0.provider_request_id,
        d1_0.id,
        d1_0.public_id,
        d1_0.url 
    from
        provider_documents d1_0 
    where
        d1_0.provider_request_id=?
2025-11-09T12:55:41.735-08:00 DEBUG 17965 --- [JobsyApplication] [nio-8080-exec-6] org.hibernate.SQL                        : 
    select
        d1_0.provider_request_id,
        d1_0.id,
        d1_0.public_id,
        d1_0.url 
    from
        provider_documents d1_0 
    where
        d1_0.provider_request_id=?
Hibernate: 
    select
        d1_0.provider_request_id,
        d1_0.id,
        d1_0.public_id,
        d1_0.url 
    from
        provider_documents d1_0 
    where
        d1_0.provider_request_id=?
2025-11-09T12:55:41.821-08:00 DEBUG 17965 --- [JobsyApplication] [nio-8080-exec-6] org.hibernate.SQL                        : 
    select
        d1_0.provider_request_id,
        d1_0.id,
        d1_0.public_id,
        d1_0.url 
    from
        provider_documents d1_0 
    where
        d1_0.provider_request_id=?
Hibernate: 
    select
        d1_0.provider_request_id,
        d1_0.id,
        d1_0.public_id,
        d1_0.url 
    from
        provider_documents d1_0 
    where
        d1_0.provider_request_id=?
2025-11-09T12:55:41.906-08:00 DEBUG 17965 --- [JobsyApplication] [nio-8080-exec-6] org.hibernate.SQL                        : 
    select
        d1_0.provider_request_id,
        d1_0.id,
        d1_0.public_id,
        d1_0.url 
    from
        provider_documents d1_0 
    where
        d1_0.provider_request_id=?
Hibernate: 
    select
        d1_0.provider_request_id,
        d1_0.id,
        d1_0.public_id,
        d1_0.url 
    from
        provider_documents d1_0 
    where
        d1_0.provider_request_id=?
2025-11-09T12:56:38.314-08:00 DEBUG 17965 --- [JobsyApplication] [nio-8080-exec-8] org.hibernate.SQL                        : 
    /* <criteria> */ select
        u1_0.id,
        u1_0.address_text,
        u1_0.avg_rating_cache,
        u1_0.bio,
        u1_0.country,
        u1_0.created_at,
        u1_0.curp,
        u1_0.firstname,
        u1_0.lastname,
        u1_0.lat,
        u1_0.lng,
        u1_0.password,
        u1_0.phone,
        u1_0.rfc_homoclave,
        u1_0.role,
        u1_0.service_radius_km,
        u1_0.username 
    from
        users u1_0 
    where
        u1_0.username=?
Hibernate: 
    /* <criteria> */ select
        u1_0.id,
        u1_0.address_text,
        u1_0.avg_rating_cache,
        u1_0.bio,
        u1_0.country,
        u1_0.created_at,
        u1_0.curp,
        u1_0.firstname,
        u1_0.lastname,
        u1_0.lat,
        u1_0.lng,
        u1_0.password,
        u1_0.phone,
        u1_0.rfc_homoclave,
        u1_0.role,
        u1_0.service_radius_km,
        u1_0.username 
    from
        users u1_0 
    where
        u1_0.username=?
2025-11-09T12:56:38.483-08:00 DEBUG 17965 --- [JobsyApplication] [nio-8080-exec-8] org.hibernate.SQL                        : 
    select
        up1_0.id,
        up1_0.image_id,
        up1_0.url,
        up1_0.user_id,
        u1_0.id,
        u1_0.address_text,
        u1_0.avg_rating_cache,
        u1_0.bio,
        u1_0.country,
        u1_0.created_at,
        u1_0.curp,
        u1_0.firstname,
        u1_0.lastname,
        u1_0.lat,
        u1_0.lng,
        u1_0.password,
        u1_0.phone,
        u1_0.rfc_homoclave,
        u1_0.role,
        u1_0.service_radius_km,
        u1_0.username 
    from
        user_photos up1_0 
    join
        users u1_0 
            on u1_0.id=up1_0.user_id 
    where
        up1_0.user_id=?
Hibernate: 
    select
        up1_0.id,
        up1_0.image_id,
        up1_0.url,
        up1_0.user_id,
        u1_0.id,
        u1_0.address_text,
        u1_0.avg_rating_cache,
        u1_0.bio,
        u1_0.country,
        u1_0.created_at,
        u1_0.curp,
        u1_0.firstname,
        u1_0.lastname,
        u1_0.lat,
        u1_0.lng,
        u1_0.password,
        u1_0.phone,
        u1_0.rfc_homoclave,
        u1_0.role,
        u1_0.service_radius_km,
        u1_0.username 
    from
        user_photos up1_0 
    join
        users u1_0 
            on u1_0.id=up1_0.user_id 
    where
        up1_0.user_id=?
2025-11-09T12:56:38.649-08:00 DEBUG 17965 --- [JobsyApplication] [nio-8080-exec-8] org.hibernate.SQL                        : 
    /* <criteria> */ select
        u1_0.id,
        u1_0.address_text,
        u1_0.avg_rating_cache,
        u1_0.bio,
        u1_0.country,
        u1_0.created_at,
        u1_0.curp,
        u1_0.firstname,
        u1_0.lastname,
        u1_0.lat,
        u1_0.lng,
        u1_0.password,
        u1_0.phone,
        u1_0.rfc_homoclave,
        u1_0.role,
        u1_0.service_radius_km,
        u1_0.username 
    from
        users u1_0 
    where
        u1_0.username=?
Hibernate: 
    /* <criteria> */ select
        u1_0.id,
        u1_0.address_text,
        u1_0.avg_rating_cache,
        u1_0.bio,
        u1_0.country,
        u1_0.created_at,
        u1_0.curp,
        u1_0.firstname,
        u1_0.lastname,
        u1_0.lat,
        u1_0.lng,
        u1_0.password,
        u1_0.phone,
        u1_0.rfc_homoclave,
        u1_0.role,
        u1_0.service_radius_km,
        u1_0.username 
    from
        users u1_0 
    where
        u1_0.username=?
2025-11-09T12:56:38.736-08:00 DEBUG 17965 --- [JobsyApplication] [nio-8080-exec-8] org.hibernate.SQL                        : 
    select
        up1_0.id,
        up1_0.image_id,
        up1_0.url,
        up1_0.user_id,
        u1_0.id,
        u1_0.address_text,
        u1_0.avg_rating_cache,
        u1_0.bio,
        u1_0.country,
        u1_0.created_at,
        u1_0.curp,
        u1_0.firstname,
        u1_0.lastname,
        u1_0.lat,
        u1_0.lng,
        u1_0.password,
        u1_0.phone,
        u1_0.rfc_homoclave,
        u1_0.role,
        u1_0.service_radius_km,
        u1_0.username 
    from
        user_photos up1_0 
    join
        users u1_0 
            on u1_0.id=up1_0.user_id 
    where
        up1_0.user_id=?
Hibernate: 
    select
        up1_0.id,
        up1_0.image_id,
        up1_0.url,
        up1_0.user_id,
        u1_0.id,
        u1_0.address_text,
        u1_0.avg_rating_cache,
        u1_0.bio,
        u1_0.country,
        u1_0.created_at,
        u1_0.curp,
        u1_0.firstname,
        u1_0.lastname,
        u1_0.lat,
        u1_0.lng,
        u1_0.password,
        u1_0.phone,
        u1_0.rfc_homoclave,
        u1_0.role,
        u1_0.service_radius_km,
        u1_0.username 
    from
        user_photos up1_0 
    join
        users u1_0 
            on u1_0.id=up1_0.user_id 
    where
        up1_0.user_id=?
2025-11-09T12:56:39.374-08:00 DEBUG 17965 --- [JobsyApplication] [nio-8080-exec-7] org.hibernate.SQL                        : 
    /* <criteria> */ select
        u1_0.id,
        u1_0.address_text,
        u1_0.avg_rating_cache,
        u1_0.bio,
        u1_0.country,
        u1_0.created_at,
        u1_0.curp,
        u1_0.firstname,
        u1_0.lastname,
        u1_0.lat,
        u1_0.lng,
        u1_0.password,
        u1_0.phone,
        u1_0.rfc_homoclave,
        u1_0.role,
        u1_0.service_radius_km,
        u1_0.username 
    from
        users u1_0 
    where
        u1_0.username=?
Hibernate: 
    /* <criteria> */ select
        u1_0.id,
        u1_0.address_text,
        u1_0.avg_rating_cache,
        u1_0.bio,
        u1_0.country,
        u1_0.created_at,
        u1_0.curp,
        u1_0.firstname,
        u1_0.lastname,
        u1_0.lat,
        u1_0.lng,
        u1_0.password,
        u1_0.phone,
        u1_0.rfc_homoclave,
        u1_0.role,
        u1_0.service_radius_km,
        u1_0.username 
    from
        users u1_0 
    where
        u1_0.username=?
2025-11-09T12:56:39.550-08:00 DEBUG 17965 --- [JobsyApplication] [nio-8080-exec-7] org.hibernate.SQL                        : 
    select
        up1_0.id,
        up1_0.image_id,
        up1_0.url,
        up1_0.user_id,
        u1_0.id,
        u1_0.address_text,
        u1_0.avg_rating_cache,
        u1_0.bio,
        u1_0.country,
        u1_0.created_at,
        u1_0.curp,
        u1_0.firstname,
        u1_0.lastname,
        u1_0.lat,
        u1_0.lng,
        u1_0.password,
        u1_0.phone,
        u1_0.rfc_homoclave,
        u1_0.role,
        u1_0.service_radius_km,
        u1_0.username 
    from
        user_photos up1_0 
    join
        users u1_0 
            on u1_0.id=up1_0.user_id 
    where
        up1_0.user_id=?
Hibernate: 
    select
        up1_0.id,
        up1_0.image_id,
        up1_0.url,
        up1_0.user_id,
        u1_0.id,
        u1_0.address_text,
        u1_0.avg_rating_cache,
        u1_0.bio,
        u1_0.country,
        u1_0.created_at,
        u1_0.curp,
        u1_0.firstname,
        u1_0.lastname,
        u1_0.lat,
        u1_0.lng,
        u1_0.password,
        u1_0.phone,
        u1_0.rfc_homoclave,
        u1_0.role,
        u1_0.service_radius_km,
        u1_0.username 
    from
        user_photos up1_0 
    join
        users u1_0 
            on u1_0.id=up1_0.user_id 
    where
        up1_0.user_id=?
2025-11-09T12:56:40.069-08:00 DEBUG 17965 --- [JobsyApplication] [nio-8080-exec-8] org.hibernate.SQL                        : 
    /* <criteria> */ select
        u1_0.id,
        u1_0.address_text,
        u1_0.avg_rating_cache,
        u1_0.bio,
        u1_0.country,
        u1_0.created_at,
        u1_0.curp,
        u1_0.firstname,
        u1_0.lastname,
        u1_0.lat,
        u1_0.lng,
        u1_0.password,
        u1_0.phone,
        u1_0.rfc_homoclave,
        u1_0.role,
        u1_0.service_radius_km,
        u1_0.username 
    from
        users u1_0 
    where
        u1_0.username=?
Hibernate: 
    /* <criteria> */ select
        u1_0.id,
        u1_0.address_text,
        u1_0.avg_rating_cache,
        u1_0.bio,
        u1_0.country,
        u1_0.created_at,
        u1_0.curp,
        u1_0.firstname,
        u1_0.lastname,
        u1_0.lat,
        u1_0.lng,
        u1_0.password,
        u1_0.phone,
        u1_0.rfc_homoclave,
        u1_0.role,
        u1_0.service_radius_km,
        u1_0.username 
    from
        users u1_0 
    where
        u1_0.username=?
2025-11-09T12:56:40.069-08:00 DEBUG 17965 --- [JobsyApplication] [nio-8080-exec-9] org.hibernate.SQL                        : 
    /* <criteria> */ select
        u1_0.id,
        u1_0.address_text,
        u1_0.avg_rating_cache,
        u1_0.bio,
        u1_0.country,
        u1_0.created_at,
        u1_0.curp,
        u1_0.firstname,
        u1_0.lastname,
        u1_0.lat,
        u1_0.lng,
        u1_0.password,
        u1_0.phone,
        u1_0.rfc_homoclave,
        u1_0.role,
        u1_0.service_radius_km,
        u1_0.username 
    from
        users u1_0 
    where
        u1_0.username=?
Hibernate: 
    /* <criteria> */ select
        u1_0.id,
        u1_0.address_text,
        u1_0.avg_rating_cache,
        u1_0.bio,
        u1_0.country,
        u1_0.created_at,
        u1_0.curp,
        u1_0.firstname,
        u1_0.lastname,
        u1_0.lat,
        u1_0.lng,
        u1_0.password,
        u1_0.phone,
        u1_0.rfc_homoclave,
        u1_0.role,
        u1_0.service_radius_km,
        u1_0.username 
    from
        users u1_0 
    where
        u1_0.username=?
2025-11-09T12:56:40.073-08:00 DEBUG 17965 --- [JobsyApplication] [nio-8080-exec-4] org.hibernate.SQL                        : 
    /* <criteria> */ select
        u1_0.id,
        u1_0.address_text,
        u1_0.avg_rating_cache,
        u1_0.bio,
        u1_0.country,
        u1_0.created_at,
        u1_0.curp,
        u1_0.firstname,
        u1_0.lastname,
        u1_0.lat,
        u1_0.lng,
        u1_0.password,
        u1_0.phone,
        u1_0.rfc_homoclave,
        u1_0.role,
        u1_0.service_radius_km,
        u1_0.username 
    from
        users u1_0 
    where
        u1_0.username=?
Hibernate: 
    /* <criteria> */ select
        u1_0.id,
        u1_0.address_text,
        u1_0.avg_rating_cache,
        u1_0.bio,
        u1_0.country,
        u1_0.created_at,
        u1_0.curp,
        u1_0.firstname,
        u1_0.lastname,
        u1_0.lat,
        u1_0.lng,
        u1_0.password,
        u1_0.phone,
        u1_0.rfc_homoclave,
        u1_0.role,
        u1_0.service_radius_km,
        u1_0.username 
    from
        users u1_0 
    where
        u1_0.username=?
2025-11-09T12:56:40.079-08:00 DEBUG 17965 --- [JobsyApplication] [nio-8080-exec-7] org.hibernate.SQL                        : 
    /* <criteria> */ select
        u1_0.id,
        u1_0.address_text,
        u1_0.avg_rating_cache,
        u1_0.bio,
        u1_0.country,
        u1_0.created_at,
        u1_0.curp,
        u1_0.firstname,
        u1_0.lastname,
        u1_0.lat,
        u1_0.lng,
        u1_0.password,
        u1_0.phone,
        u1_0.rfc_homoclave,
        u1_0.role,
        u1_0.service_radius_km,
        u1_0.username 
    from
        users u1_0 
    where
        u1_0.username=?
Hibernate: 
    /* <criteria> */ select
        u1_0.id,
        u1_0.address_text,
        u1_0.avg_rating_cache,
        u1_0.bio,
        u1_0.country,
        u1_0.created_at,
        u1_0.curp,
        u1_0.firstname,
        u1_0.lastname,
        u1_0.lat,
        u1_0.lng,
        u1_0.password,
        u1_0.phone,
        u1_0.rfc_homoclave,
        u1_0.role,
        u1_0.service_radius_km,
        u1_0.username 
    from
        users u1_0 
    where
        u1_0.username=?
2025-11-09T12:56:40.167-08:00 DEBUG 17965 --- [JobsyApplication] [nio-8080-exec-7] org.hibernate.SQL                        : 
    select
        up1_0.id,
        up1_0.image_id,
        up1_0.url,
        up1_0.user_id,
        u1_0.id,
        u1_0.address_text,
        u1_0.avg_rating_cache,
        u1_0.bio,
        u1_0.country,
        u1_0.created_at,
        u1_0.curp,
        u1_0.firstname,
        u1_0.lastname,
        u1_0.lat,
        u1_0.lng,
        u1_0.password,
        u1_0.phone,
        u1_0.rfc_homoclave,
        u1_0.role,
        u1_0.service_radius_km,
        u1_0.username 
    from
        user_photos up1_0 
    join
        users u1_0 
            on u1_0.id=up1_0.user_id 
    where
        up1_0.user_id=?
Hibernate: 
    select
        up1_0.id,
        up1_0.image_id,
        up1_0.url,
        up1_0.user_id,
        u1_0.id,
        u1_0.address_text,
        u1_0.avg_rating_cache,
        u1_0.bio,
        u1_0.country,
        u1_0.created_at,
        u1_0.curp,
        u1_0.firstname,
        u1_0.lastname,
        u1_0.lat,
        u1_0.lng,
        u1_0.password,
        u1_0.phone,
        u1_0.rfc_homoclave,
        u1_0.role,
        u1_0.service_radius_km,
        u1_0.username 
    from
        user_photos up1_0 
    join
        users u1_0 
            on u1_0.id=up1_0.user_id 
    where
        up1_0.user_id=?
2025-11-09T12:56:40.239-08:00 DEBUG 17965 --- [JobsyApplication] [nio-8080-exec-8] org.hibernate.SQL                        : 
    select
        up1_0.id,
        up1_0.image_id,
        up1_0.url,
        up1_0.user_id,
        u1_0.id,
        u1_0.address_text,
        u1_0.avg_rating_cache,
        u1_0.bio,
        u1_0.country,
        u1_0.created_at,
        u1_0.curp,
        u1_0.firstname,
        u1_0.lastname,
        u1_0.lat,
        u1_0.lng,
        u1_0.password,
        u1_0.phone,
        u1_0.rfc_homoclave,
        u1_0.role,
        u1_0.service_radius_km,
        u1_0.username 
    from
        user_photos up1_0 
    join
        users u1_0 
            on u1_0.id=up1_0.user_id 
    where
        up1_0.user_id=?
Hibernate: 
    select
        up1_0.id,
        up1_0.image_id,
        up1_0.url,
        up1_0.user_id,
        u1_0.id,
        u1_0.address_text,
        u1_0.avg_rating_cache,
        u1_0.bio,
        u1_0.country,
        u1_0.created_at,
        u1_0.curp,
        u1_0.firstname,
        u1_0.lastname,
        u1_0.lat,
        u1_0.lng,
        u1_0.password,
        u1_0.phone,
        u1_0.rfc_homoclave,
        u1_0.role,
        u1_0.service_radius_km,
        u1_0.username 
    from
        user_photos up1_0 
    join
        users u1_0 
            on u1_0.id=up1_0.user_id 
    where
        up1_0.user_id=?
2025-11-09T12:56:40.243-08:00 DEBUG 17965 --- [JobsyApplication] [nio-8080-exec-9] org.hibernate.SQL                        : 
    select
        up1_0.id,
        up1_0.image_id,
        up1_0.url,
        up1_0.user_id,
        u1_0.id,
        u1_0.address_text,
        u1_0.avg_rating_cache,
        u1_0.bio,
        u1_0.country,
        u1_0.created_at,
        u1_0.curp,
        u1_0.firstname,
        u1_0.lastname,
        u1_0.lat,
        u1_0.lng,
        u1_0.password,
        u1_0.phone,
        u1_0.rfc_homoclave,
        u1_0.role,
        u1_0.service_radius_km,
        u1_0.username 
    from
        user_photos up1_0 
    join
        users u1_0 
            on u1_0.id=up1_0.user_id 
    where
        up1_0.user_id=?
Hibernate: 
    select
        up1_0.id,
        up1_0.image_id,
        up1_0.url,
        up1_0.user_id,
        u1_0.id,
        u1_0.address_text,
        u1_0.avg_rating_cache,
        u1_0.bio,
        u1_0.country,
        u1_0.created_at,
        u1_0.curp,
        u1_0.firstname,
        u1_0.lastname,
        u1_0.lat,
        u1_0.lng,
        u1_0.password,
        u1_0.phone,
        u1_0.rfc_homoclave,
        u1_0.role,
        u1_0.service_radius_km,
        u1_0.username 
    from
        user_photos up1_0 
    join
        users u1_0 
            on u1_0.id=up1_0.user_id 
    where
        up1_0.user_id=?
2025-11-09T12:56:40.271-08:00 DEBUG 17965 --- [JobsyApplication] [nio-8080-exec-4] org.hibernate.SQL                        : 
    select
        up1_0.id,
        up1_0.image_id,
        up1_0.url,
        up1_0.user_id,
        u1_0.id,
        u1_0.address_text,
        u1_0.avg_rating_cache,
        u1_0.bio,
        u1_0.country,
        u1_0.created_at,
        u1_0.curp,
        u1_0.firstname,
        u1_0.lastname,
        u1_0.lat,
        u1_0.lng,
        u1_0.password,
        u1_0.phone,
        u1_0.rfc_homoclave,
        u1_0.role,
        u1_0.service_radius_km,
        u1_0.username 
    from
        user_photos up1_0 
    join
        users u1_0 
            on u1_0.id=up1_0.user_id 
    where
        up1_0.user_id=?
Hibernate: 
    select
        up1_0.id,
        up1_0.image_id,
        up1_0.url,
        up1_0.user_id,
        u1_0.id,
        u1_0.address_text,
        u1_0.avg_rating_cache,
        u1_0.bio,
        u1_0.country,
        u1_0.created_at,
        u1_0.curp,
        u1_0.firstname,
        u1_0.lastname,
        u1_0.lat,
        u1_0.lng,
        u1_0.password,
        u1_0.phone,
        u1_0.rfc_homoclave,
        u1_0.role,
        u1_0.service_radius_km,
        u1_0.username 
    from
        user_photos up1_0 
    join
        users u1_0 
            on u1_0.id=up1_0.user_id 
    where
        up1_0.user_id=?
2025-11-09T12:56:40.328-08:00 DEBUG 17965 --- [JobsyApplication] [nio-8080-exec-8] org.hibernate.SQL                        : 
    /* <criteria> */ select
        n1_0.id,
        n1_0.created_at,
        n1_0.message,
        n1_0.read,
        n1_0.recipient_id,
        n1_0.title,
        n1_0.type 
    from
        notifications n1_0 
    left join
        users r1_0 
            on r1_0.id=n1_0.recipient_id 
    where
        r1_0.id=? 
    order by
        n1_0.created_at desc,
        n1_0.created_at desc 
    fetch
        first ? rows only
Hibernate: 
    /* <criteria> */ select
        n1_0.id,
        n1_0.created_at,
        n1_0.message,
        n1_0.read,
        n1_0.recipient_id,
        n1_0.title,
        n1_0.type 
    from
        notifications n1_0 
    left join
        users r1_0 
            on r1_0.id=n1_0.recipient_id 
    where
        r1_0.id=? 
    order by
        n1_0.created_at desc,
        n1_0.created_at desc 
    fetch
        first ? rows only
2025-11-09T12:56:40.359-08:00 DEBUG 17965 --- [JobsyApplication] [nio-8080-exec-4] org.hibernate.SQL                        : 
    /* <criteria> */ select
        pr1_0.id,
        pr1_0.address_text,
        pr1_0.bio,
        pr1_0.created_at,
        pr1_0.curp,
        pr1_0.rejection_reason,
        pr1_0.reviewed_at,
        pr1_0.reviewed_by,
        pr1_0.rfc_homoclave,
        pr1_0.status,
        pr1_0.updated_at,
        pr1_0.user_id 
    from
        provider_applies pr1_0 
    offset
        ? rows 
    fetch
        first ? rows only
Hibernate: 
    /* <criteria> */ select
        pr1_0.id,
        pr1_0.address_text,
        pr1_0.bio,
        pr1_0.created_at,
        pr1_0.curp,
        pr1_0.rejection_reason,
        pr1_0.reviewed_at,
        pr1_0.reviewed_by,
        pr1_0.rfc_homoclave,
        pr1_0.status,
        pr1_0.updated_at,
        pr1_0.user_id 
    from
        provider_applies pr1_0 
    offset
        ? rows 
    fetch
        first ? rows only
2025-11-09T12:56:40.409-08:00 DEBUG 17965 --- [JobsyApplication] [nio-8080-exec-1] org.hibernate.SQL                        : 
    /* <criteria> */ select
        u1_0.id,
        u1_0.address_text,
        u1_0.avg_rating_cache,
        u1_0.bio,
        u1_0.country,
        u1_0.created_at,
        u1_0.curp,
        u1_0.firstname,
        u1_0.lastname,
        u1_0.lat,
        u1_0.lng,
        u1_0.password,
        u1_0.phone,
        u1_0.rfc_homoclave,
        u1_0.role,
        u1_0.service_radius_km,
        u1_0.username 
    from
        users u1_0 
    where
        u1_0.username=?
Hibernate: 
    /* <criteria> */ select
        u1_0.id,
        u1_0.address_text,
        u1_0.avg_rating_cache,
        u1_0.bio,
        u1_0.country,
        u1_0.created_at,
        u1_0.curp,
        u1_0.firstname,
        u1_0.lastname,
        u1_0.lat,
        u1_0.lng,
        u1_0.password,
        u1_0.phone,
        u1_0.rfc_homoclave,
        u1_0.role,
        u1_0.service_radius_km,
        u1_0.username 
    from
        users u1_0 
    where
        u1_0.username=?
2025-11-09T12:56:40.444-08:00 DEBUG 17965 --- [JobsyApplication] [nio-8080-exec-4] org.hibernate.SQL                        : 
    select
        u1_0.id,
        u1_0.address_text,
        u1_0.avg_rating_cache,
        u1_0.bio,
        u1_0.country,
        u1_0.created_at,
        u1_0.curp,
        u1_0.firstname,
        u1_0.lastname,
        u1_0.lat,
        u1_0.lng,
        u1_0.password,
        u1_0.phone,
        p1_0.id,
        p1_0.image_id,
        p1_0.url,
        p1_0.user_id,
        u1_0.rfc_homoclave,
        u1_0.role,
        u1_0.service_radius_km,
        u1_0.username 
    from
        users u1_0 
    left join
        user_photos p1_0 
            on u1_0.id=p1_0.user_id 
    where
        u1_0.id=?
Hibernate: 
    select
        u1_0.id,
        u1_0.address_text,
        u1_0.avg_rating_cache,
        u1_0.bio,
        u1_0.country,
        u1_0.created_at,
        u1_0.curp,
        u1_0.firstname,
        u1_0.lastname,
        u1_0.lat,
        u1_0.lng,
        u1_0.password,
        u1_0.phone,
        p1_0.id,
        p1_0.image_id,
        p1_0.url,
        p1_0.user_id,
        u1_0.rfc_homoclave,
        u1_0.role,
        u1_0.service_radius_km,
        u1_0.username 
    from
        users u1_0 
    left join
        user_photos p1_0 
            on u1_0.id=p1_0.user_id 
    where
        u1_0.id=?
2025-11-09T12:56:40.498-08:00 DEBUG 17965 --- [JobsyApplication] [nio-8080-exec-1] org.hibernate.SQL                        : 
    select
        up1_0.id,
        up1_0.image_id,
        up1_0.url,
        up1_0.user_id,
        u1_0.id,
        u1_0.address_text,
        u1_0.avg_rating_cache,
        u1_0.bio,
        u1_0.country,
        u1_0.created_at,
        u1_0.curp,
        u1_0.firstname,
        u1_0.lastname,
        u1_0.lat,
        u1_0.lng,
        u1_0.password,
        u1_0.phone,
        u1_0.rfc_homoclave,
        u1_0.role,
        u1_0.service_radius_km,
        u1_0.username 
    from
        user_photos up1_0 
    join
        users u1_0 
            on u1_0.id=up1_0.user_id 
    where
        up1_0.user_id=?
Hibernate: 
    select
        up1_0.id,
        up1_0.image_id,
        up1_0.url,
        up1_0.user_id,
        u1_0.id,
        u1_0.address_text,
        u1_0.avg_rating_cache,
        u1_0.bio,
        u1_0.country,
        u1_0.created_at,
        u1_0.curp,
        u1_0.firstname,
        u1_0.lastname,
        u1_0.lat,
        u1_0.lng,
        u1_0.password,
        u1_0.phone,
        u1_0.rfc_homoclave,
        u1_0.role,
        u1_0.service_radius_km,
        u1_0.username 
    from
        user_photos up1_0 
    join
        users u1_0 
            on u1_0.id=up1_0.user_id 
    where
        up1_0.user_id=?
2025-11-09T12:56:40.531-08:00 DEBUG 17965 --- [JobsyApplication] [nio-8080-exec-4] org.hibernate.SQL                        : 
    select
        u1_0.id,
        u1_0.address_text,
        u1_0.avg_rating_cache,
        u1_0.bio,
        u1_0.country,
        u1_0.created_at,
        u1_0.curp,
        u1_0.firstname,
        u1_0.lastname,
        u1_0.lat,
        u1_0.lng,
        u1_0.password,
        u1_0.phone,
        p1_0.id,
        p1_0.image_id,
        p1_0.url,
        p1_0.user_id,
        u1_0.rfc_homoclave,
        u1_0.role,
        u1_0.service_radius_km,
        u1_0.username 
    from
        users u1_0 
    left join
        user_photos p1_0 
            on u1_0.id=p1_0.user_id 
    where
        u1_0.id=?
Hibernate: 
    select
        u1_0.id,
        u1_0.address_text,
        u1_0.avg_rating_cache,
        u1_0.bio,
        u1_0.country,
        u1_0.created_at,
        u1_0.curp,
        u1_0.firstname,
        u1_0.lastname,
        u1_0.lat,
        u1_0.lng,
        u1_0.password,
        u1_0.phone,
        p1_0.id,
        p1_0.image_id,
        p1_0.url,
        p1_0.user_id,
        u1_0.rfc_homoclave,
        u1_0.role,
        u1_0.service_radius_km,
        u1_0.username 
    from
        users u1_0 
    left join
        user_photos p1_0 
            on u1_0.id=p1_0.user_id 
    where
        u1_0.id=?
2025-11-09T12:56:40.617-08:00 DEBUG 17965 --- [JobsyApplication] [nio-8080-exec-4] org.hibernate.SQL                        : 
    select
        d1_0.provider_request_id,
        d1_0.id,
        d1_0.public_id,
        d1_0.url 
    from
        provider_documents d1_0 
    where
        d1_0.provider_request_id=?
Hibernate: 
    select
        d1_0.provider_request_id,
        d1_0.id,
        d1_0.public_id,
        d1_0.url 
    from
        provider_documents d1_0 
    where
        d1_0.provider_request_id=?
2025-11-09T12:56:40.704-08:00 DEBUG 17965 --- [JobsyApplication] [nio-8080-exec-4] org.hibernate.SQL                        : 
    select
        d1_0.provider_request_id,
        d1_0.id,
        d1_0.public_id,
        d1_0.url 
    from
        provider_documents d1_0 
    where
        d1_0.provider_request_id=?
Hibernate: 
    select
        d1_0.provider_request_id,
        d1_0.id,
        d1_0.public_id,
        d1_0.url 
    from
        provider_documents d1_0 
    where
        d1_0.provider_request_id=?
2025-11-09T12:56:40.789-08:00 DEBUG 17965 --- [JobsyApplication] [nio-8080-exec-4] org.hibernate.SQL                        : 
    select
        d1_0.provider_request_id,
        d1_0.id,
        d1_0.public_id,
        d1_0.url 
    from
        provider_documents d1_0 
    where
        d1_0.provider_request_id=?
Hibernate: 
    select
        d1_0.provider_request_id,
        d1_0.id,
        d1_0.public_id,
        d1_0.url 
    from
        provider_documents d1_0 
    where
        d1_0.provider_request_id=?
2025-11-09T12:56:40.876-08:00 DEBUG 17965 --- [JobsyApplication] [nio-8080-exec-4] org.hibernate.SQL                        : 
    select
        d1_0.provider_request_id,
        d1_0.id,
        d1_0.public_id,
        d1_0.url 
    from
        provider_documents d1_0 
    where
        d1_0.provider_request_id=?
Hibernate: 
    select
        d1_0.provider_request_id,
        d1_0.id,
        d1_0.public_id,
        d1_0.url 
    from
        provider_documents d1_0 
    where
        d1_0.provider_request_id=?
2025-11-09T12:56:40.960-08:00 DEBUG 17965 --- [JobsyApplication] [nio-8080-exec-4] org.hibernate.SQL                        : 
    select
        d1_0.provider_request_id,
        d1_0.id,
        d1_0.public_id,
        d1_0.url 
    from
        provider_documents d1_0 
    where
        d1_0.provider_request_id=?
Hibernate: 
    select
        d1_0.provider_request_id,
        d1_0.id,
        d1_0.public_id,
        d1_0.url 
    from
        provider_documents d1_0 
    where
        d1_0.provider_request_id=?
2025-11-09T12:56:41.044-08:00 DEBUG 17965 --- [JobsyApplication] [nio-8080-exec-4] org.hibernate.SQL                        : 
    select
        d1_0.provider_request_id,
        d1_0.id,
        d1_0.public_id,
        d1_0.url 
    from
        provider_documents d1_0 
    where
        d1_0.provider_request_id=?
Hibernate: 
    select
        d1_0.provider_request_id,
        d1_0.id,
        d1_0.public_id,
        d1_0.url 
    from
        provider_documents d1_0 
    where
        d1_0.provider_request_id=?
2025-11-09T12:56:41.130-08:00 DEBUG 17965 --- [JobsyApplication] [nio-8080-exec-4] org.hibernate.SQL                        : 
    select
        d1_0.provider_request_id,
        d1_0.id,
        d1_0.public_id,
        d1_0.url 
    from
        provider_documents d1_0 
    where
        d1_0.provider_request_id=?
Hibernate: 
    select
        d1_0.provider_request_id,
        d1_0.id,
        d1_0.public_id,
        d1_0.url 
    from
        provider_documents d1_0 
    where
        d1_0.provider_request_id=?
2025-11-09T12:56:41.215-08:00 DEBUG 17965 --- [JobsyApplication] [nio-8080-exec-4] org.hibernate.SQL                        : 
    select
        d1_0.provider_request_id,
        d1_0.id,
        d1_0.public_id,
        d1_0.url 
    from
        provider_documents d1_0 
    where
        d1_0.provider_request_id=?
Hibernate: 
    select
        d1_0.provider_request_id,
        d1_0.id,
        d1_0.public_id,
        d1_0.url 
    from
        provider_documents d1_0 
    where
        d1_0.provider_request_id=?
2025-11-09T12:56:44.922-08:00 DEBUG 17965 --- [JobsyApplication] [io-8080-exec-10] org.hibernate.SQL                        : 
    /* <criteria> */ select
        u1_0.id,
        u1_0.address_text,
        u1_0.avg_rating_cache,
        u1_0.bio,
        u1_0.country,
        u1_0.created_at,
        u1_0.curp,
        u1_0.firstname,
        u1_0.lastname,
        u1_0.lat,
        u1_0.lng,
        u1_0.password,
        u1_0.phone,
        u1_0.rfc_homoclave,
        u1_0.role,
        u1_0.service_radius_km,
        u1_0.username 
    from
        users u1_0 
    where
        u1_0.username=?
Hibernate: 
    /* <criteria> */ select
        u1_0.id,
        u1_0.address_text,
        u1_0.avg_rating_cache,
        u1_0.bio,
        u1_0.country,
        u1_0.created_at,
        u1_0.curp,
        u1_0.firstname,
        u1_0.lastname,
        u1_0.lat,
        u1_0.lng,
        u1_0.password,
        u1_0.phone,
        u1_0.rfc_homoclave,
        u1_0.role,
        u1_0.service_radius_km,
        u1_0.username 
    from
        users u1_0 
    where
        u1_0.username=?
2025-11-09T12:56:45.101-08:00 DEBUG 17965 --- [JobsyApplication] [io-8080-exec-10] org.hibernate.SQL                        : 
    select
        up1_0.id,
        up1_0.image_id,
        up1_0.url,
        up1_0.user_id,
        u1_0.id,
        u1_0.address_text,
        u1_0.avg_rating_cache,
        u1_0.bio,
        u1_0.country,
        u1_0.created_at,
        u1_0.curp,
        u1_0.firstname,
        u1_0.lastname,
        u1_0.lat,
        u1_0.lng,
        u1_0.password,
        u1_0.phone,
        u1_0.rfc_homoclave,
        u1_0.role,
        u1_0.service_radius_km,
        u1_0.username 
    from
        user_photos up1_0 
    join
        users u1_0 
            on u1_0.id=up1_0.user_id 
    where
        up1_0.user_id=?
Hibernate: 
    select
        up1_0.id,
        up1_0.image_id,
        up1_0.url,
        up1_0.user_id,
        u1_0.id,
        u1_0.address_text,
        u1_0.avg_rating_cache,
        u1_0.bio,
        u1_0.country,
        u1_0.created_at,
        u1_0.curp,
        u1_0.firstname,
        u1_0.lastname,
        u1_0.lat,
        u1_0.lng,
        u1_0.password,
        u1_0.phone,
        u1_0.rfc_homoclave,
        u1_0.role,
        u1_0.service_radius_km,
        u1_0.username 
    from
        user_photos up1_0 
    join
        users u1_0 
            on u1_0.id=up1_0.user_id 
    where
        up1_0.user_id=?
2025-11-09T12:56:45.195-08:00 DEBUG 17965 --- [JobsyApplication] [io-8080-exec-10] org.hibernate.SQL                        : 
    /* <criteria> */ select
        pr1_0.id,
        pr1_0.address_text,
        pr1_0.bio,
        pr1_0.created_at,
        pr1_0.curp,
        pr1_0.rejection_reason,
        pr1_0.reviewed_at,
        pr1_0.reviewed_by,
        pr1_0.rfc_homoclave,
        pr1_0.status,
        pr1_0.updated_at,
        pr1_0.user_id 
    from
        provider_applies pr1_0 
    offset
        ? rows 
    fetch
        first ? rows only
Hibernate: 
    /* <criteria> */ select
        pr1_0.id,
        pr1_0.address_text,
        pr1_0.bio,
        pr1_0.created_at,
        pr1_0.curp,
        pr1_0.rejection_reason,
        pr1_0.reviewed_at,
        pr1_0.reviewed_by,
        pr1_0.rfc_homoclave,
        pr1_0.status,
        pr1_0.updated_at,
        pr1_0.user_id 
    from
        provider_applies pr1_0 
    offset
        ? rows 
    fetch
        first ? rows only
2025-11-09T12:56:45.284-08:00 DEBUG 17965 --- [JobsyApplication] [io-8080-exec-10] org.hibernate.SQL                        : 
    select
        u1_0.id,
        u1_0.address_text,
        u1_0.avg_rating_cache,
        u1_0.bio,
        u1_0.country,
        u1_0.created_at,
        u1_0.curp,
        u1_0.firstname,
        u1_0.lastname,
        u1_0.lat,
        u1_0.lng,
        u1_0.password,
        u1_0.phone,
        p1_0.id,
        p1_0.image_id,
        p1_0.url,
        p1_0.user_id,
        u1_0.rfc_homoclave,
        u1_0.role,
        u1_0.service_radius_km,
        u1_0.username 
    from
        users u1_0 
    left join
        user_photos p1_0 
            on u1_0.id=p1_0.user_id 
    where
        u1_0.id=?
Hibernate: 
    select
        u1_0.id,
        u1_0.address_text,
        u1_0.avg_rating_cache,
        u1_0.bio,
        u1_0.country,
        u1_0.created_at,
        u1_0.curp,
        u1_0.firstname,
        u1_0.lastname,
        u1_0.lat,
        u1_0.lng,
        u1_0.password,
        u1_0.phone,
        p1_0.id,
        p1_0.image_id,
        p1_0.url,
        p1_0.user_id,
        u1_0.rfc_homoclave,
        u1_0.role,
        u1_0.service_radius_km,
        u1_0.username 
    from
        users u1_0 
    left join
        user_photos p1_0 
            on u1_0.id=p1_0.user_id 
    where
        u1_0.id=?
2025-11-09T12:56:45.372-08:00 DEBUG 17965 --- [JobsyApplication] [io-8080-exec-10] org.hibernate.SQL                        : 
    select
        u1_0.id,
        u1_0.address_text,
        u1_0.avg_rating_cache,
        u1_0.bio,
        u1_0.country,
        u1_0.created_at,
        u1_0.curp,
        u1_0.firstname,
        u1_0.lastname,
        u1_0.lat,
        u1_0.lng,
        u1_0.password,
        u1_0.phone,
        p1_0.id,
        p1_0.image_id,
        p1_0.url,
        p1_0.user_id,
        u1_0.rfc_homoclave,
        u1_0.role,
        u1_0.service_radius_km,
        u1_0.username 
    from
        users u1_0 
    left join
        user_photos p1_0 
            on u1_0.id=p1_0.user_id 
    where
        u1_0.id=?
Hibernate: 
    select
        u1_0.id,
        u1_0.address_text,
        u1_0.avg_rating_cache,
        u1_0.bio,
        u1_0.country,
        u1_0.created_at,
        u1_0.curp,
        u1_0.firstname,
        u1_0.lastname,
        u1_0.lat,
        u1_0.lng,
        u1_0.password,
        u1_0.phone,
        p1_0.id,
        p1_0.image_id,
        p1_0.url,
        p1_0.user_id,
        u1_0.rfc_homoclave,
        u1_0.role,
        u1_0.service_radius_km,
        u1_0.username 
    from
        users u1_0 
    left join
        user_photos p1_0 
            on u1_0.id=p1_0.user_id 
    where
        u1_0.id=?
2025-11-09T12:56:45.463-08:00 DEBUG 17965 --- [JobsyApplication] [io-8080-exec-10] org.hibernate.SQL                        : 
    select
        d1_0.provider_request_id,
        d1_0.id,
        d1_0.public_id,
        d1_0.url 
    from
        provider_documents d1_0 
    where
        d1_0.provider_request_id=?
Hibernate: 
    select
        d1_0.provider_request_id,
        d1_0.id,
        d1_0.public_id,
        d1_0.url 
    from
        provider_documents d1_0 
    where
        d1_0.provider_request_id=?
2025-11-09T12:56:45.552-08:00 DEBUG 17965 --- [JobsyApplication] [io-8080-exec-10] org.hibernate.SQL                        : 
    select
        d1_0.provider_request_id,
        d1_0.id,
        d1_0.public_id,
        d1_0.url 
    from
        provider_documents d1_0 
    where
        d1_0.provider_request_id=?
Hibernate: 
    select
        d1_0.provider_request_id,
        d1_0.id,
        d1_0.public_id,
        d1_0.url 
    from
        provider_documents d1_0 
    where
        d1_0.provider_request_id=?
2025-11-09T12:56:45.640-08:00 DEBUG 17965 --- [JobsyApplication] [io-8080-exec-10] org.hibernate.SQL                        : 
    select
        d1_0.provider_request_id,
        d1_0.id,
        d1_0.public_id,
        d1_0.url 
    from
        provider_documents d1_0 
    where
        d1_0.provider_request_id=?
Hibernate: 
    select
        d1_0.provider_request_id,
        d1_0.id,
        d1_0.public_id,
        d1_0.url 
    from
        provider_documents d1_0 
    where
        d1_0.provider_request_id=?
2025-11-09T12:56:45.728-08:00 DEBUG 17965 --- [JobsyApplication] [io-8080-exec-10] org.hibernate.SQL                        : 
    select
        d1_0.provider_request_id,
        d1_0.id,
        d1_0.public_id,
        d1_0.url 
    from
        provider_documents d1_0 
    where
        d1_0.provider_request_id=?
Hibernate: 
    select
        d1_0.provider_request_id,
        d1_0.id,
        d1_0.public_id,
        d1_0.url 
    from
        provider_documents d1_0 
    where
        d1_0.provider_request_id=?
2025-11-09T12:56:45.816-08:00 DEBUG 17965 --- [JobsyApplication] [io-8080-exec-10] org.hibernate.SQL                        : 
    select
        d1_0.provider_request_id,
        d1_0.id,
        d1_0.public_id,
        d1_0.url 
    from
        provider_documents d1_0 
    where
        d1_0.provider_request_id=?
Hibernate: 
    select
        d1_0.provider_request_id,
        d1_0.id,
        d1_0.public_id,
        d1_0.url 
    from
        provider_documents d1_0 
    where
        d1_0.provider_request_id=?
2025-11-09T12:56:45.906-08:00 DEBUG 17965 --- [JobsyApplication] [io-8080-exec-10] org.hibernate.SQL                        : 
    select
        d1_0.provider_request_id,
        d1_0.id,
        d1_0.public_id,
        d1_0.url 
    from
        provider_documents d1_0 
    where
        d1_0.provider_request_id=?
Hibernate: 
    select
        d1_0.provider_request_id,
        d1_0.id,
        d1_0.public_id,
        d1_0.url 
    from
        provider_documents d1_0 
    where
        d1_0.provider_request_id=?
2025-11-09T12:56:45.994-08:00 DEBUG 17965 --- [JobsyApplication] [io-8080-exec-10] org.hibernate.SQL                        : 
    select
        d1_0.provider_request_id,
        d1_0.id,
        d1_0.public_id,
        d1_0.url 
    from
        provider_documents d1_0 
    where
        d1_0.provider_request_id=?
Hibernate: 
    select
        d1_0.provider_request_id,
        d1_0.id,
        d1_0.public_id,
        d1_0.url 
    from
        provider_documents d1_0 
    where
        d1_0.provider_request_id=?
2025-11-09T12:56:46.082-08:00 DEBUG 17965 --- [JobsyApplication] [io-8080-exec-10] org.hibernate.SQL                        : 
    select
        d1_0.provider_request_id,
        d1_0.id,
        d1_0.public_id,
        d1_0.url 
    from
        provider_documents d1_0 
    where
        d1_0.provider_request_id=?
Hibernate: 
    select
        d1_0.provider_request_id,
        d1_0.id,
        d1_0.public_id,
        d1_0.url 
    from
        provider_documents d1_0 
    where
        d1_0.provider_request_id=?
2025-11-09T12:56:50.021-08:00 DEBUG 17965 --- [JobsyApplication] [nio-8080-exec-7] org.hibernate.SQL                        : 
    /* <criteria> */ select
        u1_0.id,
        u1_0.address_text,
        u1_0.avg_rating_cache,
        u1_0.bio,
        u1_0.country,
        u1_0.created_at,
        u1_0.curp,
        u1_0.firstname,
        u1_0.lastname,
        u1_0.lat,
        u1_0.lng,
        u1_0.password,
        u1_0.phone,
        u1_0.rfc_homoclave,
        u1_0.role,
        u1_0.service_radius_km,
        u1_0.username 
    from
        users u1_0 
    where
        u1_0.username=?
Hibernate: 
    /* <criteria> */ select
        u1_0.id,
        u1_0.address_text,
        u1_0.avg_rating_cache,
        u1_0.bio,
        u1_0.country,
        u1_0.created_at,
        u1_0.curp,
        u1_0.firstname,
        u1_0.lastname,
        u1_0.lat,
        u1_0.lng,
        u1_0.password,
        u1_0.phone,
        u1_0.rfc_homoclave,
        u1_0.role,
        u1_0.service_radius_km,
        u1_0.username 
    from
        users u1_0 
    where
        u1_0.username=?
2025-11-09T12:56:50.197-08:00 DEBUG 17965 --- [JobsyApplication] [nio-8080-exec-7] org.hibernate.SQL                        : 
    select
        up1_0.id,
        up1_0.image_id,
        up1_0.url,
        up1_0.user_id,
        u1_0.id,
        u1_0.address_text,
        u1_0.avg_rating_cache,
        u1_0.bio,
        u1_0.country,
        u1_0.created_at,
        u1_0.curp,
        u1_0.firstname,
        u1_0.lastname,
        u1_0.lat,
        u1_0.lng,
        u1_0.password,
        u1_0.phone,
        u1_0.rfc_homoclave,
        u1_0.role,
        u1_0.service_radius_km,
        u1_0.username 
    from
        user_photos up1_0 
    join
        users u1_0 
            on u1_0.id=up1_0.user_id 
    where
        up1_0.user_id=?
Hibernate: 
    select
        up1_0.id,
        up1_0.image_id,
        up1_0.url,
        up1_0.user_id,
        u1_0.id,
        u1_0.address_text,
        u1_0.avg_rating_cache,
        u1_0.bio,
        u1_0.country,
        u1_0.created_at,
        u1_0.curp,
        u1_0.firstname,
        u1_0.lastname,
        u1_0.lat,
        u1_0.lng,
        u1_0.password,
        u1_0.phone,
        u1_0.rfc_homoclave,
        u1_0.role,
        u1_0.service_radius_km,
        u1_0.username 
    from
        user_photos up1_0 
    join
        users u1_0 
            on u1_0.id=up1_0.user_id 
    where
        up1_0.user_id=?
2025-11-09T12:56:50.291-08:00 DEBUG 17965 --- [JobsyApplication] [nio-8080-exec-7] org.hibernate.SQL                        : 
    /* <criteria> */ select
        pr1_0.id,
        pr1_0.address_text,
        pr1_0.bio,
        pr1_0.created_at,
        pr1_0.curp,
        pr1_0.rejection_reason,
        pr1_0.reviewed_at,
        pr1_0.reviewed_by,
        pr1_0.rfc_homoclave,
        pr1_0.status,
        pr1_0.updated_at,
        pr1_0.user_id 
    from
        provider_applies pr1_0 
    offset
        ? rows 
    fetch
        first ? rows only
Hibernate: 
    /* <criteria> */ select
        pr1_0.id,
        pr1_0.address_text,
        pr1_0.bio,
        pr1_0.created_at,
        pr1_0.curp,
        pr1_0.rejection_reason,
        pr1_0.reviewed_at,
        pr1_0.reviewed_by,
        pr1_0.rfc_homoclave,
        pr1_0.status,
        pr1_0.updated_at,
        pr1_0.user_id 
    from
        provider_applies pr1_0 
    offset
        ? rows 
    fetch
        first ? rows only
2025-11-09T12:56:50.380-08:00 DEBUG 17965 --- [JobsyApplication] [nio-8080-exec-7] org.hibernate.SQL                        : 
    select
        u1_0.id,
        u1_0.address_text,
        u1_0.avg_rating_cache,
        u1_0.bio,
        u1_0.country,
        u1_0.created_at,
        u1_0.curp,
        u1_0.firstname,
        u1_0.lastname,
        u1_0.lat,
        u1_0.lng,
        u1_0.password,
        u1_0.phone,
        p1_0.id,
        p1_0.image_id,
        p1_0.url,
        p1_0.user_id,
        u1_0.rfc_homoclave,
        u1_0.role,
        u1_0.service_radius_km,
        u1_0.username 
    from
        users u1_0 
    left join
        user_photos p1_0 
            on u1_0.id=p1_0.user_id 
    where
        u1_0.id=?
Hibernate: 
    select
        u1_0.id,
        u1_0.address_text,
        u1_0.avg_rating_cache,
        u1_0.bio,
        u1_0.country,
        u1_0.created_at,
        u1_0.curp,
        u1_0.firstname,
        u1_0.lastname,
        u1_0.lat,
        u1_0.lng,
        u1_0.password,
        u1_0.phone,
        p1_0.id,
        p1_0.image_id,
        p1_0.url,
        p1_0.user_id,
        u1_0.rfc_homoclave,
        u1_0.role,
        u1_0.service_radius_km,
        u1_0.username 
    from
        users u1_0 
    left join
        user_photos p1_0 
            on u1_0.id=p1_0.user_id 
    where
        u1_0.id=?
2025-11-09T12:56:50.468-08:00 DEBUG 17965 --- [JobsyApplication] [nio-8080-exec-7] org.hibernate.SQL                        : 
    select
        u1_0.id,
        u1_0.address_text,
        u1_0.avg_rating_cache,
        u1_0.bio,
        u1_0.country,
        u1_0.created_at,
        u1_0.curp,
        u1_0.firstname,
        u1_0.lastname,
        u1_0.lat,
        u1_0.lng,
        u1_0.password,
        u1_0.phone,
        p1_0.id,
        p1_0.image_id,
        p1_0.url,
        p1_0.user_id,
        u1_0.rfc_homoclave,
        u1_0.role,
        u1_0.service_radius_km,
        u1_0.username 
    from
        users u1_0 
    left join
        user_photos p1_0 
            on u1_0.id=p1_0.user_id 
    where
        u1_0.id=?
Hibernate: 
    select
        u1_0.id,
        u1_0.address_text,
        u1_0.avg_rating_cache,
        u1_0.bio,
        u1_0.country,
        u1_0.created_at,
        u1_0.curp,
        u1_0.firstname,
        u1_0.lastname,
        u1_0.lat,
        u1_0.lng,
        u1_0.password,
        u1_0.phone,
        p1_0.id,
        p1_0.image_id,
        p1_0.url,
        p1_0.user_id,
        u1_0.rfc_homoclave,
        u1_0.role,
        u1_0.service_radius_km,
        u1_0.username 
    from
        users u1_0 
    left join
        user_photos p1_0 
            on u1_0.id=p1_0.user_id 
    where
        u1_0.id=?
2025-11-09T12:56:50.556-08:00 DEBUG 17965 --- [JobsyApplication] [nio-8080-exec-7] org.hibernate.SQL                        : 
    select
        d1_0.provider_request_id,
        d1_0.id,
        d1_0.public_id,
        d1_0.url 
    from
        provider_documents d1_0 
    where
        d1_0.provider_request_id=?
Hibernate: 
    select
        d1_0.provider_request_id,
        d1_0.id,
        d1_0.public_id,
        d1_0.url 
    from
        provider_documents d1_0 
    where
        d1_0.provider_request_id=?
2025-11-09T12:56:50.645-08:00 DEBUG 17965 --- [JobsyApplication] [nio-8080-exec-7] org.hibernate.SQL                        : 
    select
        d1_0.provider_request_id,
        d1_0.id,
        d1_0.public_id,
        d1_0.url 
    from
        provider_documents d1_0 
    where
        d1_0.provider_request_id=?
Hibernate: 
    select
        d1_0.provider_request_id,
        d1_0.id,
        d1_0.public_id,
        d1_0.url 
    from
        provider_documents d1_0 
    where
        d1_0.provider_request_id=?
2025-11-09T12:56:50.733-08:00 DEBUG 17965 --- [JobsyApplication] [nio-8080-exec-7] org.hibernate.SQL                        : 
    select
        d1_0.provider_request_id,
        d1_0.id,
        d1_0.public_id,
        d1_0.url 
    from
        provider_documents d1_0 
    where
        d1_0.provider_request_id=?
Hibernate: 
    select
        d1_0.provider_request_id,
        d1_0.id,
        d1_0.public_id,
        d1_0.url 
    from
        provider_documents d1_0 
    where
        d1_0.provider_request_id=?
2025-11-09T12:56:50.821-08:00 DEBUG 17965 --- [JobsyApplication] [nio-8080-exec-7] org.hibernate.SQL                        : 
    select
        d1_0.provider_request_id,
        d1_0.id,
        d1_0.public_id,
        d1_0.url 
    from
        provider_documents d1_0 
    where
        d1_0.provider_request_id=?
Hibernate: 
    select
        d1_0.provider_request_id,
        d1_0.id,
        d1_0.public_id,
        d1_0.url 
    from
        provider_documents d1_0 
    where
        d1_0.provider_request_id=?
2025-11-09T12:56:50.911-08:00 DEBUG 17965 --- [JobsyApplication] [nio-8080-exec-7] org.hibernate.SQL                        : 
    select
        d1_0.provider_request_id,
        d1_0.id,
        d1_0.public_id,
        d1_0.url 
    from
        provider_documents d1_0 
    where
        d1_0.provider_request_id=?
Hibernate: 
    select
        d1_0.provider_request_id,
        d1_0.id,
        d1_0.public_id,
        d1_0.url 
    from
        provider_documents d1_0 
    where
        d1_0.provider_request_id=?
2025-11-09T12:56:50.999-08:00 DEBUG 17965 --- [JobsyApplication] [nio-8080-exec-7] org.hibernate.SQL                        : 
    select
        d1_0.provider_request_id,
        d1_0.id,
        d1_0.public_id,
        d1_0.url 
    from
        provider_documents d1_0 
    where
        d1_0.provider_request_id=?
Hibernate: 
    select
        d1_0.provider_request_id,
        d1_0.id,
        d1_0.public_id,
        d1_0.url 
    from
        provider_documents d1_0 
    where
        d1_0.provider_request_id=?
2025-11-09T12:56:51.088-08:00 DEBUG 17965 --- [JobsyApplication] [nio-8080-exec-7] org.hibernate.SQL                        : 
    select
        d1_0.provider_request_id,
        d1_0.id,
        d1_0.public_id,
        d1_0.url 
    from
        provider_documents d1_0 
    where
        d1_0.provider_request_id=?
Hibernate: 
    select
        d1_0.provider_request_id,
        d1_0.id,
        d1_0.public_id,
        d1_0.url 
    from
        provider_documents d1_0 
    where
        d1_0.provider_request_id=?
2025-11-09T12:56:51.177-08:00 DEBUG 17965 --- [JobsyApplication] [nio-8080-exec-7] org.hibernate.SQL                        : 
    select
        d1_0.provider_request_id,
        d1_0.id,
        d1_0.public_id,
        d1_0.url 
    from
        provider_documents d1_0 
    where
        d1_0.provider_request_id=?
Hibernate: 
    select
        d1_0.provider_request_id,
        d1_0.id,
        d1_0.public_id,
        d1_0.url 
    from
        provider_documents d1_0 
    where
        d1_0.provider_request_id=?
2025-11-09T12:56:54.895-08:00 DEBUG 17965 --- [JobsyApplication] [nio-8080-exec-9] org.hibernate.SQL                        : 
    /* <criteria> */ select
        u1_0.id,
        u1_0.address_text,
        u1_0.avg_rating_cache,
        u1_0.bio,
        u1_0.country,
        u1_0.created_at,
        u1_0.curp,
        u1_0.firstname,
        u1_0.lastname,
        u1_0.lat,
        u1_0.lng,
        u1_0.password,
        u1_0.phone,
        u1_0.rfc_homoclave,
        u1_0.role,
        u1_0.service_radius_km,
        u1_0.username 
    from
        users u1_0 
    where
        u1_0.username=?
Hibernate: 
    /* <criteria> */ select
        u1_0.id,
        u1_0.address_text,
        u1_0.avg_rating_cache,
        u1_0.bio,
        u1_0.country,
        u1_0.created_at,
        u1_0.curp,
        u1_0.firstname,
        u1_0.lastname,
        u1_0.lat,
        u1_0.lng,
        u1_0.password,
        u1_0.phone,
        u1_0.rfc_homoclave,
        u1_0.role,
        u1_0.service_radius_km,
        u1_0.username 
    from
        users u1_0 
    where
        u1_0.username=?
2025-11-09T12:56:55.072-08:00 DEBUG 17965 --- [JobsyApplication] [nio-8080-exec-9] org.hibernate.SQL                        : 
    select
        up1_0.id,
        up1_0.image_id,
        up1_0.url,
        up1_0.user_id,
        u1_0.id,
        u1_0.address_text,
        u1_0.avg_rating_cache,
        u1_0.bio,
        u1_0.country,
        u1_0.created_at,
        u1_0.curp,
        u1_0.firstname,
        u1_0.lastname,
        u1_0.lat,
        u1_0.lng,
        u1_0.password,
        u1_0.phone,
        u1_0.rfc_homoclave,
        u1_0.role,
        u1_0.service_radius_km,
        u1_0.username 
    from
        user_photos up1_0 
    join
        users u1_0 
            on u1_0.id=up1_0.user_id 
    where
        up1_0.user_id=?
Hibernate: 
    select
        up1_0.id,
        up1_0.image_id,
        up1_0.url,
        up1_0.user_id,
        u1_0.id,
        u1_0.address_text,
        u1_0.avg_rating_cache,
        u1_0.bio,
        u1_0.country,
        u1_0.created_at,
        u1_0.curp,
        u1_0.firstname,
        u1_0.lastname,
        u1_0.lat,
        u1_0.lng,
        u1_0.password,
        u1_0.phone,
        u1_0.rfc_homoclave,
        u1_0.role,
        u1_0.service_radius_km,
        u1_0.username 
    from
        user_photos up1_0 
    join
        users u1_0 
            on u1_0.id=up1_0.user_id 
    where
        up1_0.user_id=?
2025-11-09T12:56:55.164-08:00 DEBUG 17965 --- [JobsyApplication] [nio-8080-exec-9] org.hibernate.SQL                        : 
    /* <criteria> */ select
        pr1_0.id,
        pr1_0.address_text,
        pr1_0.bio,
        pr1_0.created_at,
        pr1_0.curp,
        pr1_0.rejection_reason,
        pr1_0.reviewed_at,
        pr1_0.reviewed_by,
        pr1_0.rfc_homoclave,
        pr1_0.status,
        pr1_0.updated_at,
        pr1_0.user_id 
    from
        provider_applies pr1_0 
    offset
        ? rows 
    fetch
        first ? rows only
Hibernate: 
    /* <criteria> */ select
        pr1_0.id,
        pr1_0.address_text,
        pr1_0.bio,
        pr1_0.created_at,
        pr1_0.curp,
        pr1_0.rejection_reason,
        pr1_0.reviewed_at,
        pr1_0.reviewed_by,
        pr1_0.rfc_homoclave,
        pr1_0.status,
        pr1_0.updated_at,
        pr1_0.user_id 
    from
        provider_applies pr1_0 
    offset
        ? rows 
    fetch
        first ? rows only
2025-11-09T12:56:55.340-08:00 DEBUG 17965 --- [JobsyApplication] [nio-8080-exec-9] org.hibernate.SQL                        : 
    select
        u1_0.id,
        u1_0.address_text,
        u1_0.avg_rating_cache,
        u1_0.bio,
        u1_0.country,
        u1_0.created_at,
        u1_0.curp,
        u1_0.firstname,
        u1_0.lastname,
        u1_0.lat,
        u1_0.lng,
        u1_0.password,
        u1_0.phone,
        p1_0.id,
        p1_0.image_id,
        p1_0.url,
        p1_0.user_id,
        u1_0.rfc_homoclave,
        u1_0.role,
        u1_0.service_radius_km,
        u1_0.username 
    from
        users u1_0 
    left join
        user_photos p1_0 
            on u1_0.id=p1_0.user_id 
    where
        u1_0.id=?
Hibernate: 
    select
        u1_0.id,
        u1_0.address_text,
        u1_0.avg_rating_cache,
        u1_0.bio,
        u1_0.country,
        u1_0.created_at,
        u1_0.curp,
        u1_0.firstname,
        u1_0.lastname,
        u1_0.lat,
        u1_0.lng,
        u1_0.password,
        u1_0.phone,
        p1_0.id,
        p1_0.image_id,
        p1_0.url,
        p1_0.user_id,
        u1_0.rfc_homoclave,
        u1_0.role,
        u1_0.service_radius_km,
        u1_0.username 
    from
        users u1_0 
    left join
        user_photos p1_0 
            on u1_0.id=p1_0.user_id 
    where
        u1_0.id=?
2025-11-09T12:56:55.429-08:00 DEBUG 17965 --- [JobsyApplication] [nio-8080-exec-9] org.hibernate.SQL                        : 
    select
        u1_0.id,
        u1_0.address_text,
        u1_0.avg_rating_cache,
        u1_0.bio,
        u1_0.country,
        u1_0.created_at,
        u1_0.curp,
        u1_0.firstname,
        u1_0.lastname,
        u1_0.lat,
        u1_0.lng,
        u1_0.password,
        u1_0.phone,
        p1_0.id,
        p1_0.image_id,
        p1_0.url,
        p1_0.user_id,
        u1_0.rfc_homoclave,
        u1_0.role,
        u1_0.service_radius_km,
        u1_0.username 
    from
        users u1_0 
    left join
        user_photos p1_0 
            on u1_0.id=p1_0.user_id 
    where
        u1_0.id=?
Hibernate: 
    select
        u1_0.id,
        u1_0.address_text,
        u1_0.avg_rating_cache,
        u1_0.bio,
        u1_0.country,
        u1_0.created_at,
        u1_0.curp,
        u1_0.firstname,
        u1_0.lastname,
        u1_0.lat,
        u1_0.lng,
        u1_0.password,
        u1_0.phone,
        p1_0.id,
        p1_0.image_id,
        p1_0.url,
        p1_0.user_id,
        u1_0.rfc_homoclave,
        u1_0.role,
        u1_0.service_radius_km,
        u1_0.username 
    from
        users u1_0 
    left join
        user_photos p1_0 
            on u1_0.id=p1_0.user_id 
    where
        u1_0.id=?
2025-11-09T12:56:55.521-08:00 DEBUG 17965 --- [JobsyApplication] [nio-8080-exec-9] org.hibernate.SQL                        : 
    select
        d1_0.provider_request_id,
        d1_0.id,
        d1_0.public_id,
        d1_0.url 
    from
        provider_documents d1_0 
    where
        d1_0.provider_request_id=?
Hibernate: 
    select
        d1_0.provider_request_id,
        d1_0.id,
        d1_0.public_id,
        d1_0.url 
    from
        provider_documents d1_0 
    where
        d1_0.provider_request_id=?
2025-11-09T12:56:55.608-08:00 DEBUG 17965 --- [JobsyApplication] [nio-8080-exec-9] org.hibernate.SQL                        : 
    select
        d1_0.provider_request_id,
        d1_0.id,
        d1_0.public_id,
        d1_0.url 
    from
        provider_documents d1_0 
    where
        d1_0.provider_request_id=?
Hibernate: 
    select
        d1_0.provider_request_id,
        d1_0.id,
        d1_0.public_id,
        d1_0.url 
    from
        provider_documents d1_0 
    where
        d1_0.provider_request_id=?
2025-11-09T12:56:55.696-08:00 DEBUG 17965 --- [JobsyApplication] [nio-8080-exec-9] org.hibernate.SQL                        : 
    select
        d1_0.provider_request_id,
        d1_0.id,
        d1_0.public_id,
        d1_0.url 
    from
        provider_documents d1_0 
    where
        d1_0.provider_request_id=?
Hibernate: 
    select
        d1_0.provider_request_id,
        d1_0.id,
        d1_0.public_id,
        d1_0.url 
    from
        provider_documents d1_0 
    where
        d1_0.provider_request_id=?
2025-11-09T12:56:55.785-08:00 DEBUG 17965 --- [JobsyApplication] [nio-8080-exec-9] org.hibernate.SQL                        : 
    select
        d1_0.provider_request_id,
        d1_0.id,
        d1_0.public_id,
        d1_0.url 
    from
        provider_documents d1_0 
    where
        d1_0.provider_request_id=?
Hibernate: 
    select
        d1_0.provider_request_id,
        d1_0.id,
        d1_0.public_id,
        d1_0.url 
    from
        provider_documents d1_0 
    where
        d1_0.provider_request_id=?
2025-11-09T12:56:55.873-08:00 DEBUG 17965 --- [JobsyApplication] [nio-8080-exec-9] org.hibernate.SQL                        : 
    select
        d1_0.provider_request_id,
        d1_0.id,
        d1_0.public_id,
        d1_0.url 
    from
        provider_documents d1_0 
    where
        d1_0.provider_request_id=?
Hibernate: 
    select
        d1_0.provider_request_id,
        d1_0.id,
        d1_0.public_id,
        d1_0.url 
    from
        provider_documents d1_0 
    where
        d1_0.provider_request_id=?
2025-11-09T12:56:55.962-08:00 DEBUG 17965 --- [JobsyApplication] [nio-8080-exec-9] org.hibernate.SQL                        : 
    select
        d1_0.provider_request_id,
        d1_0.id,
        d1_0.public_id,
        d1_0.url 
    from
        provider_documents d1_0 
    where
        d1_0.provider_request_id=?
Hibernate: 
    select
        d1_0.provider_request_id,
        d1_0.id,
        d1_0.public_id,
        d1_0.url 
    from
        provider_documents d1_0 
    where
        d1_0.provider_request_id=?
2025-11-09T12:56:56.052-08:00 DEBUG 17965 --- [JobsyApplication] [nio-8080-exec-9] org.hibernate.SQL                        : 
    select
        d1_0.provider_request_id,
        d1_0.id,
        d1_0.public_id,
        d1_0.url 
    from
        provider_documents d1_0 
    where
        d1_0.provider_request_id=?
Hibernate: 
    select
        d1_0.provider_request_id,
        d1_0.id,
        d1_0.public_id,
        d1_0.url 
    from
        provider_documents d1_0 
    where
        d1_0.provider_request_id=?
2025-11-09T12:56:56.140-08:00 DEBUG 17965 --- [JobsyApplication] [nio-8080-exec-9] org.hibernate.SQL                        : 
    select
        d1_0.provider_request_id,
        d1_0.id,
        d1_0.public_id,
        d1_0.url 
    from
        provider_documents d1_0 
    where
        d1_0.provider_request_id=?
Hibernate: 
    select
        d1_0.provider_request_id,
        d1_0.id,
        d1_0.public_id,
        d1_0.url 
    from
        provider_documents d1_0 
    where
        d1_0.provider_request_id=?
2025-11-09T12:57:10.542-08:00 ERROR 17965 --- [JobsyApplication] [nio-8080-exec-4] o.a.c.c.C.[.[.[/].[dispatcherServlet]    : Servlet.service() for servlet [dispatcherServlet] in context with path [] threw exception [Handler dispatch failed: java.lang.NoSuchMethodError: 'void org.springframework.web.method.ControllerAdviceBean.<init>(java.lang.Object)'] with root cause

java.lang.NoSuchMethodError: 'void org.springframework.web.method.ControllerAdviceBean.<init>(java.lang.Object)'
	at org.springdoc.core.service.GenericResponseService.lambda$getGenericMapResponse$8(GenericResponseService.java:705) ~[springdoc-openapi-starter-common-2.5.0.jar!/:2.5.0]
	at java.base/java.util.stream.ReferencePipeline$2$1.accept(ReferencePipeline.java:178) ~[na:na]
	at java.base/java.util.Spliterators$ArraySpliterator.forEachRemaining(Spliterators.java:1024) ~[na:na]
	at java.base/java.util.stream.AbstractPipeline.copyInto(AbstractPipeline.java:509) ~[na:na]
	at java.base/java.util.stream.AbstractPipeline.wrapAndCopyInto(AbstractPipeline.java:499) ~[na:na]
	at java.base/java.util.stream.AbstractPipeline.evaluate(AbstractPipeline.java:575) ~[na:na]
	at java.base/java.util.stream.AbstractPipeline.evaluateToArrayNode(AbstractPipeline.java:260) ~[na:na]
	at java.base/java.util.stream.ReferencePipeline.toArray(ReferencePipeline.java:616) ~[na:na]
	at java.base/java.util.stream.ReferencePipeline.toArray(ReferencePipeline.java:622) ~[na:na]
	at java.base/java.util.stream.ReferencePipeline.toList(ReferencePipeline.java:627) ~[na:na]
	at org.springdoc.core.service.GenericResponseService.getGenericMapResponse(GenericResponseService.java:707) ~[springdoc-openapi-starter-common-2.5.0.jar!/:2.5.0]
	at org.springdoc.core.service.GenericResponseService.build(GenericResponseService.java:246) ~[springdoc-openapi-starter-common-2.5.0.jar!/:2.5.0]
	at org.springdoc.api.AbstractOpenApiResource.calculatePath(AbstractOpenApiResource.java:499) ~[springdoc-openapi-starter-common-2.5.0.jar!/:2.5.0]
	at org.springdoc.api.AbstractOpenApiResource.calculatePath(AbstractOpenApiResource.java:676) ~[springdoc-openapi-starter-common-2.5.0.jar!/:2.5.0]
	at org.springdoc.webmvc.api.OpenApiResource.lambda$calculatePath$11(OpenApiResource.java:219) ~[springdoc-openapi-starter-webmvc-api-2.5.0.jar!/:2.5.0]
	at java.base/java.util.Optional.ifPresent(Optional.java:178) ~[na:na]
	at org.springdoc.webmvc.api.OpenApiResource.calculatePath(OpenApiResource.java:200) ~[springdoc-openapi-starter-webmvc-api-2.5.0.jar!/:2.5.0]
	at org.springdoc.webmvc.api.OpenApiResource.lambda$getPaths$2(OpenApiResource.java:170) ~[springdoc-openapi-starter-webmvc-api-2.5.0.jar!/:2.5.0]
	at java.base/java.util.Optional.ifPresent(Optional.java:178) ~[na:na]
	at org.springdoc.webmvc.api.OpenApiResource.getPaths(OpenApiResource.java:149) ~[springdoc-openapi-starter-webmvc-api-2.5.0.jar!/:2.5.0]
	at org.springdoc.api.AbstractOpenApiResource.getOpenApi(AbstractOpenApiResource.java:353) ~[springdoc-openapi-starter-common-2.5.0.jar!/:2.5.0]
	at org.springdoc.webmvc.api.OpenApiResource.openapiJson(OpenApiResource.java:124) ~[springdoc-openapi-starter-webmvc-api-2.5.0.jar!/:2.5.0]
	at org.springdoc.webmvc.api.OpenApiWebMvcResource.openapiJson(OpenApiWebMvcResource.java:114) ~[springdoc-openapi-starter-webmvc-api-2.5.0.jar!/:2.5.0]
	at java.base/jdk.internal.reflect.DirectMethodHandleAccessor.invoke(DirectMethodHandleAccessor.java:103) ~[na:na]
	at java.base/java.lang.reflect.Method.invoke(Method.java:580) ~[na:na]
	at org.springframework.web.method.support.InvocableHandlerMethod.doInvoke(InvocableHandlerMethod.java:258) ~[spring-web-6.2.12.jar!/:6.2.12]
	at org.springframework.web.method.support.InvocableHandlerMethod.invokeForRequest(InvocableHandlerMethod.java:191) ~[spring-web-6.2.12.jar!/:6.2.12]
	at org.springframework.web.servlet.mvc.method.annotation.ServletInvocableHandlerMethod.invokeAndHandle(ServletInvocableHandlerMethod.java:118) ~[spring-webmvc-6.2.12.jar!/:6.2.12]
	at org.springframework.web.servlet.mvc.method.annotation.RequestMappingHandlerAdapter.invokeHandlerMethod(RequestMappingHandlerAdapter.java:991) ~[spring-webmvc-6.2.12.jar!/:6.2.12]
	at org.springframework.web.servlet.mvc.method.annotation.RequestMappingHandlerAdapter.handleInternal(RequestMappingHandlerAdapter.java:896) ~[spring-webmvc-6.2.12.jar!/:6.2.12]
	at org.springframework.web.servlet.mvc.method.AbstractHandlerMethodAdapter.handle(AbstractHandlerMethodAdapter.java:87) ~[spring-webmvc-6.2.12.jar!/:6.2.12]
	at org.springframework.web.servlet.DispatcherServlet.doDispatch(DispatcherServlet.java:1089) ~[spring-webmvc-6.2.12.jar!/:6.2.12]
	at org.springframework.web.servlet.DispatcherServlet.doService(DispatcherServlet.java:979) ~[spring-webmvc-6.2.12.jar!/:6.2.12]
	at org.springframework.web.servlet.FrameworkServlet.processRequest(FrameworkServlet.java:1014) ~[spring-webmvc-6.2.12.jar!/:6.2.12]
	at org.springframework.web.servlet.FrameworkServlet.doGet(FrameworkServlet.java:903) ~[spring-webmvc-6.2.12.jar!/:6.2.12]
	at jakarta.servlet.http.HttpServlet.service(HttpServlet.java:564) ~[tomcat-embed-core-10.1.48.jar!/:na]
	at org.springframework.web.servlet.FrameworkServlet.service(FrameworkServlet.java:885) ~[spring-webmvc-6.2.12.jar!/:6.2.12]
	at jakarta.servlet.http.HttpServlet.service(HttpServlet.java:658) ~[tomcat-embed-core-10.1.48.jar!/:na]
	at org.apache.catalina.core.ApplicationFilterChain.internalDoFilter(ApplicationFilterChain.java:193) ~[tomcat-embed-core-10.1.48.jar!/:na]
	at org.apache.catalina.core.ApplicationFilterChain.doFilter(ApplicationFilterChain.java:138) ~[tomcat-embed-core-10.1.48.jar!/:na]
	at org.apache.tomcat.websocket.server.WsFilter.doFilter(WsFilter.java:51) ~[tomcat-embed-websocket-10.1.48.jar!/:na]
	at org.apache.catalina.core.ApplicationFilterChain.internalDoFilter(ApplicationFilterChain.java:162) ~[tomcat-embed-core-10.1.48.jar!/:na]
	at org.apache.catalina.core.ApplicationFilterChain.doFilter(ApplicationFilterChain.java:138) ~[tomcat-embed-core-10.1.48.jar!/:na]
	at org.springframework.web.filter.OncePerRequestFilter.doFilter(OncePerRequestFilter.java:110) ~[spring-web-6.2.12.jar!/:6.2.12]
	at org.apache.catalina.core.ApplicationFilterChain.internalDoFilter(ApplicationFilterChain.java:162) ~[tomcat-embed-core-10.1.48.jar!/:na]
	at org.apache.catalina.core.ApplicationFilterChain.doFilter(ApplicationFilterChain.java:138) ~[tomcat-embed-core-10.1.48.jar!/:na]
	at org.springframework.web.filter.CompositeFilter$VirtualFilterChain.doFilter(CompositeFilter.java:108) ~[spring-web-6.2.12.jar!/:6.2.12]
	at org.springframework.web.filter.CompositeFilter$VirtualFilterChain.doFilter(CompositeFilter.java:108) ~[spring-web-6.2.12.jar!/:6.2.12]
	at org.springframework.security.web.FilterChainProxy.lambda$doFilterInternal$3(FilterChainProxy.java:231) ~[spring-security-web-6.5.6.jar!/:6.5.6]
	at org.springframework.security.web.FilterChainProxy$VirtualFilterChain.doFilter(FilterChainProxy.java:365) ~[spring-security-web-6.5.6.jar!/:6.5.6]
	at org.springframework.security.web.access.intercept.AuthorizationFilter.doFilter(AuthorizationFilter.java:101) ~[spring-security-web-6.5.6.jar!/:6.5.6]
	at org.springframework.security.web.FilterChainProxy$VirtualFilterChain.doFilter(FilterChainProxy.java:374) ~[spring-security-web-6.5.6.jar!/:6.5.6]
	at org.springframework.security.web.access.ExceptionTranslationFilter.doFilter(ExceptionTranslationFilter.java:125) ~[spring-security-web-6.5.6.jar!/:6.5.6]
	at org.springframework.security.web.access.ExceptionTranslationFilter.doFilter(ExceptionTranslationFilter.java:119) ~[spring-security-web-6.5.6.jar!/:6.5.6]
	at org.springframework.security.web.FilterChainProxy$VirtualFilterChain.doFilter(FilterChainProxy.java:374) ~[spring-security-web-6.5.6.jar!/:6.5.6]
	at org.springframework.security.web.session.SessionManagementFilter.doFilter(SessionManagementFilter.java:131) ~[spring-security-web-6.5.6.jar!/:6.5.6]
	at org.springframework.security.web.session.SessionManagementFilter.doFilter(SessionManagementFilter.java:85) ~[spring-security-web-6.5.6.jar!/:6.5.6]
	at org.springframework.security.web.FilterChainProxy$VirtualFilterChain.doFilter(FilterChainProxy.java:374) ~[spring-security-web-6.5.6.jar!/:6.5.6]
	at org.springframework.security.web.authentication.AnonymousAuthenticationFilter.doFilter(AnonymousAuthenticationFilter.java:100) ~[spring-security-web-6.5.6.jar!/:6.5.6]
	at org.springframework.security.web.FilterChainProxy$VirtualFilterChain.doFilter(FilterChainProxy.java:374) ~[spring-security-web-6.5.6.jar!/:6.5.6]
	at org.springframework.security.web.servletapi.SecurityContextHolderAwareRequestFilter.doFilter(SecurityContextHolderAwareRequestFilter.java:179) ~[spring-security-web-6.5.6.jar!/:6.5.6]
	at org.springframework.security.web.FilterChainProxy$VirtualFilterChain.doFilter(FilterChainProxy.java:374) ~[spring-security-web-6.5.6.jar!/:6.5.6]
	at org.springframework.security.web.savedrequest.RequestCacheAwareFilter.doFilter(RequestCacheAwareFilter.java:63) ~[spring-security-web-6.5.6.jar!/:6.5.6]
	at org.springframework.security.web.FilterChainProxy$VirtualFilterChain.doFilter(FilterChainProxy.java:374) ~[spring-security-web-6.5.6.jar!/:6.5.6]
	at com.fran.jobsy.app.config.security.jwt.JwtAuthenticationFilter.doFilterInternal(JwtAuthenticationFilter.java:36) ~[!/:1.0]
	at org.springframework.web.filter.OncePerRequestFilter.doFilter(OncePerRequestFilter.java:116) ~[spring-web-6.2.12.jar!/:6.2.12]
	at org.springframework.security.web.FilterChainProxy$VirtualFilterChain.doFilter(FilterChainProxy.java:374) ~[spring-security-web-6.5.6.jar!/:6.5.6]
	at org.springframework.security.web.authentication.logout.LogoutFilter.doFilter(LogoutFilter.java:107) ~[spring-security-web-6.5.6.jar!/:6.5.6]
	at org.springframework.security.web.authentication.logout.LogoutFilter.doFilter(LogoutFilter.java:93) ~[spring-security-web-6.5.6.jar!/:6.5.6]
	at org.springframework.security.web.FilterChainProxy$VirtualFilterChain.doFilter(FilterChainProxy.java:374) ~[spring-security-web-6.5.6.jar!/:6.5.6]
	at org.springframework.web.filter.CorsFilter.doFilterInternal(CorsFilter.java:91) ~[spring-web-6.2.12.jar!/:6.2.12]
	at org.springframework.web.filter.OncePerRequestFilter.doFilter(OncePerRequestFilter.java:116) ~[spring-web-6.2.12.jar!/:6.2.12]
	at org.springframework.security.web.FilterChainProxy$VirtualFilterChain.doFilter(FilterChainProxy.java:374) ~[spring-security-web-6.5.6.jar!/:6.5.6]
	at org.springframework.security.web.header.HeaderWriterFilter.doHeadersAfter(HeaderWriterFilter.java:90) ~[spring-security-web-6.5.6.jar!/:6.5.6]
	at org.springframework.security.web.header.HeaderWriterFilter.doFilterInternal(HeaderWriterFilter.java:75) ~[spring-security-web-6.5.6.jar!/:6.5.6]
	at org.springframework.web.filter.OncePerRequestFilter.doFilter(OncePerRequestFilter.java:116) ~[spring-web-6.2.12.jar!/:6.2.12]
	at org.springframework.security.web.FilterChainProxy$VirtualFilterChain.doFilter(FilterChainProxy.java:374) ~[spring-security-web-6.5.6.jar!/:6.5.6]
	at org.springframework.security.web.context.SecurityContextHolderFilter.doFilter(SecurityContextHolderFilter.java:82) ~[spring-security-web-6.5.6.jar!/:6.5.6]
	at org.springframework.security.web.context.SecurityContextHolderFilter.doFilter(SecurityContextHolderFilter.java:69) ~[spring-security-web-6.5.6.jar!/:6.5.6]
	at org.springframework.security.web.FilterChainProxy$VirtualFilterChain.doFilter(FilterChainProxy.java:374) ~[spring-security-web-6.5.6.jar!/:6.5.6]
	at org.springframework.security.web.context.request.async.WebAsyncManagerIntegrationFilter.doFilterInternal(WebAsyncManagerIntegrationFilter.java:62) ~[spring-security-web-6.5.6.jar!/:6.5.6]
	at org.springframework.web.filter.OncePerRequestFilter.doFilter(OncePerRequestFilter.java:116) ~[spring-web-6.2.12.jar!/:6.2.12]
	at org.springframework.security.web.FilterChainProxy$VirtualFilterChain.doFilter(FilterChainProxy.java:374) ~[spring-security-web-6.5.6.jar!/:6.5.6]
	at org.springframework.security.web.session.DisableEncodeUrlFilter.doFilterInternal(DisableEncodeUrlFilter.java:42) ~[spring-security-web-6.5.6.jar!/:6.5.6]
	at org.springframework.web.filter.OncePerRequestFilter.doFilter(OncePerRequestFilter.java:116) ~[spring-web-6.2.12.jar!/:6.2.12]
	at org.springframework.security.web.FilterChainProxy$VirtualFilterChain.doFilter(FilterChainProxy.java:374) ~[spring-security-web-6.5.6.jar!/:6.5.6]
	at org.springframework.security.web.FilterChainProxy.doFilterInternal(FilterChainProxy.java:233) ~[spring-security-web-6.5.6.jar!/:6.5.6]
	at org.springframework.security.web.FilterChainProxy.doFilter(FilterChainProxy.java:191) ~[spring-security-web-6.5.6.jar!/:6.5.6]
	at org.springframework.web.filter.CompositeFilter$VirtualFilterChain.doFilter(CompositeFilter.java:113) ~[spring-web-6.2.12.jar!/:6.2.12]
	at org.springframework.web.filter.ServletRequestPathFilter.doFilter(ServletRequestPathFilter.java:52) ~[spring-web-6.2.12.jar!/:6.2.12]
	at org.springframework.web.filter.CompositeFilter$VirtualFilterChain.doFilter(CompositeFilter.java:113) ~[spring-web-6.2.12.jar!/:6.2.12]
	at org.springframework.web.filter.CompositeFilter.doFilter(CompositeFilter.java:74) ~[spring-web-6.2.12.jar!/:6.2.12]
	at org.springframework.security.config.annotation.web.configuration.WebSecurityConfiguration$CompositeFilterChainProxy.doFilter(WebSecurityConfiguration.java:319) ~[spring-security-config-6.5.6.jar!/:6.5.6]
	at org.springframework.web.filter.CompositeFilter$VirtualFilterChain.doFilter(CompositeFilter.java:113) ~[spring-web-6.2.12.jar!/:6.2.12]
	at org.springframework.web.servlet.handler.HandlerMappingIntrospector.lambda$createCacheFilter$4(HandlerMappingIntrospector.java:267) ~[spring-webmvc-6.2.12.jar!/:6.2.12]
	at org.springframework.web.filter.CompositeFilter$VirtualFilterChain.doFilter(CompositeFilter.java:113) ~[spring-web-6.2.12.jar!/:6.2.12]
	at org.springframework.web.filter.CompositeFilter.doFilter(CompositeFilter.java:74) ~[spring-web-6.2.12.jar!/:6.2.12]
	at org.springframework.security.config.annotation.web.configuration.WebMvcSecurityConfiguration$CompositeFilterChainProxy.doFilter(WebMvcSecurityConfiguration.java:240) ~[spring-security-config-6.5.6.jar!/:6.5.6]
	at org.springframework.web.filter.DelegatingFilterProxy.invokeDelegate(DelegatingFilterProxy.java:362) ~[spring-web-6.2.12.jar!/:6.2.12]
	at org.springframework.web.filter.DelegatingFilterProxy.doFilter(DelegatingFilterProxy.java:278) ~[spring-web-6.2.12.jar!/:6.2.12]
	at org.apache.catalina.core.ApplicationFilterChain.internalDoFilter(ApplicationFilterChain.java:162) ~[tomcat-embed-core-10.1.48.jar!/:na]
	at org.apache.catalina.core.ApplicationFilterChain.doFilter(ApplicationFilterChain.java:138) ~[tomcat-embed-core-10.1.48.jar!/:na]
	at org.springframework.web.filter.RequestContextFilter.doFilterInternal(RequestContextFilter.java:100) ~[spring-web-6.2.12.jar!/:6.2.12]
	at org.springframework.web.filter.OncePerRequestFilter.doFilter(OncePerRequestFilter.java:116) ~[spring-web-6.2.12.jar!/:6.2.12]
	at org.apache.catalina.core.ApplicationFilterChain.internalDoFilter(ApplicationFilterChain.java:162) ~[tomcat-embed-core-10.1.48.jar!/:na]
	at org.apache.catalina.core.ApplicationFilterChain.doFilter(ApplicationFilterChain.java:138) ~[tomcat-embed-core-10.1.48.jar!/:na]
	at org.springframework.web.filter.FormContentFilter.doFilterInternal(FormContentFilter.java:93) ~[spring-web-6.2.12.jar!/:6.2.12]
	at org.springframework.web.filter.OncePerRequestFilter.doFilter(OncePerRequestFilter.java:116) ~[spring-web-6.2.12.jar!/:6.2.12]
	at org.apache.catalina.core.ApplicationFilterChain.internalDoFilter(ApplicationFilterChain.java:162) ~[tomcat-embed-core-10.1.48.jar!/:na]
	at org.apache.catalina.core.ApplicationFilterChain.doFilter(ApplicationFilterChain.java:138) ~[tomcat-embed-core-10.1.48.jar!/:na]
	at org.springframework.web.filter.CharacterEncodingFilter.doFilterInternal(CharacterEncodingFilter.java:201) ~[spring-web-6.2.12.jar!/:6.2.12]
	at org.springframework.web.filter.OncePerRequestFilter.doFilter(OncePerRequestFilter.java:116) ~[spring-web-6.2.12.jar!/:6.2.12]
	at org.apache.catalina.core.ApplicationFilterChain.internalDoFilter(ApplicationFilterChain.java:162) ~[tomcat-embed-core-10.1.48.jar!/:na]
	at org.apache.catalina.core.ApplicationFilterChain.doFilter(ApplicationFilterChain.java:138) ~[tomcat-embed-core-10.1.48.jar!/:na]
	at org.apache.catalina.core.StandardWrapperValve.invoke(StandardWrapperValve.java:165) ~[tomcat-embed-core-10.1.48.jar!/:na]
	at org.apache.catalina.core.StandardContextValve.invoke(StandardContextValve.java:88) ~[tomcat-embed-core-10.1.48.jar!/:na]
	at org.apache.catalina.authenticator.AuthenticatorBase.invoke(AuthenticatorBase.java:482) ~[tomcat-embed-core-10.1.48.jar!/:na]
	at org.apache.catalina.core.StandardHostValve.invoke(StandardHostValve.java:113) ~[tomcat-embed-core-10.1.48.jar!/:na]
	at org.apache.catalina.valves.ErrorReportValve.invoke(ErrorReportValve.java:83) ~[tomcat-embed-core-10.1.48.jar!/:na]
	at org.apache.catalina.core.StandardEngineValve.invoke(StandardEngineValve.java:72) ~[tomcat-embed-core-10.1.48.jar!/:na]
	at org.apache.catalina.connector.CoyoteAdapter.service(CoyoteAdapter.java:342) ~[tomcat-embed-core-10.1.48.jar!/:na]
	at org.apache.coyote.http11.Http11Processor.service(Http11Processor.java:399) ~[tomcat-embed-core-10.1.48.jar!/:na]
	at org.apache.coyote.AbstractProcessorLight.process(AbstractProcessorLight.java:63) ~[tomcat-embed-core-10.1.48.jar!/:na]
	at org.apache.coyote.AbstractProtocol$ConnectionHandler.process(AbstractProtocol.java:903) ~[tomcat-embed-core-10.1.48.jar!/:na]
	at org.apache.tomcat.util.net.NioEndpoint$SocketProcessor.doRun(NioEndpoint.java:1774) ~[tomcat-embed-core-10.1.48.jar!/:na]
	at org.apache.tomcat.util.net.SocketProcessorBase.run(SocketProcessorBase.java:52) ~[tomcat-embed-core-10.1.48.jar!/:na]
	at org.apache.tomcat.util.threads.ThreadPoolExecutor.runWorker(ThreadPoolExecutor.java:973) ~[tomcat-embed-core-10.1.48.jar!/:na]
	at org.apache.tomcat.util.threads.ThreadPoolExecutor$Worker.run(ThreadPoolExecutor.java:491) ~[tomcat-embed-core-10.1.48.jar!/:na]
	at org.apache.tomcat.util.threads.TaskThread$WrappingRunnable.run(TaskThread.java:63) ~[tomcat-embed-core-10.1.48.jar!/:na]
	at java.base/java.lang.Thread.run(Thread.java:1583) ~[na:na]

2025-11-09T12:58:10.334-08:00 DEBUG 17965 --- [JobsyApplication] [nio-8080-exec-9] org.hibernate.SQL                        : 
    /* <criteria> */ select
        u1_0.id,
        u1_0.address_text,
        u1_0.avg_rating_cache,
        u1_0.bio,
        u1_0.country,
        u1_0.created_at,
        u1_0.curp,
        u1_0.firstname,
        u1_0.lastname,
        u1_0.lat,
        u1_0.lng,
        u1_0.password,
        u1_0.phone,
        u1_0.rfc_homoclave,
        u1_0.role,
        u1_0.service_radius_km,
        u1_0.username 
    from
        users u1_0 
    where
        u1_0.username=?
Hibernate: 
    /* <criteria> */ select
        u1_0.id,
        u1_0.address_text,
        u1_0.avg_rating_cache,
        u1_0.bio,
        u1_0.country,
        u1_0.created_at,
        u1_0.curp,
        u1_0.firstname,
        u1_0.lastname,
        u1_0.lat,
        u1_0.lng,
        u1_0.password,
        u1_0.phone,
        u1_0.rfc_homoclave,
        u1_0.role,
        u1_0.service_radius_km,
        u1_0.username 
    from
        users u1_0 
    where
        u1_0.username=?
2025-11-09T12:58:10.510-08:00 DEBUG 17965 --- [JobsyApplication] [nio-8080-exec-9] org.hibernate.SQL                        : 
    select
        up1_0.id,
        up1_0.image_id,
        up1_0.url,
        up1_0.user_id,
        u1_0.id,
        u1_0.address_text,
        u1_0.avg_rating_cache,
        u1_0.bio,
        u1_0.country,
        u1_0.created_at,
        u1_0.curp,
        u1_0.firstname,
        u1_0.lastname,
        u1_0.lat,
        u1_0.lng,
        u1_0.password,
        u1_0.phone,
        u1_0.rfc_homoclave,
        u1_0.role,
        u1_0.service_radius_km,
        u1_0.username 
    from
        user_photos up1_0 
    join
        users u1_0 
            on u1_0.id=up1_0.user_id 
    where
        up1_0.user_id=?
Hibernate: 
    select
        up1_0.id,
        up1_0.image_id,
        up1_0.url,
        up1_0.user_id,
        u1_0.id,
        u1_0.address_text,
        u1_0.avg_rating_cache,
        u1_0.bio,
        u1_0.country,
        u1_0.created_at,
        u1_0.curp,
        u1_0.firstname,
        u1_0.lastname,
        u1_0.lat,
        u1_0.lng,
        u1_0.password,
        u1_0.phone,
        u1_0.rfc_homoclave,
        u1_0.role,
        u1_0.service_radius_km,
        u1_0.username 
    from
        user_photos up1_0 
    join
        users u1_0 
            on u1_0.id=up1_0.user_id 
    where
        up1_0.user_id=?
2025-11-09T12:58:10.680-08:00 DEBUG 17965 --- [JobsyApplication] [nio-8080-exec-9] org.hibernate.SQL                        : 
    /* <criteria> */ select
        u1_0.id,
        u1_0.address_text,
        u1_0.avg_rating_cache,
        u1_0.bio,
        u1_0.country,
        u1_0.created_at,
        u1_0.curp,
        u1_0.firstname,
        u1_0.lastname,
        u1_0.lat,
        u1_0.lng,
        u1_0.password,
        u1_0.phone,
        u1_0.rfc_homoclave,
        u1_0.role,
        u1_0.service_radius_km,
        u1_0.username 
    from
        users u1_0 
    where
        u1_0.username=?
Hibernate: 
    /* <criteria> */ select
        u1_0.id,
        u1_0.address_text,
        u1_0.avg_rating_cache,
        u1_0.bio,
        u1_0.country,
        u1_0.created_at,
        u1_0.curp,
        u1_0.firstname,
        u1_0.lastname,
        u1_0.lat,
        u1_0.lng,
        u1_0.password,
        u1_0.phone,
        u1_0.rfc_homoclave,
        u1_0.role,
        u1_0.service_radius_km,
        u1_0.username 
    from
        users u1_0 
    where
        u1_0.username=?
2025-11-09T12:58:10.769-08:00 DEBUG 17965 --- [JobsyApplication] [nio-8080-exec-9] org.hibernate.SQL                        : 
    select
        up1_0.id,
        up1_0.image_id,
        up1_0.url,
        up1_0.user_id,
        u1_0.id,
        u1_0.address_text,
        u1_0.avg_rating_cache,
        u1_0.bio,
        u1_0.country,
        u1_0.created_at,
        u1_0.curp,
        u1_0.firstname,
        u1_0.lastname,
        u1_0.lat,
        u1_0.lng,
        u1_0.password,
        u1_0.phone,
        u1_0.rfc_homoclave,
        u1_0.role,
        u1_0.service_radius_km,
        u1_0.username 
    from
        user_photos up1_0 
    join
        users u1_0 
            on u1_0.id=up1_0.user_id 
    where
        up1_0.user_id=?
Hibernate: 
    select
        up1_0.id,
        up1_0.image_id,
        up1_0.url,
        up1_0.user_id,
        u1_0.id,
        u1_0.address_text,
        u1_0.avg_rating_cache,
        u1_0.bio,
        u1_0.country,
        u1_0.created_at,
        u1_0.curp,
        u1_0.firstname,
        u1_0.lastname,
        u1_0.lat,
        u1_0.lng,
        u1_0.password,
        u1_0.phone,
        u1_0.rfc_homoclave,
        u1_0.role,
        u1_0.service_radius_km,
        u1_0.username 
    from
        user_photos up1_0 
    join
        users u1_0 
            on u1_0.id=up1_0.user_id 
    where
        up1_0.user_id=?
2025-11-09T12:58:11.124-08:00 DEBUG 17965 --- [JobsyApplication] [nio-8080-exec-5] org.hibernate.SQL                        : 
    /* <criteria> */ select
        u1_0.id,
        u1_0.address_text,
        u1_0.avg_rating_cache,
        u1_0.bio,
        u1_0.country,
        u1_0.created_at,
        u1_0.curp,
        u1_0.firstname,
        u1_0.lastname,
        u1_0.lat,
        u1_0.lng,
        u1_0.password,
        u1_0.phone,
        u1_0.rfc_homoclave,
        u1_0.role,
        u1_0.service_radius_km,
        u1_0.username 
    from
        users u1_0 
    where
        u1_0.username=?
Hibernate: 
    /* <criteria> */ select
        u1_0.id,
        u1_0.address_text,
        u1_0.avg_rating_cache,
        u1_0.bio,
        u1_0.country,
        u1_0.created_at,
        u1_0.curp,
        u1_0.firstname,
        u1_0.lastname,
        u1_0.lat,
        u1_0.lng,
        u1_0.password,
        u1_0.phone,
        u1_0.rfc_homoclave,
        u1_0.role,
        u1_0.service_radius_km,
        u1_0.username 
    from
        users u1_0 
    where
        u1_0.username=?
2025-11-09T12:58:11.294-08:00 DEBUG 17965 --- [JobsyApplication] [nio-8080-exec-5] org.hibernate.SQL                        : 
    select
        up1_0.id,
        up1_0.image_id,
        up1_0.url,
        up1_0.user_id,
        u1_0.id,
        u1_0.address_text,
        u1_0.avg_rating_cache,
        u1_0.bio,
        u1_0.country,
        u1_0.created_at,
        u1_0.curp,
        u1_0.firstname,
        u1_0.lastname,
        u1_0.lat,
        u1_0.lng,
        u1_0.password,
        u1_0.phone,
        u1_0.rfc_homoclave,
        u1_0.role,
        u1_0.service_radius_km,
        u1_0.username 
    from
        user_photos up1_0 
    join
        users u1_0 
            on u1_0.id=up1_0.user_id 
    where
        up1_0.user_id=?
Hibernate: 
    select
        up1_0.id,
        up1_0.image_id,
        up1_0.url,
        up1_0.user_id,
        u1_0.id,
        u1_0.address_text,
        u1_0.avg_rating_cache,
        u1_0.bio,
        u1_0.country,
        u1_0.created_at,
        u1_0.curp,
        u1_0.firstname,
        u1_0.lastname,
        u1_0.lat,
        u1_0.lng,
        u1_0.password,
        u1_0.phone,
        u1_0.rfc_homoclave,
        u1_0.role,
        u1_0.service_radius_km,
        u1_0.username 
    from
        user_photos up1_0 
    join
        users u1_0 
            on u1_0.id=up1_0.user_id 
    where
        up1_0.user_id=?
2025-11-09T12:58:11.659-08:00 DEBUG 17965 --- [JobsyApplication] [nio-8080-exec-1] org.hibernate.SQL                        : 
    /* <criteria> */ select
        u1_0.id,
        u1_0.address_text,
        u1_0.avg_rating_cache,
        u1_0.bio,
        u1_0.country,
        u1_0.created_at,
        u1_0.curp,
        u1_0.firstname,
        u1_0.lastname,
        u1_0.lat,
        u1_0.lng,
        u1_0.password,
        u1_0.phone,
        u1_0.rfc_homoclave,
        u1_0.role,
        u1_0.service_radius_km,
        u1_0.username 
    from
        users u1_0 
    where
        u1_0.username=?
Hibernate: 
    /* <criteria> */ select
        u1_0.id,
        u1_0.address_text,
        u1_0.avg_rating_cache,
        u1_0.bio,
        u1_0.country,
        u1_0.created_at,
        u1_0.curp,
        u1_0.firstname,
        u1_0.lastname,
        u1_0.lat,
        u1_0.lng,
        u1_0.password,
        u1_0.phone,
        u1_0.rfc_homoclave,
        u1_0.role,
        u1_0.service_radius_km,
        u1_0.username 
    from
        users u1_0 
    where
        u1_0.username=?
2025-11-09T12:58:11.659-08:00 DEBUG 17965 --- [JobsyApplication] [nio-8080-exec-8] org.hibernate.SQL                        : 
    /* <criteria> */ select
        u1_0.id,
        u1_0.address_text,
        u1_0.avg_rating_cache,
        u1_0.bio,
        u1_0.country,
        u1_0.created_at,
        u1_0.curp,
        u1_0.firstname,
        u1_0.lastname,
        u1_0.lat,
        u1_0.lng,
        u1_0.password,
        u1_0.phone,
        u1_0.rfc_homoclave,
        u1_0.role,
        u1_0.service_radius_km,
        u1_0.username 
    from
        users u1_0 
    where
        u1_0.username=?
Hibernate: 
    /* <criteria> */ select
        u1_0.id,
        u1_0.address_text,
        u1_0.avg_rating_cache,
        u1_0.bio,
        u1_0.country,
        u1_0.created_at,
        u1_0.curp,
        u1_0.firstname,
        u1_0.lastname,
        u1_0.lat,
        u1_0.lng,
        u1_0.password,
        u1_0.phone,
        u1_0.rfc_homoclave,
        u1_0.role,
        u1_0.service_radius_km,
        u1_0.username 
    from
        users u1_0 
    where
        u1_0.username=?
2025-11-09T12:58:11.662-08:00 DEBUG 17965 --- [JobsyApplication] [nio-8080-exec-6] org.hibernate.SQL                        : 
    /* <criteria> */ select
        u1_0.id,
        u1_0.address_text,
        u1_0.avg_rating_cache,
        u1_0.bio,
        u1_0.country,
        u1_0.created_at,
        u1_0.curp,
        u1_0.firstname,
        u1_0.lastname,
        u1_0.lat,
        u1_0.lng,
        u1_0.password,
        u1_0.phone,
        u1_0.rfc_homoclave,
        u1_0.role,
        u1_0.service_radius_km,
        u1_0.username 
    from
        users u1_0 
    where
        u1_0.username=?
Hibernate: 
    /* <criteria> */ select
        u1_0.id,
        u1_0.address_text,
        u1_0.avg_rating_cache,
        u1_0.bio,
        u1_0.country,
        u1_0.created_at,
        u1_0.curp,
        u1_0.firstname,
        u1_0.lastname,
        u1_0.lat,
        u1_0.lng,
        u1_0.password,
        u1_0.phone,
        u1_0.rfc_homoclave,
        u1_0.role,
        u1_0.service_radius_km,
        u1_0.username 
    from
        users u1_0 
    where
        u1_0.username=?
2025-11-09T12:58:11.677-08:00 DEBUG 17965 --- [JobsyApplication] [nio-8080-exec-5] org.hibernate.SQL                        : 
    /* <criteria> */ select
        u1_0.id,
        u1_0.address_text,
        u1_0.avg_rating_cache,
        u1_0.bio,
        u1_0.country,
        u1_0.created_at,
        u1_0.curp,
        u1_0.firstname,
        u1_0.lastname,
        u1_0.lat,
        u1_0.lng,
        u1_0.password,
        u1_0.phone,
        u1_0.rfc_homoclave,
        u1_0.role,
        u1_0.service_radius_km,
        u1_0.username 
    from
        users u1_0 
    where
        u1_0.username=?
Hibernate: 
    /* <criteria> */ select
        u1_0.id,
        u1_0.address_text,
        u1_0.avg_rating_cache,
        u1_0.bio,
        u1_0.country,
        u1_0.created_at,
        u1_0.curp,
        u1_0.firstname,
        u1_0.lastname,
        u1_0.lat,
        u1_0.lng,
        u1_0.password,
        u1_0.phone,
        u1_0.rfc_homoclave,
        u1_0.role,
        u1_0.service_radius_km,
        u1_0.username 
    from
        users u1_0 
    where
        u1_0.username=?
2025-11-09T12:58:11.744-08:00 DEBUG 17965 --- [JobsyApplication] [nio-8080-exec-8] org.hibernate.SQL                        : 
    select
        up1_0.id,
        up1_0.image_id,
        up1_0.url,
        up1_0.user_id,
        u1_0.id,
        u1_0.address_text,
        u1_0.avg_rating_cache,
        u1_0.bio,
        u1_0.country,
        u1_0.created_at,
        u1_0.curp,
        u1_0.firstname,
        u1_0.lastname,
        u1_0.lat,
        u1_0.lng,
        u1_0.password,
        u1_0.phone,
        u1_0.rfc_homoclave,
        u1_0.role,
        u1_0.service_radius_km,
        u1_0.username 
    from
        user_photos up1_0 
    join
        users u1_0 
            on u1_0.id=up1_0.user_id 
    where
        up1_0.user_id=?
Hibernate: 
    select
        up1_0.id,
        up1_0.image_id,
        up1_0.url,
        up1_0.user_id,
        u1_0.id,
        u1_0.address_text,
        u1_0.avg_rating_cache,
        u1_0.bio,
        u1_0.country,
        u1_0.created_at,
        u1_0.curp,
        u1_0.firstname,
        u1_0.lastname,
        u1_0.lat,
        u1_0.lng,
        u1_0.password,
        u1_0.phone,
        u1_0.rfc_homoclave,
        u1_0.role,
        u1_0.service_radius_km,
        u1_0.username 
    from
        user_photos up1_0 
    join
        users u1_0 
            on u1_0.id=up1_0.user_id 
    where
        up1_0.user_id=?
2025-11-09T12:58:11.832-08:00 DEBUG 17965 --- [JobsyApplication] [nio-8080-exec-6] org.hibernate.SQL                        : 
    select
        up1_0.id,
        up1_0.image_id,
        up1_0.url,
        up1_0.user_id,
        u1_0.id,
        u1_0.address_text,
        u1_0.avg_rating_cache,
        u1_0.bio,
        u1_0.country,
        u1_0.created_at,
        u1_0.curp,
        u1_0.firstname,
        u1_0.lastname,
        u1_0.lat,
        u1_0.lng,
        u1_0.password,
        u1_0.phone,
        u1_0.rfc_homoclave,
        u1_0.role,
        u1_0.service_radius_km,
        u1_0.username 
    from
        user_photos up1_0 
    join
        users u1_0 
            on u1_0.id=up1_0.user_id 
    where
        up1_0.user_id=?
Hibernate: 
    select
        up1_0.id,
        up1_0.image_id,
        up1_0.url,
        up1_0.user_id,
        u1_0.id,
        u1_0.address_text,
        u1_0.avg_rating_cache,
        u1_0.bio,
        u1_0.country,
        u1_0.created_at,
        u1_0.curp,
        u1_0.firstname,
        u1_0.lastname,
        u1_0.lat,
        u1_0.lng,
        u1_0.password,
        u1_0.phone,
        u1_0.rfc_homoclave,
        u1_0.role,
        u1_0.service_radius_km,
        u1_0.username 
    from
        user_photos up1_0 
    join
        users u1_0 
            on u1_0.id=up1_0.user_id 
    where
        up1_0.user_id=?
2025-11-09T12:58:11.833-08:00 DEBUG 17965 --- [JobsyApplication] [nio-8080-exec-8] org.hibernate.SQL                        : 
    /* <criteria> */ select
        n1_0.id,
        n1_0.created_at,
        n1_0.message,
        n1_0.read,
        n1_0.recipient_id,
        n1_0.title,
        n1_0.type 
    from
        notifications n1_0 
    left join
        users r1_0 
            on r1_0.id=n1_0.recipient_id 
    where
        r1_0.id=? 
    order by
        n1_0.created_at desc,
        n1_0.created_at desc 
    fetch
        first ? rows only
Hibernate: 
    /* <criteria> */ select
        n1_0.id,
        n1_0.created_at,
        n1_0.message,
        n1_0.read,
        n1_0.recipient_id,
        n1_0.title,
        n1_0.type 
    from
        notifications n1_0 
    left join
        users r1_0 
            on r1_0.id=n1_0.recipient_id 
    where
        r1_0.id=? 
    order by
        n1_0.created_at desc,
        n1_0.created_at desc 
    fetch
        first ? rows only
2025-11-09T12:58:11.833-08:00 DEBUG 17965 --- [JobsyApplication] [nio-8080-exec-1] org.hibernate.SQL                        : 
    select
        up1_0.id,
        up1_0.image_id,
        up1_0.url,
        up1_0.user_id,
        u1_0.id,
        u1_0.address_text,
        u1_0.avg_rating_cache,
        u1_0.bio,
        u1_0.country,
        u1_0.created_at,
        u1_0.curp,
        u1_0.firstname,
        u1_0.lastname,
        u1_0.lat,
        u1_0.lng,
        u1_0.password,
        u1_0.phone,
        u1_0.rfc_homoclave,
        u1_0.role,
        u1_0.service_radius_km,
        u1_0.username 
    from
        user_photos up1_0 
    join
        users u1_0 
            on u1_0.id=up1_0.user_id 
    where
        up1_0.user_id=?
Hibernate: 
    select
        up1_0.id,
        up1_0.image_id,
        up1_0.url,
        up1_0.user_id,
        u1_0.id,
        u1_0.address_text,
        u1_0.avg_rating_cache,
        u1_0.bio,
        u1_0.country,
        u1_0.created_at,
        u1_0.curp,
        u1_0.firstname,
        u1_0.lastname,
        u1_0.lat,
        u1_0.lng,
        u1_0.password,
        u1_0.phone,
        u1_0.rfc_homoclave,
        u1_0.role,
        u1_0.service_radius_km,
        u1_0.username 
    from
        user_photos up1_0 
    join
        users u1_0 
            on u1_0.id=up1_0.user_id 
    where
        up1_0.user_id=?
2025-11-09T12:58:11.854-08:00 DEBUG 17965 --- [JobsyApplication] [nio-8080-exec-5] org.hibernate.SQL                        : 
    select
        up1_0.id,
        up1_0.image_id,
        up1_0.url,
        up1_0.user_id,
        u1_0.id,
        u1_0.address_text,
        u1_0.avg_rating_cache,
        u1_0.bio,
        u1_0.country,
        u1_0.created_at,
        u1_0.curp,
        u1_0.firstname,
        u1_0.lastname,
        u1_0.lat,
        u1_0.lng,
        u1_0.password,
        u1_0.phone,
        u1_0.rfc_homoclave,
        u1_0.role,
        u1_0.service_radius_km,
        u1_0.username 
    from
        user_photos up1_0 
    join
        users u1_0 
            on u1_0.id=up1_0.user_id 
    where
        up1_0.user_id=?
Hibernate: 
    select
        up1_0.id,
        up1_0.image_id,
        up1_0.url,
        up1_0.user_id,
        u1_0.id,
        u1_0.address_text,
        u1_0.avg_rating_cache,
        u1_0.bio,
        u1_0.country,
        u1_0.created_at,
        u1_0.curp,
        u1_0.firstname,
        u1_0.lastname,
        u1_0.lat,
        u1_0.lng,
        u1_0.password,
        u1_0.phone,
        u1_0.rfc_homoclave,
        u1_0.role,
        u1_0.service_radius_km,
        u1_0.username 
    from
        user_photos up1_0 
    join
        users u1_0 
            on u1_0.id=up1_0.user_id 
    where
        up1_0.user_id=?
2025-11-09T12:58:11.920-08:00 DEBUG 17965 --- [JobsyApplication] [nio-8080-exec-6] org.hibernate.SQL                        : 
    /* <criteria> */ select
        pr1_0.id,
        pr1_0.address_text,
        pr1_0.bio,
        pr1_0.created_at,
        pr1_0.curp,
        pr1_0.rejection_reason,
        pr1_0.reviewed_at,
        pr1_0.reviewed_by,
        pr1_0.rfc_homoclave,
        pr1_0.status,
        pr1_0.updated_at,
        pr1_0.user_id 
    from
        provider_applies pr1_0 
    offset
        ? rows 
    fetch
        first ? rows only
Hibernate: 
    /* <criteria> */ select
        pr1_0.id,
        pr1_0.address_text,
        pr1_0.bio,
        pr1_0.created_at,
        pr1_0.curp,
        pr1_0.rejection_reason,
        pr1_0.reviewed_at,
        pr1_0.reviewed_by,
        pr1_0.rfc_homoclave,
        pr1_0.status,
        pr1_0.updated_at,
        pr1_0.user_id 
    from
        provider_applies pr1_0 
    offset
        ? rows 
    fetch
        first ? rows only
2025-11-09T12:58:12.006-08:00 DEBUG 17965 --- [JobsyApplication] [nio-8080-exec-6] org.hibernate.SQL                        : 
    select
        u1_0.id,
        u1_0.address_text,
        u1_0.avg_rating_cache,
        u1_0.bio,
        u1_0.country,
        u1_0.created_at,
        u1_0.curp,
        u1_0.firstname,
        u1_0.lastname,
        u1_0.lat,
        u1_0.lng,
        u1_0.password,
        u1_0.phone,
        p1_0.id,
        p1_0.image_id,
        p1_0.url,
        p1_0.user_id,
        u1_0.rfc_homoclave,
        u1_0.role,
        u1_0.service_radius_km,
        u1_0.username 
    from
        users u1_0 
    left join
        user_photos p1_0 
            on u1_0.id=p1_0.user_id 
    where
        u1_0.id=?
Hibernate: 
    select
        u1_0.id,
        u1_0.address_text,
        u1_0.avg_rating_cache,
        u1_0.bio,
        u1_0.country,
        u1_0.created_at,
        u1_0.curp,
        u1_0.firstname,
        u1_0.lastname,
        u1_0.lat,
        u1_0.lng,
        u1_0.password,
        u1_0.phone,
        p1_0.id,
        p1_0.image_id,
        p1_0.url,
        p1_0.user_id,
        u1_0.rfc_homoclave,
        u1_0.role,
        u1_0.service_radius_km,
        u1_0.username 
    from
        users u1_0 
    left join
        user_photos p1_0 
            on u1_0.id=p1_0.user_id 
    where
        u1_0.id=?
2025-11-09T12:58:12.057-08:00 DEBUG 17965 --- [JobsyApplication] [nio-8080-exec-3] org.hibernate.SQL                        : 
    /* <criteria> */ select
        u1_0.id,
        u1_0.address_text,
        u1_0.avg_rating_cache,
        u1_0.bio,
        u1_0.country,
        u1_0.created_at,
        u1_0.curp,
        u1_0.firstname,
        u1_0.lastname,
        u1_0.lat,
        u1_0.lng,
        u1_0.password,
        u1_0.phone,
        u1_0.rfc_homoclave,
        u1_0.role,
        u1_0.service_radius_km,
        u1_0.username 
    from
        users u1_0 
    where
        u1_0.username=?
Hibernate: 
    /* <criteria> */ select
        u1_0.id,
        u1_0.address_text,
        u1_0.avg_rating_cache,
        u1_0.bio,
        u1_0.country,
        u1_0.created_at,
        u1_0.curp,
        u1_0.firstname,
        u1_0.lastname,
        u1_0.lat,
        u1_0.lng,
        u1_0.password,
        u1_0.phone,
        u1_0.rfc_homoclave,
        u1_0.role,
        u1_0.service_radius_km,
        u1_0.username 
    from
        users u1_0 
    where
        u1_0.username=?
2025-11-09T12:58:12.091-08:00 DEBUG 17965 --- [JobsyApplication] [nio-8080-exec-6] org.hibernate.SQL                        : 
    select
        u1_0.id,
        u1_0.address_text,
        u1_0.avg_rating_cache,
        u1_0.bio,
        u1_0.country,
        u1_0.created_at,
        u1_0.curp,
        u1_0.firstname,
        u1_0.lastname,
        u1_0.lat,
        u1_0.lng,
        u1_0.password,
        u1_0.phone,
        p1_0.id,
        p1_0.image_id,
        p1_0.url,
        p1_0.user_id,
        u1_0.rfc_homoclave,
        u1_0.role,
        u1_0.service_radius_km,
        u1_0.username 
    from
        users u1_0 
    left join
        user_photos p1_0 
            on u1_0.id=p1_0.user_id 
    where
        u1_0.id=?
Hibernate: 
    select
        u1_0.id,
        u1_0.address_text,
        u1_0.avg_rating_cache,
        u1_0.bio,
        u1_0.country,
        u1_0.created_at,
        u1_0.curp,
        u1_0.firstname,
        u1_0.lastname,
        u1_0.lat,
        u1_0.lng,
        u1_0.password,
        u1_0.phone,
        p1_0.id,
        p1_0.image_id,
        p1_0.url,
        p1_0.user_id,
        u1_0.rfc_homoclave,
        u1_0.role,
        u1_0.service_radius_km,
        u1_0.username 
    from
        users u1_0 
    left join
        user_photos p1_0 
            on u1_0.id=p1_0.user_id 
    where
        u1_0.id=?
2025-11-09T12:58:12.145-08:00 DEBUG 17965 --- [JobsyApplication] [nio-8080-exec-3] org.hibernate.SQL                        : 
    select
        up1_0.id,
        up1_0.image_id,
        up1_0.url,
        up1_0.user_id,
        u1_0.id,
        u1_0.address_text,
        u1_0.avg_rating_cache,
        u1_0.bio,
        u1_0.country,
        u1_0.created_at,
        u1_0.curp,
        u1_0.firstname,
        u1_0.lastname,
        u1_0.lat,
        u1_0.lng,
        u1_0.password,
        u1_0.phone,
        u1_0.rfc_homoclave,
        u1_0.role,
        u1_0.service_radius_km,
        u1_0.username 
    from
        user_photos up1_0 
    join
        users u1_0 
            on u1_0.id=up1_0.user_id 
    where
        up1_0.user_id=?
Hibernate: 
    select
        up1_0.id,
        up1_0.image_id,
        up1_0.url,
        up1_0.user_id,
        u1_0.id,
        u1_0.address_text,
        u1_0.avg_rating_cache,
        u1_0.bio,
        u1_0.country,
        u1_0.created_at,
        u1_0.curp,
        u1_0.firstname,
        u1_0.lastname,
        u1_0.lat,
        u1_0.lng,
        u1_0.password,
        u1_0.phone,
        u1_0.rfc_homoclave,
        u1_0.role,
        u1_0.service_radius_km,
        u1_0.username 
    from
        user_photos up1_0 
    join
        users u1_0 
            on u1_0.id=up1_0.user_id 
    where
        up1_0.user_id=?
2025-11-09T12:58:12.178-08:00 DEBUG 17965 --- [JobsyApplication] [nio-8080-exec-6] org.hibernate.SQL                        : 
    select
        d1_0.provider_request_id,
        d1_0.id,
        d1_0.public_id,
        d1_0.url 
    from
        provider_documents d1_0 
    where
        d1_0.provider_request_id=?
Hibernate: 
    select
        d1_0.provider_request_id,
        d1_0.id,
        d1_0.public_id,
        d1_0.url 
    from
        provider_documents d1_0 
    where
        d1_0.provider_request_id=?
2025-11-09T12:58:12.307-08:00 DEBUG 17965 --- [JobsyApplication] [nio-8080-exec-6] org.hibernate.SQL                        : 
    select
        d1_0.provider_request_id,
        d1_0.id,
        d1_0.public_id,
        d1_0.url 
    from
        provider_documents d1_0 
    where
        d1_0.provider_request_id=?
Hibernate: 
    select
        d1_0.provider_request_id,
        d1_0.id,
        d1_0.public_id,
        d1_0.url 
    from
        provider_documents d1_0 
    where
        d1_0.provider_request_id=?
2025-11-09T12:58:12.393-08:00 DEBUG 17965 --- [JobsyApplication] [nio-8080-exec-6] org.hibernate.SQL                        : 
    select
        d1_0.provider_request_id,
        d1_0.id,
        d1_0.public_id,
        d1_0.url 
    from
        provider_documents d1_0 
    where
        d1_0.provider_request_id=?
Hibernate: 
    select
        d1_0.provider_request_id,
        d1_0.id,
        d1_0.public_id,
        d1_0.url 
    from
        provider_documents d1_0 
    where
        d1_0.provider_request_id=?
2025-11-09T12:58:12.478-08:00 DEBUG 17965 --- [JobsyApplication] [nio-8080-exec-6] org.hibernate.SQL                        : 
    select
        d1_0.provider_request_id,
        d1_0.id,
        d1_0.public_id,
        d1_0.url 
    from
        provider_documents d1_0 
    where
        d1_0.provider_request_id=?
Hibernate: 
    select
        d1_0.provider_request_id,
        d1_0.id,
        d1_0.public_id,
        d1_0.url 
    from
        provider_documents d1_0 
    where
        d1_0.provider_request_id=?
2025-11-09T12:58:12.563-08:00 DEBUG 17965 --- [JobsyApplication] [nio-8080-exec-6] org.hibernate.SQL                        : 
    select
        d1_0.provider_request_id,
        d1_0.id,
        d1_0.public_id,
        d1_0.url 
    from
        provider_documents d1_0 
    where
        d1_0.provider_request_id=?
Hibernate: 
    select
        d1_0.provider_request_id,
        d1_0.id,
        d1_0.public_id,
        d1_0.url 
    from
        provider_documents d1_0 
    where
        d1_0.provider_request_id=?
2025-11-09T12:58:12.648-08:00 DEBUG 17965 --- [JobsyApplication] [nio-8080-exec-6] org.hibernate.SQL                        : 
    select
        d1_0.provider_request_id,
        d1_0.id,
        d1_0.public_id,
        d1_0.url 
    from
        provider_documents d1_0 
    where
        d1_0.provider_request_id=?
Hibernate: 
    select
        d1_0.provider_request_id,
        d1_0.id,
        d1_0.public_id,
        d1_0.url 
    from
        provider_documents d1_0 
    where
        d1_0.provider_request_id=?
2025-11-09T12:58:12.733-08:00 DEBUG 17965 --- [JobsyApplication] [nio-8080-exec-6] org.hibernate.SQL                        : 
    select
        d1_0.provider_request_id,
        d1_0.id,
        d1_0.public_id,
        d1_0.url 
    from
        provider_documents d1_0 
    where
        d1_0.provider_request_id=?
Hibernate: 
    select
        d1_0.provider_request_id,
        d1_0.id,
        d1_0.public_id,
        d1_0.url 
    from
        provider_documents d1_0 
    where
        d1_0.provider_request_id=?
2025-11-09T12:58:12.816-08:00 DEBUG 17965 --- [JobsyApplication] [nio-8080-exec-6] org.hibernate.SQL                        : 
    select
        d1_0.provider_request_id,
        d1_0.id,
        d1_0.public_id,
        d1_0.url 
    from
        provider_documents d1_0 
    where
        d1_0.provider_request_id=?
Hibernate: 
    select
        d1_0.provider_request_id,
        d1_0.id,
        d1_0.public_id,
        d1_0.url 
    from
        provider_documents d1_0 
    where
        d1_0.provider_request_id=?
2025-11-09T12:58:16.648-08:00 DEBUG 17965 --- [JobsyApplication] [nio-8080-exec-2] org.hibernate.SQL                        : 
    /* <criteria> */ select
        u1_0.id,
        u1_0.address_text,
        u1_0.avg_rating_cache,
        u1_0.bio,
        u1_0.country,
        u1_0.created_at,
        u1_0.curp,
        u1_0.firstname,
        u1_0.lastname,
        u1_0.lat,
        u1_0.lng,
        u1_0.password,
        u1_0.phone,
        u1_0.rfc_homoclave,
        u1_0.role,
        u1_0.service_radius_km,
        u1_0.username 
    from
        users u1_0 
    where
        u1_0.username=?
Hibernate: 
    /* <criteria> */ select
        u1_0.id,
        u1_0.address_text,
        u1_0.avg_rating_cache,
        u1_0.bio,
        u1_0.country,
        u1_0.created_at,
        u1_0.curp,
        u1_0.firstname,
        u1_0.lastname,
        u1_0.lat,
        u1_0.lng,
        u1_0.password,
        u1_0.phone,
        u1_0.rfc_homoclave,
        u1_0.role,
        u1_0.service_radius_km,
        u1_0.username 
    from
        users u1_0 
    where
        u1_0.username=?
2025-11-09T12:58:16.867-08:00 DEBUG 17965 --- [JobsyApplication] [nio-8080-exec-2] org.hibernate.SQL                        : 
    select
        up1_0.id,
        up1_0.image_id,
        up1_0.url,
        up1_0.user_id,
        u1_0.id,
        u1_0.address_text,
        u1_0.avg_rating_cache,
        u1_0.bio,
        u1_0.country,
        u1_0.created_at,
        u1_0.curp,
        u1_0.firstname,
        u1_0.lastname,
        u1_0.lat,
        u1_0.lng,
        u1_0.password,
        u1_0.phone,
        u1_0.rfc_homoclave,
        u1_0.role,
        u1_0.service_radius_km,
        u1_0.username 
    from
        user_photos up1_0 
    join
        users u1_0 
            on u1_0.id=up1_0.user_id 
    where
        up1_0.user_id=?
Hibernate: 
    select
        up1_0.id,
        up1_0.image_id,
        up1_0.url,
        up1_0.user_id,
        u1_0.id,
        u1_0.address_text,
        u1_0.avg_rating_cache,
        u1_0.bio,
        u1_0.country,
        u1_0.created_at,
        u1_0.curp,
        u1_0.firstname,
        u1_0.lastname,
        u1_0.lat,
        u1_0.lng,
        u1_0.password,
        u1_0.phone,
        u1_0.rfc_homoclave,
        u1_0.role,
        u1_0.service_radius_km,
        u1_0.username 
    from
        user_photos up1_0 
    join
        users u1_0 
            on u1_0.id=up1_0.user_id 
    where
        up1_0.user_id=?
2025-11-09T12:58:16.960-08:00 DEBUG 17965 --- [JobsyApplication] [nio-8080-exec-2] org.hibernate.SQL                        : 
    /* <criteria> */ select
        pr1_0.id,
        pr1_0.address_text,
        pr1_0.bio,
        pr1_0.created_at,
        pr1_0.curp,
        pr1_0.rejection_reason,
        pr1_0.reviewed_at,
        pr1_0.reviewed_by,
        pr1_0.rfc_homoclave,
        pr1_0.status,
        pr1_0.updated_at,
        pr1_0.user_id 
    from
        provider_applies pr1_0 
    offset
        ? rows 
    fetch
        first ? rows only
Hibernate: 
    /* <criteria> */ select
        pr1_0.id,
        pr1_0.address_text,
        pr1_0.bio,
        pr1_0.created_at,
        pr1_0.curp,
        pr1_0.rejection_reason,
        pr1_0.reviewed_at,
        pr1_0.reviewed_by,
        pr1_0.rfc_homoclave,
        pr1_0.status,
        pr1_0.updated_at,
        pr1_0.user_id 
    from
        provider_applies pr1_0 
    offset
        ? rows 
    fetch
        first ? rows only
2025-11-09T12:58:17.136-08:00 DEBUG 17965 --- [JobsyApplication] [nio-8080-exec-2] org.hibernate.SQL                        : 
    select
        u1_0.id,
        u1_0.address_text,
        u1_0.avg_rating_cache,
        u1_0.bio,
        u1_0.country,
        u1_0.created_at,
        u1_0.curp,
        u1_0.firstname,
        u1_0.lastname,
        u1_0.lat,
        u1_0.lng,
        u1_0.password,
        u1_0.phone,
        p1_0.id,
        p1_0.image_id,
        p1_0.url,
        p1_0.user_id,
        u1_0.rfc_homoclave,
        u1_0.role,
        u1_0.service_radius_km,
        u1_0.username 
    from
        users u1_0 
    left join
        user_photos p1_0 
            on u1_0.id=p1_0.user_id 
    where
        u1_0.id=?
Hibernate: 
    select
        u1_0.id,
        u1_0.address_text,
        u1_0.avg_rating_cache,
        u1_0.bio,
        u1_0.country,
        u1_0.created_at,
        u1_0.curp,
        u1_0.firstname,
        u1_0.lastname,
        u1_0.lat,
        u1_0.lng,
        u1_0.password,
        u1_0.phone,
        p1_0.id,
        p1_0.image_id,
        p1_0.url,
        p1_0.user_id,
        u1_0.rfc_homoclave,
        u1_0.role,
        u1_0.service_radius_km,
        u1_0.username 
    from
        users u1_0 
    left join
        user_photos p1_0 
            on u1_0.id=p1_0.user_id 
    where
        u1_0.id=?
2025-11-09T12:58:17.226-08:00 DEBUG 17965 --- [JobsyApplication] [nio-8080-exec-2] org.hibernate.SQL                        : 
    select
        u1_0.id,
        u1_0.address_text,
        u1_0.avg_rating_cache,
        u1_0.bio,
        u1_0.country,
        u1_0.created_at,
        u1_0.curp,
        u1_0.firstname,
        u1_0.lastname,
        u1_0.lat,
        u1_0.lng,
        u1_0.password,
        u1_0.phone,
        p1_0.id,
        p1_0.image_id,
        p1_0.url,
        p1_0.user_id,
        u1_0.rfc_homoclave,
        u1_0.role,
        u1_0.service_radius_km,
        u1_0.username 
    from
        users u1_0 
    left join
        user_photos p1_0 
            on u1_0.id=p1_0.user_id 
    where
        u1_0.id=?
Hibernate: 
    select
        u1_0.id,
        u1_0.address_text,
        u1_0.avg_rating_cache,
        u1_0.bio,
        u1_0.country,
        u1_0.created_at,
        u1_0.curp,
        u1_0.firstname,
        u1_0.lastname,
        u1_0.lat,
        u1_0.lng,
        u1_0.password,
        u1_0.phone,
        p1_0.id,
        p1_0.image_id,
        p1_0.url,
        p1_0.user_id,
        u1_0.rfc_homoclave,
        u1_0.role,
        u1_0.service_radius_km,
        u1_0.username 
    from
        users u1_0 
    left join
        user_photos p1_0 
            on u1_0.id=p1_0.user_id 
    where
        u1_0.id=?
2025-11-09T12:58:17.325-08:00 DEBUG 17965 --- [JobsyApplication] [nio-8080-exec-2] org.hibernate.SQL                        : 
    select
        d1_0.provider_request_id,
        d1_0.id,
        d1_0.public_id,
        d1_0.url 
    from
        provider_documents d1_0 
    where
        d1_0.provider_request_id=?
Hibernate: 
    select
        d1_0.provider_request_id,
        d1_0.id,
        d1_0.public_id,
        d1_0.url 
    from
        provider_documents d1_0 
    where
        d1_0.provider_request_id=?
2025-11-09T12:58:17.413-08:00 DEBUG 17965 --- [JobsyApplication] [nio-8080-exec-2] org.hibernate.SQL                        : 
    select
        d1_0.provider_request_id,
        d1_0.id,
        d1_0.public_id,
        d1_0.url 
    from
        provider_documents d1_0 
    where
        d1_0.provider_request_id=?
Hibernate: 
    select
        d1_0.provider_request_id,
        d1_0.id,
        d1_0.public_id,
        d1_0.url 
    from
        provider_documents d1_0 
    where
        d1_0.provider_request_id=?
2025-11-09T12:58:17.500-08:00 DEBUG 17965 --- [JobsyApplication] [nio-8080-exec-2] org.hibernate.SQL                        : 
    select
        d1_0.provider_request_id,
        d1_0.id,
        d1_0.public_id,
        d1_0.url 
    from
        provider_documents d1_0 
    where
        d1_0.provider_request_id=?
Hibernate: 
    select
        d1_0.provider_request_id,
        d1_0.id,
        d1_0.public_id,
        d1_0.url 
    from
        provider_documents d1_0 
    where
        d1_0.provider_request_id=?
2025-11-09T12:58:17.589-08:00 DEBUG 17965 --- [JobsyApplication] [nio-8080-exec-2] org.hibernate.SQL                        : 
    select
        d1_0.provider_request_id,
        d1_0.id,
        d1_0.public_id,
        d1_0.url 
    from
        provider_documents d1_0 
    where
        d1_0.provider_request_id=?
Hibernate: 
    select
        d1_0.provider_request_id,
        d1_0.id,
        d1_0.public_id,
        d1_0.url 
    from
        provider_documents d1_0 
    where
        d1_0.provider_request_id=?
2025-11-09T12:58:17.677-08:00 DEBUG 17965 --- [JobsyApplication] [nio-8080-exec-2] org.hibernate.SQL                        : 
    select
        d1_0.provider_request_id,
        d1_0.id,
        d1_0.public_id,
        d1_0.url 
    from
        provider_documents d1_0 
    where
        d1_0.provider_request_id=?
Hibernate: 
    select
        d1_0.provider_request_id,
        d1_0.id,
        d1_0.public_id,
        d1_0.url 
    from
        provider_documents d1_0 
    where
        d1_0.provider_request_id=?
2025-11-09T12:58:17.766-08:00 DEBUG 17965 --- [JobsyApplication] [nio-8080-exec-2] org.hibernate.SQL                        : 
    select
        d1_0.provider_request_id,
        d1_0.id,
        d1_0.public_id,
        d1_0.url 
    from
        provider_documents d1_0 
    where
        d1_0.provider_request_id=?
Hibernate: 
    select
        d1_0.provider_request_id,
        d1_0.id,
        d1_0.public_id,
        d1_0.url 
    from
        provider_documents d1_0 
    where
        d1_0.provider_request_id=?
2025-11-09T12:58:17.854-08:00 DEBUG 17965 --- [JobsyApplication] [nio-8080-exec-2] org.hibernate.SQL                        : 
    select
        d1_0.provider_request_id,
        d1_0.id,
        d1_0.public_id,
        d1_0.url 
    from
        provider_documents d1_0 
    where
        d1_0.provider_request_id=?
Hibernate: 
    select
        d1_0.provider_request_id,
        d1_0.id,
        d1_0.public_id,
        d1_0.url 
    from
        provider_documents d1_0 
    where
        d1_0.provider_request_id=?
2025-11-09T12:58:17.942-08:00 DEBUG 17965 --- [JobsyApplication] [nio-8080-exec-2] org.hibernate.SQL                        : 
    select
        d1_0.provider_request_id,
        d1_0.id,
        d1_0.public_id,
        d1_0.url 
    from
        provider_documents d1_0 
    where
        d1_0.provider_request_id=?
Hibernate: 
    select
        d1_0.provider_request_id,
        d1_0.id,
        d1_0.public_id,
        d1_0.url 
    from
        provider_documents d1_0 
    where
        d1_0.provider_request_id=?
2025-11-09T12:58:21.736-08:00 DEBUG 17965 --- [JobsyApplication] [nio-8080-exec-1] org.hibernate.SQL                        : 
    /* <criteria> */ select
        u1_0.id,
        u1_0.address_text,
        u1_0.avg_rating_cache,
        u1_0.bio,
        u1_0.country,
        u1_0.created_at,
        u1_0.curp,
        u1_0.firstname,
        u1_0.lastname,
        u1_0.lat,
        u1_0.lng,
        u1_0.password,
        u1_0.phone,
        u1_0.rfc_homoclave,
        u1_0.role,
        u1_0.service_radius_km,
        u1_0.username 
    from
        users u1_0 
    where
        u1_0.username=?
Hibernate: 
    /* <criteria> */ select
        u1_0.id,
        u1_0.address_text,
        u1_0.avg_rating_cache,
        u1_0.bio,
        u1_0.country,
        u1_0.created_at,
        u1_0.curp,
        u1_0.firstname,
        u1_0.lastname,
        u1_0.lat,
        u1_0.lng,
        u1_0.password,
        u1_0.phone,
        u1_0.rfc_homoclave,
        u1_0.role,
        u1_0.service_radius_km,
        u1_0.username 
    from
        users u1_0 
    where
        u1_0.username=?
2025-11-09T12:58:21.913-08:00 DEBUG 17965 --- [JobsyApplication] [nio-8080-exec-1] org.hibernate.SQL                        : 
    select
        up1_0.id,
        up1_0.image_id,
        up1_0.url,
        up1_0.user_id,
        u1_0.id,
        u1_0.address_text,
        u1_0.avg_rating_cache,
        u1_0.bio,
        u1_0.country,
        u1_0.created_at,
        u1_0.curp,
        u1_0.firstname,
        u1_0.lastname,
        u1_0.lat,
        u1_0.lng,
        u1_0.password,
        u1_0.phone,
        u1_0.rfc_homoclave,
        u1_0.role,
        u1_0.service_radius_km,
        u1_0.username 
    from
        user_photos up1_0 
    join
        users u1_0 
            on u1_0.id=up1_0.user_id 
    where
        up1_0.user_id=?
Hibernate: 
    select
        up1_0.id,
        up1_0.image_id,
        up1_0.url,
        up1_0.user_id,
        u1_0.id,
        u1_0.address_text,
        u1_0.avg_rating_cache,
        u1_0.bio,
        u1_0.country,
        u1_0.created_at,
        u1_0.curp,
        u1_0.firstname,
        u1_0.lastname,
        u1_0.lat,
        u1_0.lng,
        u1_0.password,
        u1_0.phone,
        u1_0.rfc_homoclave,
        u1_0.role,
        u1_0.service_radius_km,
        u1_0.username 
    from
        user_photos up1_0 
    join
        users u1_0 
            on u1_0.id=up1_0.user_id 
    where
        up1_0.user_id=?
2025-11-09T12:58:22.005-08:00 DEBUG 17965 --- [JobsyApplication] [nio-8080-exec-1] org.hibernate.SQL                        : 
    /* <criteria> */ select
        pr1_0.id,
        pr1_0.address_text,
        pr1_0.bio,
        pr1_0.created_at,
        pr1_0.curp,
        pr1_0.rejection_reason,
        pr1_0.reviewed_at,
        pr1_0.reviewed_by,
        pr1_0.rfc_homoclave,
        pr1_0.status,
        pr1_0.updated_at,
        pr1_0.user_id 
    from
        provider_applies pr1_0 
    offset
        ? rows 
    fetch
        first ? rows only
Hibernate: 
    /* <criteria> */ select
        pr1_0.id,
        pr1_0.address_text,
        pr1_0.bio,
        pr1_0.created_at,
        pr1_0.curp,
        pr1_0.rejection_reason,
        pr1_0.reviewed_at,
        pr1_0.reviewed_by,
        pr1_0.rfc_homoclave,
        pr1_0.status,
        pr1_0.updated_at,
        pr1_0.user_id 
    from
        provider_applies pr1_0 
    offset
        ? rows 
    fetch
        first ? rows only
2025-11-09T12:58:22.094-08:00 DEBUG 17965 --- [JobsyApplication] [nio-8080-exec-1] org.hibernate.SQL                        : 
    select
        u1_0.id,
        u1_0.address_text,
        u1_0.avg_rating_cache,
        u1_0.bio,
        u1_0.country,
        u1_0.created_at,
        u1_0.curp,
        u1_0.firstname,
        u1_0.lastname,
        u1_0.lat,
        u1_0.lng,
        u1_0.password,
        u1_0.phone,
        p1_0.id,
        p1_0.image_id,
        p1_0.url,
        p1_0.user_id,
        u1_0.rfc_homoclave,
        u1_0.role,
        u1_0.service_radius_km,
        u1_0.username 
    from
        users u1_0 
    left join
        user_photos p1_0 
            on u1_0.id=p1_0.user_id 
    where
        u1_0.id=?
Hibernate: 
    select
        u1_0.id,
        u1_0.address_text,
        u1_0.avg_rating_cache,
        u1_0.bio,
        u1_0.country,
        u1_0.created_at,
        u1_0.curp,
        u1_0.firstname,
        u1_0.lastname,
        u1_0.lat,
        u1_0.lng,
        u1_0.password,
        u1_0.phone,
        p1_0.id,
        p1_0.image_id,
        p1_0.url,
        p1_0.user_id,
        u1_0.rfc_homoclave,
        u1_0.role,
        u1_0.service_radius_km,
        u1_0.username 
    from
        users u1_0 
    left join
        user_photos p1_0 
            on u1_0.id=p1_0.user_id 
    where
        u1_0.id=?
2025-11-09T12:58:22.182-08:00 DEBUG 17965 --- [JobsyApplication] [nio-8080-exec-1] org.hibernate.SQL                        : 
    select
        u1_0.id,
        u1_0.address_text,
        u1_0.avg_rating_cache,
        u1_0.bio,
        u1_0.country,
        u1_0.created_at,
        u1_0.curp,
        u1_0.firstname,
        u1_0.lastname,
        u1_0.lat,
        u1_0.lng,
        u1_0.password,
        u1_0.phone,
        p1_0.id,
        p1_0.image_id,
        p1_0.url,
        p1_0.user_id,
        u1_0.rfc_homoclave,
        u1_0.role,
        u1_0.service_radius_km,
        u1_0.username 
    from
        users u1_0 
    left join
        user_photos p1_0 
            on u1_0.id=p1_0.user_id 
    where
        u1_0.id=?
Hibernate: 
    select
        u1_0.id,
        u1_0.address_text,
        u1_0.avg_rating_cache,
        u1_0.bio,
        u1_0.country,
        u1_0.created_at,
        u1_0.curp,
        u1_0.firstname,
        u1_0.lastname,
        u1_0.lat,
        u1_0.lng,
        u1_0.password,
        u1_0.phone,
        p1_0.id,
        p1_0.image_id,
        p1_0.url,
        p1_0.user_id,
        u1_0.rfc_homoclave,
        u1_0.role,
        u1_0.service_radius_km,
        u1_0.username 
    from
        users u1_0 
    left join
        user_photos p1_0 
            on u1_0.id=p1_0.user_id 
    where
        u1_0.id=?
2025-11-09T12:58:22.272-08:00 DEBUG 17965 --- [JobsyApplication] [nio-8080-exec-1] org.hibernate.SQL                        : 
    select
        d1_0.provider_request_id,
        d1_0.id,
        d1_0.public_id,
        d1_0.url 
    from
        provider_documents d1_0 
    where
        d1_0.provider_request_id=?
Hibernate: 
    select
        d1_0.provider_request_id,
        d1_0.id,
        d1_0.public_id,
        d1_0.url 
    from
        provider_documents d1_0 
    where
        d1_0.provider_request_id=?
2025-11-09T12:58:22.360-08:00 DEBUG 17965 --- [JobsyApplication] [nio-8080-exec-1] org.hibernate.SQL                        : 
    select
        d1_0.provider_request_id,
        d1_0.id,
        d1_0.public_id,
        d1_0.url 
    from
        provider_documents d1_0 
    where
        d1_0.provider_request_id=?
Hibernate: 
    select
        d1_0.provider_request_id,
        d1_0.id,
        d1_0.public_id,
        d1_0.url 
    from
        provider_documents d1_0 
    where
        d1_0.provider_request_id=?
2025-11-09T12:58:22.448-08:00 DEBUG 17965 --- [JobsyApplication] [nio-8080-exec-1] org.hibernate.SQL                        : 
    select
        d1_0.provider_request_id,
        d1_0.id,
        d1_0.public_id,
        d1_0.url 
    from
        provider_documents d1_0 
    where
        d1_0.provider_request_id=?
Hibernate: 
    select
        d1_0.provider_request_id,
        d1_0.id,
        d1_0.public_id,
        d1_0.url 
    from
        provider_documents d1_0 
    where
        d1_0.provider_request_id=?
2025-11-09T12:58:22.537-08:00 DEBUG 17965 --- [JobsyApplication] [nio-8080-exec-1] org.hibernate.SQL                        : 
    select
        d1_0.provider_request_id,
        d1_0.id,
        d1_0.public_id,
        d1_0.url 
    from
        provider_documents d1_0 
    where
        d1_0.provider_request_id=?
Hibernate: 
    select
        d1_0.provider_request_id,
        d1_0.id,
        d1_0.public_id,
        d1_0.url 
    from
        provider_documents d1_0 
    where
        d1_0.provider_request_id=?
2025-11-09T12:58:22.626-08:00 DEBUG 17965 --- [JobsyApplication] [nio-8080-exec-1] org.hibernate.SQL                        : 
    select
        d1_0.provider_request_id,
        d1_0.id,
        d1_0.public_id,
        d1_0.url 
    from
        provider_documents d1_0 
    where
        d1_0.provider_request_id=?
Hibernate: 
    select
        d1_0.provider_request_id,
        d1_0.id,
        d1_0.public_id,
        d1_0.url 
    from
        provider_documents d1_0 
    where
        d1_0.provider_request_id=?
2025-11-09T12:58:22.713-08:00 DEBUG 17965 --- [JobsyApplication] [nio-8080-exec-1] org.hibernate.SQL                        : 
    select
        d1_0.provider_request_id,
        d1_0.id,
        d1_0.public_id,
        d1_0.url 
    from
        provider_documents d1_0 
    where
        d1_0.provider_request_id=?
Hibernate: 
    select
        d1_0.provider_request_id,
        d1_0.id,
        d1_0.public_id,
        d1_0.url 
    from
        provider_documents d1_0 
    where
        d1_0.provider_request_id=?
2025-11-09T12:58:22.802-08:00 DEBUG 17965 --- [JobsyApplication] [nio-8080-exec-1] org.hibernate.SQL                        : 
    select
        d1_0.provider_request_id,
        d1_0.id,
        d1_0.public_id,
        d1_0.url 
    from
        provider_documents d1_0 
    where
        d1_0.provider_request_id=?
Hibernate: 
    select
        d1_0.provider_request_id,
        d1_0.id,
        d1_0.public_id,
        d1_0.url 
    from
        provider_documents d1_0 
    where
        d1_0.provider_request_id=?
2025-11-09T12:58:22.890-08:00 DEBUG 17965 --- [JobsyApplication] [nio-8080-exec-1] org.hibernate.SQL                        : 
    select
        d1_0.provider_request_id,
        d1_0.id,
        d1_0.public_id,
        d1_0.url 
    from
        provider_documents d1_0 
    where
        d1_0.provider_request_id=?
Hibernate: 
    select
        d1_0.provider_request_id,
        d1_0.id,
        d1_0.public_id,
        d1_0.url 
    from
        provider_documents d1_0 
    where
        d1_0.provider_request_id=?
2025-11-09T12:58:26.574-08:00 DEBUG 17965 --- [JobsyApplication] [nio-8080-exec-5] org.hibernate.SQL                        : 
    /* <criteria> */ select
        u1_0.id,
        u1_0.address_text,
        u1_0.avg_rating_cache,
        u1_0.bio,
        u1_0.country,
        u1_0.created_at,
        u1_0.curp,
        u1_0.firstname,
        u1_0.lastname,
        u1_0.lat,
        u1_0.lng,
        u1_0.password,
        u1_0.phone,
        u1_0.rfc_homoclave,
        u1_0.role,
        u1_0.service_radius_km,
        u1_0.username 
    from
        users u1_0 
    where
        u1_0.username=?
Hibernate: 
    /* <criteria> */ select
        u1_0.id,
        u1_0.address_text,
        u1_0.avg_rating_cache,
        u1_0.bio,
        u1_0.country,
        u1_0.created_at,
        u1_0.curp,
        u1_0.firstname,
        u1_0.lastname,
        u1_0.lat,
        u1_0.lng,
        u1_0.password,
        u1_0.phone,
        u1_0.rfc_homoclave,
        u1_0.role,
        u1_0.service_radius_km,
        u1_0.username 
    from
        users u1_0 
    where
        u1_0.username=?
2025-11-09T12:58:26.755-08:00 DEBUG 17965 --- [JobsyApplication] [nio-8080-exec-5] org.hibernate.SQL                        : 
    select
        up1_0.id,
        up1_0.image_id,
        up1_0.url,
        up1_0.user_id,
        u1_0.id,
        u1_0.address_text,
        u1_0.avg_rating_cache,
        u1_0.bio,
        u1_0.country,
        u1_0.created_at,
        u1_0.curp,
        u1_0.firstname,
        u1_0.lastname,
        u1_0.lat,
        u1_0.lng,
        u1_0.password,
        u1_0.phone,
        u1_0.rfc_homoclave,
        u1_0.role,
        u1_0.service_radius_km,
        u1_0.username 
    from
        user_photos up1_0 
    join
        users u1_0 
            on u1_0.id=up1_0.user_id 
    where
        up1_0.user_id=?
Hibernate: 
    select
        up1_0.id,
        up1_0.image_id,
        up1_0.url,
        up1_0.user_id,
        u1_0.id,
        u1_0.address_text,
        u1_0.avg_rating_cache,
        u1_0.bio,
        u1_0.country,
        u1_0.created_at,
        u1_0.curp,
        u1_0.firstname,
        u1_0.lastname,
        u1_0.lat,
        u1_0.lng,
        u1_0.password,
        u1_0.phone,
        u1_0.rfc_homoclave,
        u1_0.role,
        u1_0.service_radius_km,
        u1_0.username 
    from
        user_photos up1_0 
    join
        users u1_0 
            on u1_0.id=up1_0.user_id 
    where
        up1_0.user_id=?
2025-11-09T12:58:26.847-08:00 DEBUG 17965 --- [JobsyApplication] [nio-8080-exec-5] org.hibernate.SQL                        : 
    /* <criteria> */ select
        pr1_0.id,
        pr1_0.address_text,
        pr1_0.bio,
        pr1_0.created_at,
        pr1_0.curp,
        pr1_0.rejection_reason,
        pr1_0.reviewed_at,
        pr1_0.reviewed_by,
        pr1_0.rfc_homoclave,
        pr1_0.status,
        pr1_0.updated_at,
        pr1_0.user_id 
    from
        provider_applies pr1_0 
    offset
        ? rows 
    fetch
        first ? rows only
Hibernate: 
    /* <criteria> */ select
        pr1_0.id,
        pr1_0.address_text,
        pr1_0.bio,
        pr1_0.created_at,
        pr1_0.curp,
        pr1_0.rejection_reason,
        pr1_0.reviewed_at,
        pr1_0.reviewed_by,
        pr1_0.rfc_homoclave,
        pr1_0.status,
        pr1_0.updated_at,
        pr1_0.user_id 
    from
        provider_applies pr1_0 
    offset
        ? rows 
    fetch
        first ? rows only
2025-11-09T12:58:26.936-08:00 DEBUG 17965 --- [JobsyApplication] [nio-8080-exec-5] org.hibernate.SQL                        : 
    select
        u1_0.id,
        u1_0.address_text,
        u1_0.avg_rating_cache,
        u1_0.bio,
        u1_0.country,
        u1_0.created_at,
        u1_0.curp,
        u1_0.firstname,
        u1_0.lastname,
        u1_0.lat,
        u1_0.lng,
        u1_0.password,
        u1_0.phone,
        p1_0.id,
        p1_0.image_id,
        p1_0.url,
        p1_0.user_id,
        u1_0.rfc_homoclave,
        u1_0.role,
        u1_0.service_radius_km,
        u1_0.username 
    from
        users u1_0 
    left join
        user_photos p1_0 
            on u1_0.id=p1_0.user_id 
    where
        u1_0.id=?
Hibernate: 
    select
        u1_0.id,
        u1_0.address_text,
        u1_0.avg_rating_cache,
        u1_0.bio,
        u1_0.country,
        u1_0.created_at,
        u1_0.curp,
        u1_0.firstname,
        u1_0.lastname,
        u1_0.lat,
        u1_0.lng,
        u1_0.password,
        u1_0.phone,
        p1_0.id,
        p1_0.image_id,
        p1_0.url,
        p1_0.user_id,
        u1_0.rfc_homoclave,
        u1_0.role,
        u1_0.service_radius_km,
        u1_0.username 
    from
        users u1_0 
    left join
        user_photos p1_0 
            on u1_0.id=p1_0.user_id 
    where
        u1_0.id=?
2025-11-09T12:58:27.026-08:00 DEBUG 17965 --- [JobsyApplication] [nio-8080-exec-5] org.hibernate.SQL                        : 
    select
        u1_0.id,
        u1_0.address_text,
        u1_0.avg_rating_cache,
        u1_0.bio,
        u1_0.country,
        u1_0.created_at,
        u1_0.curp,
        u1_0.firstname,
        u1_0.lastname,
        u1_0.lat,
        u1_0.lng,
        u1_0.password,
        u1_0.phone,
        p1_0.id,
        p1_0.image_id,
        p1_0.url,
        p1_0.user_id,
        u1_0.rfc_homoclave,
        u1_0.role,
        u1_0.service_radius_km,
        u1_0.username 
    from
        users u1_0 
    left join
        user_photos p1_0 
            on u1_0.id=p1_0.user_id 
    where
        u1_0.id=?
Hibernate: 
    select
        u1_0.id,
        u1_0.address_text,
        u1_0.avg_rating_cache,
        u1_0.bio,
        u1_0.country,
        u1_0.created_at,
        u1_0.curp,
        u1_0.firstname,
        u1_0.lastname,
        u1_0.lat,
        u1_0.lng,
        u1_0.password,
        u1_0.phone,
        p1_0.id,
        p1_0.image_id,
        p1_0.url,
        p1_0.user_id,
        u1_0.rfc_homoclave,
        u1_0.role,
        u1_0.service_radius_km,
        u1_0.username 
    from
        users u1_0 
    left join
        user_photos p1_0 
            on u1_0.id=p1_0.user_id 
    where
        u1_0.id=?
2025-11-09T12:58:27.114-08:00 DEBUG 17965 --- [JobsyApplication] [nio-8080-exec-5] org.hibernate.SQL                        : 
    select
        d1_0.provider_request_id,
        d1_0.id,
        d1_0.public_id,
        d1_0.url 
    from
        provider_documents d1_0 
    where
        d1_0.provider_request_id=?
Hibernate: 
    select
        d1_0.provider_request_id,
        d1_0.id,
        d1_0.public_id,
        d1_0.url 
    from
        provider_documents d1_0 
    where
        d1_0.provider_request_id=?
2025-11-09T12:58:27.203-08:00 DEBUG 17965 --- [JobsyApplication] [nio-8080-exec-5] org.hibernate.SQL                        : 
    select
        d1_0.provider_request_id,
        d1_0.id,
        d1_0.public_id,
        d1_0.url 
    from
        provider_documents d1_0 
    where
        d1_0.provider_request_id=?
Hibernate: 
    select
        d1_0.provider_request_id,
        d1_0.id,
        d1_0.public_id,
        d1_0.url 
    from
        provider_documents d1_0 
    where
        d1_0.provider_request_id=?
2025-11-09T12:58:27.291-08:00 DEBUG 17965 --- [JobsyApplication] [nio-8080-exec-5] org.hibernate.SQL                        : 
    select
        d1_0.provider_request_id,
        d1_0.id,
        d1_0.public_id,
        d1_0.url 
    from
        provider_documents d1_0 
    where
        d1_0.provider_request_id=?
Hibernate: 
    select
        d1_0.provider_request_id,
        d1_0.id,
        d1_0.public_id,
        d1_0.url 
    from
        provider_documents d1_0 
    where
        d1_0.provider_request_id=?
2025-11-09T12:58:27.378-08:00 DEBUG 17965 --- [JobsyApplication] [nio-8080-exec-5] org.hibernate.SQL                        : 
    select
        d1_0.provider_request_id,
        d1_0.id,
        d1_0.public_id,
        d1_0.url 
    from
        provider_documents d1_0 
    where
        d1_0.provider_request_id=?
Hibernate: 
    select
        d1_0.provider_request_id,
        d1_0.id,
        d1_0.public_id,
        d1_0.url 
    from
        provider_documents d1_0 
    where
        d1_0.provider_request_id=?
2025-11-09T12:58:27.467-08:00 DEBUG 17965 --- [JobsyApplication] [nio-8080-exec-5] org.hibernate.SQL                        : 
    select
        d1_0.provider_request_id,
        d1_0.id,
        d1_0.public_id,
        d1_0.url 
    from
        provider_documents d1_0 
    where
        d1_0.provider_request_id=?
Hibernate: 
    select
        d1_0.provider_request_id,
        d1_0.id,
        d1_0.public_id,
        d1_0.url 
    from
        provider_documents d1_0 
    where
        d1_0.provider_request_id=?
2025-11-09T12:58:27.557-08:00 DEBUG 17965 --- [JobsyApplication] [nio-8080-exec-5] org.hibernate.SQL                        : 
    select
        d1_0.provider_request_id,
        d1_0.id,
        d1_0.public_id,
        d1_0.url 
    from
        provider_documents d1_0 
    where
        d1_0.provider_request_id=?
Hibernate: 
    select
        d1_0.provider_request_id,
        d1_0.id,
        d1_0.public_id,
        d1_0.url 
    from
        provider_documents d1_0 
    where
        d1_0.provider_request_id=?
2025-11-09T12:58:27.644-08:00 DEBUG 17965 --- [JobsyApplication] [nio-8080-exec-5] org.hibernate.SQL                        : 
    select
        d1_0.provider_request_id,
        d1_0.id,
        d1_0.public_id,
        d1_0.url 
    from
        provider_documents d1_0 
    where
        d1_0.provider_request_id=?
Hibernate: 
    select
        d1_0.provider_request_id,
        d1_0.id,
        d1_0.public_id,
        d1_0.url 
    from
        provider_documents d1_0 
    where
        d1_0.provider_request_id=?
2025-11-09T12:58:27.733-08:00 DEBUG 17965 --- [JobsyApplication] [nio-8080-exec-5] org.hibernate.SQL                        : 
    select
        d1_0.provider_request_id,
        d1_0.id,
        d1_0.public_id,
        d1_0.url 
    from
        provider_documents d1_0 
    where
        d1_0.provider_request_id=?
Hibernate: 
    select
        d1_0.provider_request_id,
        d1_0.id,
        d1_0.public_id,
        d1_0.url 
    from
        provider_documents d1_0 
    where
        d1_0.provider_request_id=?
2025-11-09T12:58:31.663-08:00 DEBUG 17965 --- [JobsyApplication] [io-8080-exec-10] org.hibernate.SQL                        : 
    /* <criteria> */ select
        u1_0.id,
        u1_0.address_text,
        u1_0.avg_rating_cache,
        u1_0.bio,
        u1_0.country,
        u1_0.created_at,
        u1_0.curp,
        u1_0.firstname,
        u1_0.lastname,
        u1_0.lat,
        u1_0.lng,
        u1_0.password,
        u1_0.phone,
        u1_0.rfc_homoclave,
        u1_0.role,
        u1_0.service_radius_km,
        u1_0.username 
    from
        users u1_0 
    where
        u1_0.username=?
Hibernate: 
    /* <criteria> */ select
        u1_0.id,
        u1_0.address_text,
        u1_0.avg_rating_cache,
        u1_0.bio,
        u1_0.country,
        u1_0.created_at,
        u1_0.curp,
        u1_0.firstname,
        u1_0.lastname,
        u1_0.lat,
        u1_0.lng,
        u1_0.password,
        u1_0.phone,
        u1_0.rfc_homoclave,
        u1_0.role,
        u1_0.service_radius_km,
        u1_0.username 
    from
        users u1_0 
    where
        u1_0.username=?
2025-11-09T12:58:31.838-08:00 DEBUG 17965 --- [JobsyApplication] [io-8080-exec-10] org.hibernate.SQL                        : 
    select
        up1_0.id,
        up1_0.image_id,
        up1_0.url,
        up1_0.user_id,
        u1_0.id,
        u1_0.address_text,
        u1_0.avg_rating_cache,
        u1_0.bio,
        u1_0.country,
        u1_0.created_at,
        u1_0.curp,
        u1_0.firstname,
        u1_0.lastname,
        u1_0.lat,
        u1_0.lng,
        u1_0.password,
        u1_0.phone,
        u1_0.rfc_homoclave,
        u1_0.role,
        u1_0.service_radius_km,
        u1_0.username 
    from
        user_photos up1_0 
    join
        users u1_0 
            on u1_0.id=up1_0.user_id 
    where
        up1_0.user_id=?
Hibernate: 
    select
        up1_0.id,
        up1_0.image_id,
        up1_0.url,
        up1_0.user_id,
        u1_0.id,
        u1_0.address_text,
        u1_0.avg_rating_cache,
        u1_0.bio,
        u1_0.country,
        u1_0.created_at,
        u1_0.curp,
        u1_0.firstname,
        u1_0.lastname,
        u1_0.lat,
        u1_0.lng,
        u1_0.password,
        u1_0.phone,
        u1_0.rfc_homoclave,
        u1_0.role,
        u1_0.service_radius_km,
        u1_0.username 
    from
        user_photos up1_0 
    join
        users u1_0 
            on u1_0.id=up1_0.user_id 
    where
        up1_0.user_id=?
2025-11-09T12:58:31.932-08:00 DEBUG 17965 --- [JobsyApplication] [io-8080-exec-10] org.hibernate.SQL                        : 
    /* <criteria> */ select
        pr1_0.id,
        pr1_0.address_text,
        pr1_0.bio,
        pr1_0.created_at,
        pr1_0.curp,
        pr1_0.rejection_reason,
        pr1_0.reviewed_at,
        pr1_0.reviewed_by,
        pr1_0.rfc_homoclave,
        pr1_0.status,
        pr1_0.updated_at,
        pr1_0.user_id 
    from
        provider_applies pr1_0 
    offset
        ? rows 
    fetch
        first ? rows only
Hibernate: 
    /* <criteria> */ select
        pr1_0.id,
        pr1_0.address_text,
        pr1_0.bio,
        pr1_0.created_at,
        pr1_0.curp,
        pr1_0.rejection_reason,
        pr1_0.reviewed_at,
        pr1_0.reviewed_by,
        pr1_0.rfc_homoclave,
        pr1_0.status,
        pr1_0.updated_at,
        pr1_0.user_id 
    from
        provider_applies pr1_0 
    offset
        ? rows 
    fetch
        first ? rows only
2025-11-09T12:58:32.021-08:00 DEBUG 17965 --- [JobsyApplication] [io-8080-exec-10] org.hibernate.SQL                        : 
    select
        u1_0.id,
        u1_0.address_text,
        u1_0.avg_rating_cache,
        u1_0.bio,
        u1_0.country,
        u1_0.created_at,
        u1_0.curp,
        u1_0.firstname,
        u1_0.lastname,
        u1_0.lat,
        u1_0.lng,
        u1_0.password,
        u1_0.phone,
        p1_0.id,
        p1_0.image_id,
        p1_0.url,
        p1_0.user_id,
        u1_0.rfc_homoclave,
        u1_0.role,
        u1_0.service_radius_km,
        u1_0.username 
    from
        users u1_0 
    left join
        user_photos p1_0 
            on u1_0.id=p1_0.user_id 
    where
        u1_0.id=?
Hibernate: 
    select
        u1_0.id,
        u1_0.address_text,
        u1_0.avg_rating_cache,
        u1_0.bio,
        u1_0.country,
        u1_0.created_at,
        u1_0.curp,
        u1_0.firstname,
        u1_0.lastname,
        u1_0.lat,
        u1_0.lng,
        u1_0.password,
        u1_0.phone,
        p1_0.id,
        p1_0.image_id,
        p1_0.url,
        p1_0.user_id,
        u1_0.rfc_homoclave,
        u1_0.role,
        u1_0.service_radius_km,
        u1_0.username 
    from
        users u1_0 
    left join
        user_photos p1_0 
            on u1_0.id=p1_0.user_id 
    where
        u1_0.id=?
2025-11-09T12:58:32.110-08:00 DEBUG 17965 --- [JobsyApplication] [io-8080-exec-10] org.hibernate.SQL                        : 
    select
        u1_0.id,
        u1_0.address_text,
        u1_0.avg_rating_cache,
        u1_0.bio,
        u1_0.country,
        u1_0.created_at,
        u1_0.curp,
        u1_0.firstname,
        u1_0.lastname,
        u1_0.lat,
        u1_0.lng,
        u1_0.password,
        u1_0.phone,
        p1_0.id,
        p1_0.image_id,
        p1_0.url,
        p1_0.user_id,
        u1_0.rfc_homoclave,
        u1_0.role,
        u1_0.service_radius_km,
        u1_0.username 
    from
        users u1_0 
    left join
        user_photos p1_0 
            on u1_0.id=p1_0.user_id 
    where
        u1_0.id=?
Hibernate: 
    select
        u1_0.id,
        u1_0.address_text,
        u1_0.avg_rating_cache,
        u1_0.bio,
        u1_0.country,
        u1_0.created_at,
        u1_0.curp,
        u1_0.firstname,
        u1_0.lastname,
        u1_0.lat,
        u1_0.lng,
        u1_0.password,
        u1_0.phone,
        p1_0.id,
        p1_0.image_id,
        p1_0.url,
        p1_0.user_id,
        u1_0.rfc_homoclave,
        u1_0.role,
        u1_0.service_radius_km,
        u1_0.username 
    from
        users u1_0 
    left join
        user_photos p1_0 
            on u1_0.id=p1_0.user_id 
    where
        u1_0.id=?
2025-11-09T12:58:32.199-08:00 DEBUG 17965 --- [JobsyApplication] [io-8080-exec-10] org.hibernate.SQL                        : 
    select
        d1_0.provider_request_id,
        d1_0.id,
        d1_0.public_id,
        d1_0.url 
    from
        provider_documents d1_0 
    where
        d1_0.provider_request_id=?
Hibernate: 
    select
        d1_0.provider_request_id,
        d1_0.id,
        d1_0.public_id,
        d1_0.url 
    from
        provider_documents d1_0 
    where
        d1_0.provider_request_id=?
2025-11-09T12:58:32.288-08:00 DEBUG 17965 --- [JobsyApplication] [io-8080-exec-10] org.hibernate.SQL                        : 
    select
        d1_0.provider_request_id,
        d1_0.id,
        d1_0.public_id,
        d1_0.url 
    from
        provider_documents d1_0 
    where
        d1_0.provider_request_id=?
Hibernate: 
    select
        d1_0.provider_request_id,
        d1_0.id,
        d1_0.public_id,
        d1_0.url 
    from
        provider_documents d1_0 
    where
        d1_0.provider_request_id=?
2025-11-09T12:58:32.377-08:00 DEBUG 17965 --- [JobsyApplication] [io-8080-exec-10] org.hibernate.SQL                        : 
    select
        d1_0.provider_request_id,
        d1_0.id,
        d1_0.public_id,
        d1_0.url 
    from
        provider_documents d1_0 
    where
        d1_0.provider_request_id=?
Hibernate: 
    select
        d1_0.provider_request_id,
        d1_0.id,
        d1_0.public_id,
        d1_0.url 
    from
        provider_documents d1_0 
    where
        d1_0.provider_request_id=?
2025-11-09T12:58:32.466-08:00 DEBUG 17965 --- [JobsyApplication] [io-8080-exec-10] org.hibernate.SQL                        : 
    select
        d1_0.provider_request_id,
        d1_0.id,
        d1_0.public_id,
        d1_0.url 
    from
        provider_documents d1_0 
    where
        d1_0.provider_request_id=?
Hibernate: 
    select
        d1_0.provider_request_id,
        d1_0.id,
        d1_0.public_id,
        d1_0.url 
    from
        provider_documents d1_0 
    where
        d1_0.provider_request_id=?
2025-11-09T12:58:32.554-08:00 DEBUG 17965 --- [JobsyApplication] [io-8080-exec-10] org.hibernate.SQL                        : 
    select
        d1_0.provider_request_id,
        d1_0.id,
        d1_0.public_id,
        d1_0.url 
    from
        provider_documents d1_0 
    where
        d1_0.provider_request_id=?
Hibernate: 
    select
        d1_0.provider_request_id,
        d1_0.id,
        d1_0.public_id,
        d1_0.url 
    from
        provider_documents d1_0 
    where
        d1_0.provider_request_id=?
2025-11-09T12:58:32.641-08:00 DEBUG 17965 --- [JobsyApplication] [io-8080-exec-10] org.hibernate.SQL                        : 
    select
        d1_0.provider_request_id,
        d1_0.id,
        d1_0.public_id,
        d1_0.url 
    from
        provider_documents d1_0 
    where
        d1_0.provider_request_id=?
Hibernate: 
    select
        d1_0.provider_request_id,
        d1_0.id,
        d1_0.public_id,
        d1_0.url 
    from
        provider_documents d1_0 
    where
        d1_0.provider_request_id=?
2025-11-09T12:58:32.730-08:00 DEBUG 17965 --- [JobsyApplication] [io-8080-exec-10] org.hibernate.SQL                        : 
    select
        d1_0.provider_request_id,
        d1_0.id,
        d1_0.public_id,
        d1_0.url 
    from
        provider_documents d1_0 
    where
        d1_0.provider_request_id=?
Hibernate: 
    select
        d1_0.provider_request_id,
        d1_0.id,
        d1_0.public_id,
        d1_0.url 
    from
        provider_documents d1_0 
    where
        d1_0.provider_request_id=?
2025-11-09T12:58:32.817-08:00 DEBUG 17965 --- [JobsyApplication] [io-8080-exec-10] org.hibernate.SQL                        : 
    select
        d1_0.provider_request_id,
        d1_0.id,
        d1_0.public_id,
        d1_0.url 
    from
        provider_documents d1_0 
    where
        d1_0.provider_request_id=?
Hibernate: 
    select
        d1_0.provider_request_id,
        d1_0.id,
        d1_0.public_id,
        d1_0.url 
    from
        provider_documents d1_0 
    where
        d1_0.provider_request_id=?
2025-11-09T12:58:36.592-08:00 DEBUG 17965 --- [JobsyApplication] [nio-8080-exec-3] org.hibernate.SQL                        : 
    /* <criteria> */ select
        u1_0.id,
        u1_0.address_text,
        u1_0.avg_rating_cache,
        u1_0.bio,
        u1_0.country,
        u1_0.created_at,
        u1_0.curp,
        u1_0.firstname,
        u1_0.lastname,
        u1_0.lat,
        u1_0.lng,
        u1_0.password,
        u1_0.phone,
        u1_0.rfc_homoclave,
        u1_0.role,
        u1_0.service_radius_km,
        u1_0.username 
    from
        users u1_0 
    where
        u1_0.username=?
Hibernate: 
    /* <criteria> */ select
        u1_0.id,
        u1_0.address_text,
        u1_0.avg_rating_cache,
        u1_0.bio,
        u1_0.country,
        u1_0.created_at,
        u1_0.curp,
        u1_0.firstname,
        u1_0.lastname,
        u1_0.lat,
        u1_0.lng,
        u1_0.password,
        u1_0.phone,
        u1_0.rfc_homoclave,
        u1_0.role,
        u1_0.service_radius_km,
        u1_0.username 
    from
        users u1_0 
    where
        u1_0.username=?
2025-11-09T12:58:36.768-08:00 DEBUG 17965 --- [JobsyApplication] [nio-8080-exec-3] org.hibernate.SQL                        : 
    select
        up1_0.id,
        up1_0.image_id,
        up1_0.url,
        up1_0.user_id,
        u1_0.id,
        u1_0.address_text,
        u1_0.avg_rating_cache,
        u1_0.bio,
        u1_0.country,
        u1_0.created_at,
        u1_0.curp,
        u1_0.firstname,
        u1_0.lastname,
        u1_0.lat,
        u1_0.lng,
        u1_0.password,
        u1_0.phone,
        u1_0.rfc_homoclave,
        u1_0.role,
        u1_0.service_radius_km,
        u1_0.username 
    from
        user_photos up1_0 
    join
        users u1_0 
            on u1_0.id=up1_0.user_id 
    where
        up1_0.user_id=?
Hibernate: 
    select
        up1_0.id,
        up1_0.image_id,
        up1_0.url,
        up1_0.user_id,
        u1_0.id,
        u1_0.address_text,
        u1_0.avg_rating_cache,
        u1_0.bio,
        u1_0.country,
        u1_0.created_at,
        u1_0.curp,
        u1_0.firstname,
        u1_0.lastname,
        u1_0.lat,
        u1_0.lng,
        u1_0.password,
        u1_0.phone,
        u1_0.rfc_homoclave,
        u1_0.role,
        u1_0.service_radius_km,
        u1_0.username 
    from
        user_photos up1_0 
    join
        users u1_0 
            on u1_0.id=up1_0.user_id 
    where
        up1_0.user_id=?
2025-11-09T12:58:36.860-08:00 DEBUG 17965 --- [JobsyApplication] [nio-8080-exec-3] org.hibernate.SQL                        : 
    /* <criteria> */ select
        pr1_0.id,
        pr1_0.address_text,
        pr1_0.bio,
        pr1_0.created_at,
        pr1_0.curp,
        pr1_0.rejection_reason,
        pr1_0.reviewed_at,
        pr1_0.reviewed_by,
        pr1_0.rfc_homoclave,
        pr1_0.status,
        pr1_0.updated_at,
        pr1_0.user_id 
    from
        provider_applies pr1_0 
    offset
        ? rows 
    fetch
        first ? rows only
Hibernate: 
    /* <criteria> */ select
        pr1_0.id,
        pr1_0.address_text,
        pr1_0.bio,
        pr1_0.created_at,
        pr1_0.curp,
        pr1_0.rejection_reason,
        pr1_0.reviewed_at,
        pr1_0.reviewed_by,
        pr1_0.rfc_homoclave,
        pr1_0.status,
        pr1_0.updated_at,
        pr1_0.user_id 
    from
        provider_applies pr1_0 
    offset
        ? rows 
    fetch
        first ? rows only
2025-11-09T12:58:36.949-08:00 DEBUG 17965 --- [JobsyApplication] [nio-8080-exec-3] org.hibernate.SQL                        : 
    select
        u1_0.id,
        u1_0.address_text,
        u1_0.avg_rating_cache,
        u1_0.bio,
        u1_0.country,
        u1_0.created_at,
        u1_0.curp,
        u1_0.firstname,
        u1_0.lastname,
        u1_0.lat,
        u1_0.lng,
        u1_0.password,
        u1_0.phone,
        p1_0.id,
        p1_0.image_id,
        p1_0.url,
        p1_0.user_id,
        u1_0.rfc_homoclave,
        u1_0.role,
        u1_0.service_radius_km,
        u1_0.username 
    from
        users u1_0 
    left join
        user_photos p1_0 
            on u1_0.id=p1_0.user_id 
    where
        u1_0.id=?
Hibernate: 
    select
        u1_0.id,
        u1_0.address_text,
        u1_0.avg_rating_cache,
        u1_0.bio,
        u1_0.country,
        u1_0.created_at,
        u1_0.curp,
        u1_0.firstname,
        u1_0.lastname,
        u1_0.lat,
        u1_0.lng,
        u1_0.password,
        u1_0.phone,
        p1_0.id,
        p1_0.image_id,
        p1_0.url,
        p1_0.user_id,
        u1_0.rfc_homoclave,
        u1_0.role,
        u1_0.service_radius_km,
        u1_0.username 
    from
        users u1_0 
    left join
        user_photos p1_0 
            on u1_0.id=p1_0.user_id 
    where
        u1_0.id=?
2025-11-09T12:58:37.038-08:00 DEBUG 17965 --- [JobsyApplication] [nio-8080-exec-3] org.hibernate.SQL                        : 
    select
        u1_0.id,
        u1_0.address_text,
        u1_0.avg_rating_cache,
        u1_0.bio,
        u1_0.country,
        u1_0.created_at,
        u1_0.curp,
        u1_0.firstname,
        u1_0.lastname,
        u1_0.lat,
        u1_0.lng,
        u1_0.password,
        u1_0.phone,
        p1_0.id,
        p1_0.image_id,
        p1_0.url,
        p1_0.user_id,
        u1_0.rfc_homoclave,
        u1_0.role,
        u1_0.service_radius_km,
        u1_0.username 
    from
        users u1_0 
    left join
        user_photos p1_0 
            on u1_0.id=p1_0.user_id 
    where
        u1_0.id=?
Hibernate: 
    select
        u1_0.id,
        u1_0.address_text,
        u1_0.avg_rating_cache,
        u1_0.bio,
        u1_0.country,
        u1_0.created_at,
        u1_0.curp,
        u1_0.firstname,
        u1_0.lastname,
        u1_0.lat,
        u1_0.lng,
        u1_0.password,
        u1_0.phone,
        p1_0.id,
        p1_0.image_id,
        p1_0.url,
        p1_0.user_id,
        u1_0.rfc_homoclave,
        u1_0.role,
        u1_0.service_radius_km,
        u1_0.username 
    from
        users u1_0 
    left join
        user_photos p1_0 
            on u1_0.id=p1_0.user_id 
    where
        u1_0.id=?
2025-11-09T12:58:37.128-08:00 DEBUG 17965 --- [JobsyApplication] [nio-8080-exec-3] org.hibernate.SQL                        : 
    select
        d1_0.provider_request_id,
        d1_0.id,
        d1_0.public_id,
        d1_0.url 
    from
        provider_documents d1_0 
    where
        d1_0.provider_request_id=?
Hibernate: 
    select
        d1_0.provider_request_id,
        d1_0.id,
        d1_0.public_id,
        d1_0.url 
    from
        provider_documents d1_0 
    where
        d1_0.provider_request_id=?
2025-11-09T12:58:37.217-08:00 DEBUG 17965 --- [JobsyApplication] [nio-8080-exec-3] org.hibernate.SQL                        : 
    select
        d1_0.provider_request_id,
        d1_0.id,
        d1_0.public_id,
        d1_0.url 
    from
        provider_documents d1_0 
    where
        d1_0.provider_request_id=?
Hibernate: 
    select
        d1_0.provider_request_id,
        d1_0.id,
        d1_0.public_id,
        d1_0.url 
    from
        provider_documents d1_0 
    where
        d1_0.provider_request_id=?
2025-11-09T12:58:37.305-08:00 DEBUG 17965 --- [JobsyApplication] [nio-8080-exec-3] org.hibernate.SQL                        : 
    select
        d1_0.provider_request_id,
        d1_0.id,
        d1_0.public_id,
        d1_0.url 
    from
        provider_documents d1_0 
    where
        d1_0.provider_request_id=?
Hibernate: 
    select
        d1_0.provider_request_id,
        d1_0.id,
        d1_0.public_id,
        d1_0.url 
    from
        provider_documents d1_0 
    where
        d1_0.provider_request_id=?
2025-11-09T12:58:37.397-08:00 DEBUG 17965 --- [JobsyApplication] [nio-8080-exec-3] org.hibernate.SQL                        : 
    select
        d1_0.provider_request_id,
        d1_0.id,
        d1_0.public_id,
        d1_0.url 
    from
        provider_documents d1_0 
    where
        d1_0.provider_request_id=?
Hibernate: 
    select
        d1_0.provider_request_id,
        d1_0.id,
        d1_0.public_id,
        d1_0.url 
    from
        provider_documents d1_0 
    where
        d1_0.provider_request_id=?
2025-11-09T12:58:37.486-08:00 DEBUG 17965 --- [JobsyApplication] [nio-8080-exec-3] org.hibernate.SQL                        : 
    select
        d1_0.provider_request_id,
        d1_0.id,
        d1_0.public_id,
        d1_0.url 
    from
        provider_documents d1_0 
    where
        d1_0.provider_request_id=?
Hibernate: 
    select
        d1_0.provider_request_id,
        d1_0.id,
        d1_0.public_id,
        d1_0.url 
    from
        provider_documents d1_0 
    where
        d1_0.provider_request_id=?
2025-11-09T12:58:37.574-08:00 DEBUG 17965 --- [JobsyApplication] [nio-8080-exec-3] org.hibernate.SQL                        : 
    select
        d1_0.provider_request_id,
        d1_0.id,
        d1_0.public_id,
        d1_0.url 
    from
        provider_documents d1_0 
    where
        d1_0.provider_request_id=?
Hibernate: 
    select
        d1_0.provider_request_id,
        d1_0.id,
        d1_0.public_id,
        d1_0.url 
    from
        provider_documents d1_0 
    where
        d1_0.provider_request_id=?
2025-11-09T12:58:37.663-08:00 DEBUG 17965 --- [JobsyApplication] [nio-8080-exec-3] org.hibernate.SQL                        : 
    select
        d1_0.provider_request_id,
        d1_0.id,
        d1_0.public_id,
        d1_0.url 
    from
        provider_documents d1_0 
    where
        d1_0.provider_request_id=?
Hibernate: 
    select
        d1_0.provider_request_id,
        d1_0.id,
        d1_0.public_id,
        d1_0.url 
    from
        provider_documents d1_0 
    where
        d1_0.provider_request_id=?
2025-11-09T12:58:37.752-08:00 DEBUG 17965 --- [JobsyApplication] [nio-8080-exec-3] org.hibernate.SQL                        : 
    select
        d1_0.provider_request_id,
        d1_0.id,
        d1_0.public_id,
        d1_0.url 
    from
        provider_documents d1_0 
    where
        d1_0.provider_request_id=?
Hibernate: 
    select
        d1_0.provider_request_id,
        d1_0.id,
        d1_0.public_id,
        d1_0.url 
    from
        provider_documents d1_0 
    where
        d1_0.provider_request_id=?
2025-11-09T12:58:41.928-08:00 DEBUG 17965 --- [JobsyApplication] [nio-8080-exec-9] org.hibernate.SQL                        : 
    /* <criteria> */ select
        u1_0.id,
        u1_0.address_text,
        u1_0.avg_rating_cache,
        u1_0.bio,
        u1_0.country,
        u1_0.created_at,
        u1_0.curp,
        u1_0.firstname,
        u1_0.lastname,
        u1_0.lat,
        u1_0.lng,
        u1_0.password,
        u1_0.phone,
        u1_0.rfc_homoclave,
        u1_0.role,
        u1_0.service_radius_km,
        u1_0.username 
    from
        users u1_0 
    where
        u1_0.username=?
Hibernate: 
    /* <criteria> */ select
        u1_0.id,
        u1_0.address_text,
        u1_0.avg_rating_cache,
        u1_0.bio,
        u1_0.country,
        u1_0.created_at,
        u1_0.curp,
        u1_0.firstname,
        u1_0.lastname,
        u1_0.lat,
        u1_0.lng,
        u1_0.password,
        u1_0.phone,
        u1_0.rfc_homoclave,
        u1_0.role,
        u1_0.service_radius_km,
        u1_0.username 
    from
        users u1_0 
    where
        u1_0.username=?
2025-11-09T12:58:42.104-08:00 DEBUG 17965 --- [JobsyApplication] [nio-8080-exec-9] org.hibernate.SQL                        : 
    select
        up1_0.id,
        up1_0.image_id,
        up1_0.url,
        up1_0.user_id,
        u1_0.id,
        u1_0.address_text,
        u1_0.avg_rating_cache,
        u1_0.bio,
        u1_0.country,
        u1_0.created_at,
        u1_0.curp,
        u1_0.firstname,
        u1_0.lastname,
        u1_0.lat,
        u1_0.lng,
        u1_0.password,
        u1_0.phone,
        u1_0.rfc_homoclave,
        u1_0.role,
        u1_0.service_radius_km,
        u1_0.username 
    from
        user_photos up1_0 
    join
        users u1_0 
            on u1_0.id=up1_0.user_id 
    where
        up1_0.user_id=?
Hibernate: 
    select
        up1_0.id,
        up1_0.image_id,
        up1_0.url,
        up1_0.user_id,
        u1_0.id,
        u1_0.address_text,
        u1_0.avg_rating_cache,
        u1_0.bio,
        u1_0.country,
        u1_0.created_at,
        u1_0.curp,
        u1_0.firstname,
        u1_0.lastname,
        u1_0.lat,
        u1_0.lng,
        u1_0.password,
        u1_0.phone,
        u1_0.rfc_homoclave,
        u1_0.role,
        u1_0.service_radius_km,
        u1_0.username 
    from
        user_photos up1_0 
    join
        users u1_0 
            on u1_0.id=up1_0.user_id 
    where
        up1_0.user_id=?
2025-11-09T12:58:42.195-08:00 DEBUG 17965 --- [JobsyApplication] [nio-8080-exec-9] org.hibernate.SQL                        : 
    /* <criteria> */ select
        pr1_0.id,
        pr1_0.address_text,
        pr1_0.bio,
        pr1_0.created_at,
        pr1_0.curp,
        pr1_0.rejection_reason,
        pr1_0.reviewed_at,
        pr1_0.reviewed_by,
        pr1_0.rfc_homoclave,
        pr1_0.status,
        pr1_0.updated_at,
        pr1_0.user_id 
    from
        provider_applies pr1_0 
    offset
        ? rows 
    fetch
        first ? rows only
Hibernate: 
    /* <criteria> */ select
        pr1_0.id,
        pr1_0.address_text,
        pr1_0.bio,
        pr1_0.created_at,
        pr1_0.curp,
        pr1_0.rejection_reason,
        pr1_0.reviewed_at,
        pr1_0.reviewed_by,
        pr1_0.rfc_homoclave,
        pr1_0.status,
        pr1_0.updated_at,
        pr1_0.user_id 
    from
        provider_applies pr1_0 
    offset
        ? rows 
    fetch
        first ? rows only
2025-11-09T12:58:42.371-08:00 DEBUG 17965 --- [JobsyApplication] [nio-8080-exec-9] org.hibernate.SQL                        : 
    select
        u1_0.id,
        u1_0.address_text,
        u1_0.avg_rating_cache,
        u1_0.bio,
        u1_0.country,
        u1_0.created_at,
        u1_0.curp,
        u1_0.firstname,
        u1_0.lastname,
        u1_0.lat,
        u1_0.lng,
        u1_0.password,
        u1_0.phone,
        p1_0.id,
        p1_0.image_id,
        p1_0.url,
        p1_0.user_id,
        u1_0.rfc_homoclave,
        u1_0.role,
        u1_0.service_radius_km,
        u1_0.username 
    from
        users u1_0 
    left join
        user_photos p1_0 
            on u1_0.id=p1_0.user_id 
    where
        u1_0.id=?
Hibernate: 
    select
        u1_0.id,
        u1_0.address_text,
        u1_0.avg_rating_cache,
        u1_0.bio,
        u1_0.country,
        u1_0.created_at,
        u1_0.curp,
        u1_0.firstname,
        u1_0.lastname,
        u1_0.lat,
        u1_0.lng,
        u1_0.password,
        u1_0.phone,
        p1_0.id,
        p1_0.image_id,
        p1_0.url,
        p1_0.user_id,
        u1_0.rfc_homoclave,
        u1_0.role,
        u1_0.service_radius_km,
        u1_0.username 
    from
        users u1_0 
    left join
        user_photos p1_0 
            on u1_0.id=p1_0.user_id 
    where
        u1_0.id=?
2025-11-09T12:58:42.461-08:00 DEBUG 17965 --- [JobsyApplication] [nio-8080-exec-9] org.hibernate.SQL                        : 
    select
        u1_0.id,
        u1_0.address_text,
        u1_0.avg_rating_cache,
        u1_0.bio,
        u1_0.country,
        u1_0.created_at,
        u1_0.curp,
        u1_0.firstname,
        u1_0.lastname,
        u1_0.lat,
        u1_0.lng,
        u1_0.password,
        u1_0.phone,
        p1_0.id,
        p1_0.image_id,
        p1_0.url,
        p1_0.user_id,
        u1_0.rfc_homoclave,
        u1_0.role,
        u1_0.service_radius_km,
        u1_0.username 
    from
        users u1_0 
    left join
        user_photos p1_0 
            on u1_0.id=p1_0.user_id 
    where
        u1_0.id=?
Hibernate: 
    select
        u1_0.id,
        u1_0.address_text,
        u1_0.avg_rating_cache,
        u1_0.bio,
        u1_0.country,
        u1_0.created_at,
        u1_0.curp,
        u1_0.firstname,
        u1_0.lastname,
        u1_0.lat,
        u1_0.lng,
        u1_0.password,
        u1_0.phone,
        p1_0.id,
        p1_0.image_id,
        p1_0.url,
        p1_0.user_id,
        u1_0.rfc_homoclave,
        u1_0.role,
        u1_0.service_radius_km,
        u1_0.username 
    from
        users u1_0 
    left join
        user_photos p1_0 
            on u1_0.id=p1_0.user_id 
    where
        u1_0.id=?
2025-11-09T12:58:42.549-08:00 DEBUG 17965 --- [JobsyApplication] [nio-8080-exec-9] org.hibernate.SQL                        : 
    select
        d1_0.provider_request_id,
        d1_0.id,
        d1_0.public_id,
        d1_0.url 
    from
        provider_documents d1_0 
    where
        d1_0.provider_request_id=?
Hibernate: 
    select
        d1_0.provider_request_id,
        d1_0.id,
        d1_0.public_id,
        d1_0.url 
    from
        provider_documents d1_0 
    where
        d1_0.provider_request_id=?
2025-11-09T12:58:42.637-08:00 DEBUG 17965 --- [JobsyApplication] [nio-8080-exec-9] org.hibernate.SQL                        : 
    select
        d1_0.provider_request_id,
        d1_0.id,
        d1_0.public_id,
        d1_0.url 
    from
        provider_documents d1_0 
    where
        d1_0.provider_request_id=?
Hibernate: 
    select
        d1_0.provider_request_id,
        d1_0.id,
        d1_0.public_id,
        d1_0.url 
    from
        provider_documents d1_0 
    where
        d1_0.provider_request_id=?
2025-11-09T12:58:42.726-08:00 DEBUG 17965 --- [JobsyApplication] [nio-8080-exec-9] org.hibernate.SQL                        : 
    select
        d1_0.provider_request_id,
        d1_0.id,
        d1_0.public_id,
        d1_0.url 
    from
        provider_documents d1_0 
    where
        d1_0.provider_request_id=?
Hibernate: 
    select
        d1_0.provider_request_id,
        d1_0.id,
        d1_0.public_id,
        d1_0.url 
    from
        provider_documents d1_0 
    where
        d1_0.provider_request_id=?
2025-11-09T12:58:42.815-08:00 DEBUG 17965 --- [JobsyApplication] [nio-8080-exec-9] org.hibernate.SQL                        : 
    select
        d1_0.provider_request_id,
        d1_0.id,
        d1_0.public_id,
        d1_0.url 
    from
        provider_documents d1_0 
    where
        d1_0.provider_request_id=?
Hibernate: 
    select
        d1_0.provider_request_id,
        d1_0.id,
        d1_0.public_id,
        d1_0.url 
    from
        provider_documents d1_0 
    where
        d1_0.provider_request_id=?
2025-11-09T12:58:42.904-08:00 DEBUG 17965 --- [JobsyApplication] [nio-8080-exec-9] org.hibernate.SQL                        : 
    select
        d1_0.provider_request_id,
        d1_0.id,
        d1_0.public_id,
        d1_0.url 
    from
        provider_documents d1_0 
    where
        d1_0.provider_request_id=?
Hibernate: 
    select
        d1_0.provider_request_id,
        d1_0.id,
        d1_0.public_id,
        d1_0.url 
    from
        provider_documents d1_0 
    where
        d1_0.provider_request_id=?
2025-11-09T12:58:42.994-08:00 DEBUG 17965 --- [JobsyApplication] [nio-8080-exec-9] org.hibernate.SQL                        : 
    select
        d1_0.provider_request_id,
        d1_0.id,
        d1_0.public_id,
        d1_0.url 
    from
        provider_documents d1_0 
    where
        d1_0.provider_request_id=?
Hibernate: 
    select
        d1_0.provider_request_id,
        d1_0.id,
        d1_0.public_id,
        d1_0.url 
    from
        provider_documents d1_0 
    where
        d1_0.provider_request_id=?
2025-11-09T12:58:43.082-08:00 DEBUG 17965 --- [JobsyApplication] [nio-8080-exec-9] org.hibernate.SQL                        : 
    select
        d1_0.provider_request_id,
        d1_0.id,
        d1_0.public_id,
        d1_0.url 
    from
        provider_documents d1_0 
    where
        d1_0.provider_request_id=?
Hibernate: 
    select
        d1_0.provider_request_id,
        d1_0.id,
        d1_0.public_id,
        d1_0.url 
    from
        provider_documents d1_0 
    where
        d1_0.provider_request_id=?
2025-11-09T12:58:43.170-08:00 DEBUG 17965 --- [JobsyApplication] [nio-8080-exec-9] org.hibernate.SQL                        : 
    select
        d1_0.provider_request_id,
        d1_0.id,
        d1_0.public_id,
        d1_0.url 
    from
        provider_documents d1_0 
    where
        d1_0.provider_request_id=?
Hibernate: 
    select
        d1_0.provider_request_id,
        d1_0.id,
        d1_0.public_id,
        d1_0.url 
    from
        provider_documents d1_0 
    where
        d1_0.provider_request_id=?
2025-11-09T12:58:46.579-08:00 DEBUG 17965 --- [JobsyApplication] [nio-8080-exec-6] org.hibernate.SQL                        : 
    /* <criteria> */ select
        u1_0.id,
        u1_0.address_text,
        u1_0.avg_rating_cache,
        u1_0.bio,
        u1_0.country,
        u1_0.created_at,
        u1_0.curp,
        u1_0.firstname,
        u1_0.lastname,
        u1_0.lat,
        u1_0.lng,
        u1_0.password,
        u1_0.phone,
        u1_0.rfc_homoclave,
        u1_0.role,
        u1_0.service_radius_km,
        u1_0.username 
    from
        users u1_0 
    where
        u1_0.username=?
Hibernate: 
    /* <criteria> */ select
        u1_0.id,
        u1_0.address_text,
        u1_0.avg_rating_cache,
        u1_0.bio,
        u1_0.country,
        u1_0.created_at,
        u1_0.curp,
        u1_0.firstname,
        u1_0.lastname,
        u1_0.lat,
        u1_0.lng,
        u1_0.password,
        u1_0.phone,
        u1_0.rfc_homoclave,
        u1_0.role,
        u1_0.service_radius_km,
        u1_0.username 
    from
        users u1_0 
    where
        u1_0.username=?
2025-11-09T12:58:46.745-08:00 DEBUG 17965 --- [JobsyApplication] [nio-8080-exec-6] org.hibernate.SQL                        : 
    select
        up1_0.id,
        up1_0.image_id,
        up1_0.url,
        up1_0.user_id,
        u1_0.id,
        u1_0.address_text,
        u1_0.avg_rating_cache,
        u1_0.bio,
        u1_0.country,
        u1_0.created_at,
        u1_0.curp,
        u1_0.firstname,
        u1_0.lastname,
        u1_0.lat,
        u1_0.lng,
        u1_0.password,
        u1_0.phone,
        u1_0.rfc_homoclave,
        u1_0.role,
        u1_0.service_radius_km,
        u1_0.username 
    from
        user_photos up1_0 
    join
        users u1_0 
            on u1_0.id=up1_0.user_id 
    where
        up1_0.user_id=?
Hibernate: 
    select
        up1_0.id,
        up1_0.image_id,
        up1_0.url,
        up1_0.user_id,
        u1_0.id,
        u1_0.address_text,
        u1_0.avg_rating_cache,
        u1_0.bio,
        u1_0.country,
        u1_0.created_at,
        u1_0.curp,
        u1_0.firstname,
        u1_0.lastname,
        u1_0.lat,
        u1_0.lng,
        u1_0.password,
        u1_0.phone,
        u1_0.rfc_homoclave,
        u1_0.role,
        u1_0.service_radius_km,
        u1_0.username 
    from
        user_photos up1_0 
    join
        users u1_0 
            on u1_0.id=up1_0.user_id 
    where
        up1_0.user_id=?
2025-11-09T12:58:46.835-08:00 DEBUG 17965 --- [JobsyApplication] [nio-8080-exec-6] org.hibernate.SQL                        : 
    /* <criteria> */ select
        pr1_0.id,
        pr1_0.address_text,
        pr1_0.bio,
        pr1_0.created_at,
        pr1_0.curp,
        pr1_0.rejection_reason,
        pr1_0.reviewed_at,
        pr1_0.reviewed_by,
        pr1_0.rfc_homoclave,
        pr1_0.status,
        pr1_0.updated_at,
        pr1_0.user_id 
    from
        provider_applies pr1_0 
    offset
        ? rows 
    fetch
        first ? rows only
Hibernate: 
    /* <criteria> */ select
        pr1_0.id,
        pr1_0.address_text,
        pr1_0.bio,
        pr1_0.created_at,
        pr1_0.curp,
        pr1_0.rejection_reason,
        pr1_0.reviewed_at,
        pr1_0.reviewed_by,
        pr1_0.rfc_homoclave,
        pr1_0.status,
        pr1_0.updated_at,
        pr1_0.user_id 
    from
        provider_applies pr1_0 
    offset
        ? rows 
    fetch
        first ? rows only
2025-11-09T12:58:46.921-08:00 DEBUG 17965 --- [JobsyApplication] [nio-8080-exec-6] org.hibernate.SQL                        : 
    select
        u1_0.id,
        u1_0.address_text,
        u1_0.avg_rating_cache,
        u1_0.bio,
        u1_0.country,
        u1_0.created_at,
        u1_0.curp,
        u1_0.firstname,
        u1_0.lastname,
        u1_0.lat,
        u1_0.lng,
        u1_0.password,
        u1_0.phone,
        p1_0.id,
        p1_0.image_id,
        p1_0.url,
        p1_0.user_id,
        u1_0.rfc_homoclave,
        u1_0.role,
        u1_0.service_radius_km,
        u1_0.username 
    from
        users u1_0 
    left join
        user_photos p1_0 
            on u1_0.id=p1_0.user_id 
    where
        u1_0.id=?
Hibernate: 
    select
        u1_0.id,
        u1_0.address_text,
        u1_0.avg_rating_cache,
        u1_0.bio,
        u1_0.country,
        u1_0.created_at,
        u1_0.curp,
        u1_0.firstname,
        u1_0.lastname,
        u1_0.lat,
        u1_0.lng,
        u1_0.password,
        u1_0.phone,
        p1_0.id,
        p1_0.image_id,
        p1_0.url,
        p1_0.user_id,
        u1_0.rfc_homoclave,
        u1_0.role,
        u1_0.service_radius_km,
        u1_0.username 
    from
        users u1_0 
    left join
        user_photos p1_0 
            on u1_0.id=p1_0.user_id 
    where
        u1_0.id=?
2025-11-09T12:58:47.006-08:00 DEBUG 17965 --- [JobsyApplication] [nio-8080-exec-6] org.hibernate.SQL                        : 
    select
        u1_0.id,
        u1_0.address_text,
        u1_0.avg_rating_cache,
        u1_0.bio,
        u1_0.country,
        u1_0.created_at,
        u1_0.curp,
        u1_0.firstname,
        u1_0.lastname,
        u1_0.lat,
        u1_0.lng,
        u1_0.password,
        u1_0.phone,
        p1_0.id,
        p1_0.image_id,
        p1_0.url,
        p1_0.user_id,
        u1_0.rfc_homoclave,
        u1_0.role,
        u1_0.service_radius_km,
        u1_0.username 
    from
        users u1_0 
    left join
        user_photos p1_0 
            on u1_0.id=p1_0.user_id 
    where
        u1_0.id=?
Hibernate: 
    select
        u1_0.id,
        u1_0.address_text,
        u1_0.avg_rating_cache,
        u1_0.bio,
        u1_0.country,
        u1_0.created_at,
        u1_0.curp,
        u1_0.firstname,
        u1_0.lastname,
        u1_0.lat,
        u1_0.lng,
        u1_0.password,
        u1_0.phone,
        p1_0.id,
        p1_0.image_id,
        p1_0.url,
        p1_0.user_id,
        u1_0.rfc_homoclave,
        u1_0.role,
        u1_0.service_radius_km,
        u1_0.username 
    from
        users u1_0 
    left join
        user_photos p1_0 
            on u1_0.id=p1_0.user_id 
    where
        u1_0.id=?
2025-11-09T12:58:47.093-08:00 DEBUG 17965 --- [JobsyApplication] [nio-8080-exec-6] org.hibernate.SQL                        : 
    select
        d1_0.provider_request_id,
        d1_0.id,
        d1_0.public_id,
        d1_0.url 
    from
        provider_documents d1_0 
    where
        d1_0.provider_request_id=?
Hibernate: 
    select
        d1_0.provider_request_id,
        d1_0.id,
        d1_0.public_id,
        d1_0.url 
    from
        provider_documents d1_0 
    where
        d1_0.provider_request_id=?
2025-11-09T12:58:47.177-08:00 DEBUG 17965 --- [JobsyApplication] [nio-8080-exec-6] org.hibernate.SQL                        : 
    select
        d1_0.provider_request_id,
        d1_0.id,
        d1_0.public_id,
        d1_0.url 
    from
        provider_documents d1_0 
    where
        d1_0.provider_request_id=?
Hibernate: 
    select
        d1_0.provider_request_id,
        d1_0.id,
        d1_0.public_id,
        d1_0.url 
    from
        provider_documents d1_0 
    where
        d1_0.provider_request_id=?
2025-11-09T12:58:47.262-08:00 DEBUG 17965 --- [JobsyApplication] [nio-8080-exec-6] org.hibernate.SQL                        : 
    select
        d1_0.provider_request_id,
        d1_0.id,
        d1_0.public_id,
        d1_0.url 
    from
        provider_documents d1_0 
    where
        d1_0.provider_request_id=?
Hibernate: 
    select
        d1_0.provider_request_id,
        d1_0.id,
        d1_0.public_id,
        d1_0.url 
    from
        provider_documents d1_0 
    where
        d1_0.provider_request_id=?
2025-11-09T12:58:47.347-08:00 DEBUG 17965 --- [JobsyApplication] [nio-8080-exec-6] org.hibernate.SQL                        : 
    select
        d1_0.provider_request_id,
        d1_0.id,
        d1_0.public_id,
        d1_0.url 
    from
        provider_documents d1_0 
    where
        d1_0.provider_request_id=?
Hibernate: 
    select
        d1_0.provider_request_id,
        d1_0.id,
        d1_0.public_id,
        d1_0.url 
    from
        provider_documents d1_0 
    where
        d1_0.provider_request_id=?
2025-11-09T12:58:47.434-08:00 DEBUG 17965 --- [JobsyApplication] [nio-8080-exec-6] org.hibernate.SQL                        : 
    select
        d1_0.provider_request_id,
        d1_0.id,
        d1_0.public_id,
        d1_0.url 
    from
        provider_documents d1_0 
    where
        d1_0.provider_request_id=?
Hibernate: 
    select
        d1_0.provider_request_id,
        d1_0.id,
        d1_0.public_id,
        d1_0.url 
    from
        provider_documents d1_0 
    where
        d1_0.provider_request_id=?
2025-11-09T12:58:47.518-08:00 DEBUG 17965 --- [JobsyApplication] [nio-8080-exec-6] org.hibernate.SQL                        : 
    select
        d1_0.provider_request_id,
        d1_0.id,
        d1_0.public_id,
        d1_0.url 
    from
        provider_documents d1_0 
    where
        d1_0.provider_request_id=?
Hibernate: 
    select
        d1_0.provider_request_id,
        d1_0.id,
        d1_0.public_id,
        d1_0.url 
    from
        provider_documents d1_0 
    where
        d1_0.provider_request_id=?
2025-11-09T12:58:47.603-08:00 DEBUG 17965 --- [JobsyApplication] [nio-8080-exec-6] org.hibernate.SQL                        : 
    select
        d1_0.provider_request_id,
        d1_0.id,
        d1_0.public_id,
        d1_0.url 
    from
        provider_documents d1_0 
    where
        d1_0.provider_request_id=?
Hibernate: 
    select
        d1_0.provider_request_id,
        d1_0.id,
        d1_0.public_id,
        d1_0.url 
    from
        provider_documents d1_0 
    where
        d1_0.provider_request_id=?
2025-11-09T12:58:47.688-08:00 DEBUG 17965 --- [JobsyApplication] [nio-8080-exec-6] org.hibernate.SQL                        : 
    select
        d1_0.provider_request_id,
        d1_0.id,
        d1_0.public_id,
        d1_0.url 
    from
        provider_documents d1_0 
    where
        d1_0.provider_request_id=?
Hibernate: 
    select
        d1_0.provider_request_id,
        d1_0.id,
        d1_0.public_id,
        d1_0.url 
    from
        provider_documents d1_0 
    where
        d1_0.provider_request_id=?
2025-11-09T12:58:51.666-08:00 DEBUG 17965 --- [JobsyApplication] [nio-8080-exec-8] org.hibernate.SQL                        : 
    /* <criteria> */ select
        u1_0.id,
        u1_0.address_text,
        u1_0.avg_rating_cache,
        u1_0.bio,
        u1_0.country,
        u1_0.created_at,
        u1_0.curp,
        u1_0.firstname,
        u1_0.lastname,
        u1_0.lat,
        u1_0.lng,
        u1_0.password,
        u1_0.phone,
        u1_0.rfc_homoclave,
        u1_0.role,
        u1_0.service_radius_km,
        u1_0.username 
    from
        users u1_0 
    where
        u1_0.username=?
Hibernate: 
    /* <criteria> */ select
        u1_0.id,
        u1_0.address_text,
        u1_0.avg_rating_cache,
        u1_0.bio,
        u1_0.country,
        u1_0.created_at,
        u1_0.curp,
        u1_0.firstname,
        u1_0.lastname,
        u1_0.lat,
        u1_0.lng,
        u1_0.password,
        u1_0.phone,
        u1_0.rfc_homoclave,
        u1_0.role,
        u1_0.service_radius_km,
        u1_0.username 
    from
        users u1_0 
    where
        u1_0.username=?
2025-11-09T12:58:51.837-08:00 DEBUG 17965 --- [JobsyApplication] [nio-8080-exec-8] org.hibernate.SQL                        : 
    select
        up1_0.id,
        up1_0.image_id,
        up1_0.url,
        up1_0.user_id,
        u1_0.id,
        u1_0.address_text,
        u1_0.avg_rating_cache,
        u1_0.bio,
        u1_0.country,
        u1_0.created_at,
        u1_0.curp,
        u1_0.firstname,
        u1_0.lastname,
        u1_0.lat,
        u1_0.lng,
        u1_0.password,
        u1_0.phone,
        u1_0.rfc_homoclave,
        u1_0.role,
        u1_0.service_radius_km,
        u1_0.username 
    from
        user_photos up1_0 
    join
        users u1_0 
            on u1_0.id=up1_0.user_id 
    where
        up1_0.user_id=?
Hibernate: 
    select
        up1_0.id,
        up1_0.image_id,
        up1_0.url,
        up1_0.user_id,
        u1_0.id,
        u1_0.address_text,
        u1_0.avg_rating_cache,
        u1_0.bio,
        u1_0.country,
        u1_0.created_at,
        u1_0.curp,
        u1_0.firstname,
        u1_0.lastname,
        u1_0.lat,
        u1_0.lng,
        u1_0.password,
        u1_0.phone,
        u1_0.rfc_homoclave,
        u1_0.role,
        u1_0.service_radius_km,
        u1_0.username 
    from
        user_photos up1_0 
    join
        users u1_0 
            on u1_0.id=up1_0.user_id 
    where
        up1_0.user_id=?
2025-11-09T12:58:51.927-08:00 DEBUG 17965 --- [JobsyApplication] [nio-8080-exec-8] org.hibernate.SQL                        : 
    /* <criteria> */ select
        pr1_0.id,
        pr1_0.address_text,
        pr1_0.bio,
        pr1_0.created_at,
        pr1_0.curp,
        pr1_0.rejection_reason,
        pr1_0.reviewed_at,
        pr1_0.reviewed_by,
        pr1_0.rfc_homoclave,
        pr1_0.status,
        pr1_0.updated_at,
        pr1_0.user_id 
    from
        provider_applies pr1_0 
    offset
        ? rows 
    fetch
        first ? rows only
Hibernate: 
    /* <criteria> */ select
        pr1_0.id,
        pr1_0.address_text,
        pr1_0.bio,
        pr1_0.created_at,
        pr1_0.curp,
        pr1_0.rejection_reason,
        pr1_0.reviewed_at,
        pr1_0.reviewed_by,
        pr1_0.rfc_homoclave,
        pr1_0.status,
        pr1_0.updated_at,
        pr1_0.user_id 
    from
        provider_applies pr1_0 
    offset
        ? rows 
    fetch
        first ? rows only
2025-11-09T12:58:52.094-08:00 DEBUG 17965 --- [JobsyApplication] [nio-8080-exec-8] org.hibernate.SQL                        : 
    select
        u1_0.id,
        u1_0.address_text,
        u1_0.avg_rating_cache,
        u1_0.bio,
        u1_0.country,
        u1_0.created_at,
        u1_0.curp,
        u1_0.firstname,
        u1_0.lastname,
        u1_0.lat,
        u1_0.lng,
        u1_0.password,
        u1_0.phone,
        p1_0.id,
        p1_0.image_id,
        p1_0.url,
        p1_0.user_id,
        u1_0.rfc_homoclave,
        u1_0.role,
        u1_0.service_radius_km,
        u1_0.username 
    from
        users u1_0 
    left join
        user_photos p1_0 
            on u1_0.id=p1_0.user_id 
    where
        u1_0.id=?
Hibernate: 
    select
        u1_0.id,
        u1_0.address_text,
        u1_0.avg_rating_cache,
        u1_0.bio,
        u1_0.country,
        u1_0.created_at,
        u1_0.curp,
        u1_0.firstname,
        u1_0.lastname,
        u1_0.lat,
        u1_0.lng,
        u1_0.password,
        u1_0.phone,
        p1_0.id,
        p1_0.image_id,
        p1_0.url,
        p1_0.user_id,
        u1_0.rfc_homoclave,
        u1_0.role,
        u1_0.service_radius_km,
        u1_0.username 
    from
        users u1_0 
    left join
        user_photos p1_0 
            on u1_0.id=p1_0.user_id 
    where
        u1_0.id=?
2025-11-09T12:58:52.179-08:00 DEBUG 17965 --- [JobsyApplication] [nio-8080-exec-8] org.hibernate.SQL                        : 
    select
        u1_0.id,
        u1_0.address_text,
        u1_0.avg_rating_cache,
        u1_0.bio,
        u1_0.country,
        u1_0.created_at,
        u1_0.curp,
        u1_0.firstname,
        u1_0.lastname,
        u1_0.lat,
        u1_0.lng,
        u1_0.password,
        u1_0.phone,
        p1_0.id,
        p1_0.image_id,
        p1_0.url,
        p1_0.user_id,
        u1_0.rfc_homoclave,
        u1_0.role,
        u1_0.service_radius_km,
        u1_0.username 
    from
        users u1_0 
    left join
        user_photos p1_0 
            on u1_0.id=p1_0.user_id 
    where
        u1_0.id=?
Hibernate: 
    select
        u1_0.id,
        u1_0.address_text,
        u1_0.avg_rating_cache,
        u1_0.bio,
        u1_0.country,
        u1_0.created_at,
        u1_0.curp,
        u1_0.firstname,
        u1_0.lastname,
        u1_0.lat,
        u1_0.lng,
        u1_0.password,
        u1_0.phone,
        p1_0.id,
        p1_0.image_id,
        p1_0.url,
        p1_0.user_id,
        u1_0.rfc_homoclave,
        u1_0.role,
        u1_0.service_radius_km,
        u1_0.username 
    from
        users u1_0 
    left join
        user_photos p1_0 
            on u1_0.id=p1_0.user_id 
    where
        u1_0.id=?
2025-11-09T12:58:52.266-08:00 DEBUG 17965 --- [JobsyApplication] [nio-8080-exec-8] org.hibernate.SQL                        : 
    select
        d1_0.provider_request_id,
        d1_0.id,
        d1_0.public_id,
        d1_0.url 
    from
        provider_documents d1_0 
    where
        d1_0.provider_request_id=?
Hibernate: 
    select
        d1_0.provider_request_id,
        d1_0.id,
        d1_0.public_id,
        d1_0.url 
    from
        provider_documents d1_0 
    where
        d1_0.provider_request_id=?
2025-11-09T12:58:52.352-08:00 DEBUG 17965 --- [JobsyApplication] [nio-8080-exec-8] org.hibernate.SQL                        : 
    select
        d1_0.provider_request_id,
        d1_0.id,
        d1_0.public_id,
        d1_0.url 
    from
        provider_documents d1_0 
    where
        d1_0.provider_request_id=?
Hibernate: 
    select
        d1_0.provider_request_id,
        d1_0.id,
        d1_0.public_id,
        d1_0.url 
    from
        provider_documents d1_0 
    where
        d1_0.provider_request_id=?
2025-11-09T12:58:52.437-08:00 DEBUG 17965 --- [JobsyApplication] [nio-8080-exec-8] org.hibernate.SQL                        : 
    select
        d1_0.provider_request_id,
        d1_0.id,
        d1_0.public_id,
        d1_0.url 
    from
        provider_documents d1_0 
    where
        d1_0.provider_request_id=?
Hibernate: 
    select
        d1_0.provider_request_id,
        d1_0.id,
        d1_0.public_id,
        d1_0.url 
    from
        provider_documents d1_0 
    where
        d1_0.provider_request_id=?
2025-11-09T12:58:52.522-08:00 DEBUG 17965 --- [JobsyApplication] [nio-8080-exec-8] org.hibernate.SQL                        : 
    select
        d1_0.provider_request_id,
        d1_0.id,
        d1_0.public_id,
        d1_0.url 
    from
        provider_documents d1_0 
    where
        d1_0.provider_request_id=?
Hibernate: 
    select
        d1_0.provider_request_id,
        d1_0.id,
        d1_0.public_id,
        d1_0.url 
    from
        provider_documents d1_0 
    where
        d1_0.provider_request_id=?
2025-11-09T12:58:52.607-08:00 DEBUG 17965 --- [JobsyApplication] [nio-8080-exec-8] org.hibernate.SQL                        : 
    select
        d1_0.provider_request_id,
        d1_0.id,
        d1_0.public_id,
        d1_0.url 
    from
        provider_documents d1_0 
    where
        d1_0.provider_request_id=?
Hibernate: 
    select
        d1_0.provider_request_id,
        d1_0.id,
        d1_0.public_id,
        d1_0.url 
    from
        provider_documents d1_0 
    where
        d1_0.provider_request_id=?
2025-11-09T12:58:52.692-08:00 DEBUG 17965 --- [JobsyApplication] [nio-8080-exec-8] org.hibernate.SQL                        : 
    select
        d1_0.provider_request_id,
        d1_0.id,
        d1_0.public_id,
        d1_0.url 
    from
        provider_documents d1_0 
    where
        d1_0.provider_request_id=?
Hibernate: 
    select
        d1_0.provider_request_id,
        d1_0.id,
        d1_0.public_id,
        d1_0.url 
    from
        provider_documents d1_0 
    where
        d1_0.provider_request_id=?
2025-11-09T12:58:52.776-08:00 DEBUG 17965 --- [JobsyApplication] [nio-8080-exec-8] org.hibernate.SQL                        : 
    select
        d1_0.provider_request_id,
        d1_0.id,
        d1_0.public_id,
        d1_0.url 
    from
        provider_documents d1_0 
    where
        d1_0.provider_request_id=?
Hibernate: 
    select
        d1_0.provider_request_id,
        d1_0.id,
        d1_0.public_id,
        d1_0.url 
    from
        provider_documents d1_0 
    where
        d1_0.provider_request_id=?
2025-11-09T12:58:52.860-08:00 DEBUG 17965 --- [JobsyApplication] [nio-8080-exec-8] org.hibernate.SQL                        : 
    select
        d1_0.provider_request_id,
        d1_0.id,
        d1_0.public_id,
        d1_0.url 
    from
        provider_documents d1_0 
    where
        d1_0.provider_request_id=?
Hibernate: 
    select
        d1_0.provider_request_id,
        d1_0.id,
        d1_0.public_id,
        d1_0.url 
    from
        provider_documents d1_0 
    where
        d1_0.provider_request_id=?
2025-11-09T12:58:56.568-08:00 DEBUG 17965 --- [JobsyApplication] [nio-8080-exec-1] org.hibernate.SQL                        : 
    /* <criteria> */ select
        u1_0.id,
        u1_0.address_text,
        u1_0.avg_rating_cache,
        u1_0.bio,
        u1_0.country,
        u1_0.created_at,
        u1_0.curp,
        u1_0.firstname,
        u1_0.lastname,
        u1_0.lat,
        u1_0.lng,
        u1_0.password,
        u1_0.phone,
        u1_0.rfc_homoclave,
        u1_0.role,
        u1_0.service_radius_km,
        u1_0.username 
    from
        users u1_0 
    where
        u1_0.username=?
Hibernate: 
    /* <criteria> */ select
        u1_0.id,
        u1_0.address_text,
        u1_0.avg_rating_cache,
        u1_0.bio,
        u1_0.country,
        u1_0.created_at,
        u1_0.curp,
        u1_0.firstname,
        u1_0.lastname,
        u1_0.lat,
        u1_0.lng,
        u1_0.password,
        u1_0.phone,
        u1_0.rfc_homoclave,
        u1_0.role,
        u1_0.service_radius_km,
        u1_0.username 
    from
        users u1_0 
    where
        u1_0.username=?
2025-11-09T12:58:56.745-08:00 DEBUG 17965 --- [JobsyApplication] [nio-8080-exec-1] org.hibernate.SQL                        : 
    select
        up1_0.id,
        up1_0.image_id,
        up1_0.url,
        up1_0.user_id,
        u1_0.id,
        u1_0.address_text,
        u1_0.avg_rating_cache,
        u1_0.bio,
        u1_0.country,
        u1_0.created_at,
        u1_0.curp,
        u1_0.firstname,
        u1_0.lastname,
        u1_0.lat,
        u1_0.lng,
        u1_0.password,
        u1_0.phone,
        u1_0.rfc_homoclave,
        u1_0.role,
        u1_0.service_radius_km,
        u1_0.username 
    from
        user_photos up1_0 
    join
        users u1_0 
            on u1_0.id=up1_0.user_id 
    where
        up1_0.user_id=?
Hibernate: 
    select
        up1_0.id,
        up1_0.image_id,
        up1_0.url,
        up1_0.user_id,
        u1_0.id,
        u1_0.address_text,
        u1_0.avg_rating_cache,
        u1_0.bio,
        u1_0.country,
        u1_0.created_at,
        u1_0.curp,
        u1_0.firstname,
        u1_0.lastname,
        u1_0.lat,
        u1_0.lng,
        u1_0.password,
        u1_0.phone,
        u1_0.rfc_homoclave,
        u1_0.role,
        u1_0.service_radius_km,
        u1_0.username 
    from
        user_photos up1_0 
    join
        users u1_0 
            on u1_0.id=up1_0.user_id 
    where
        up1_0.user_id=?
2025-11-09T12:58:56.837-08:00 DEBUG 17965 --- [JobsyApplication] [nio-8080-exec-1] org.hibernate.SQL                        : 
    /* <criteria> */ select
        pr1_0.id,
        pr1_0.address_text,
        pr1_0.bio,
        pr1_0.created_at,
        pr1_0.curp,
        pr1_0.rejection_reason,
        pr1_0.reviewed_at,
        pr1_0.reviewed_by,
        pr1_0.rfc_homoclave,
        pr1_0.status,
        pr1_0.updated_at,
        pr1_0.user_id 
    from
        provider_applies pr1_0 
    offset
        ? rows 
    fetch
        first ? rows only
Hibernate: 
    /* <criteria> */ select
        pr1_0.id,
        pr1_0.address_text,
        pr1_0.bio,
        pr1_0.created_at,
        pr1_0.curp,
        pr1_0.rejection_reason,
        pr1_0.reviewed_at,
        pr1_0.reviewed_by,
        pr1_0.rfc_homoclave,
        pr1_0.status,
        pr1_0.updated_at,
        pr1_0.user_id 
    from
        provider_applies pr1_0 
    offset
        ? rows 
    fetch
        first ? rows only
2025-11-09T12:58:56.926-08:00 DEBUG 17965 --- [JobsyApplication] [nio-8080-exec-1] org.hibernate.SQL                        : 
    select
        u1_0.id,
        u1_0.address_text,
        u1_0.avg_rating_cache,
        u1_0.bio,
        u1_0.country,
        u1_0.created_at,
        u1_0.curp,
        u1_0.firstname,
        u1_0.lastname,
        u1_0.lat,
        u1_0.lng,
        u1_0.password,
        u1_0.phone,
        p1_0.id,
        p1_0.image_id,
        p1_0.url,
        p1_0.user_id,
        u1_0.rfc_homoclave,
        u1_0.role,
        u1_0.service_radius_km,
        u1_0.username 
    from
        users u1_0 
    left join
        user_photos p1_0 
            on u1_0.id=p1_0.user_id 
    where
        u1_0.id=?
Hibernate: 
    select
        u1_0.id,
        u1_0.address_text,
        u1_0.avg_rating_cache,
        u1_0.bio,
        u1_0.country,
        u1_0.created_at,
        u1_0.curp,
        u1_0.firstname,
        u1_0.lastname,
        u1_0.lat,
        u1_0.lng,
        u1_0.password,
        u1_0.phone,
        p1_0.id,
        p1_0.image_id,
        p1_0.url,
        p1_0.user_id,
        u1_0.rfc_homoclave,
        u1_0.role,
        u1_0.service_radius_km,
        u1_0.username 
    from
        users u1_0 
    left join
        user_photos p1_0 
            on u1_0.id=p1_0.user_id 
    where
        u1_0.id=?
2025-11-09T12:58:57.014-08:00 DEBUG 17965 --- [JobsyApplication] [nio-8080-exec-1] org.hibernate.SQL                        : 
    select
        u1_0.id,
        u1_0.address_text,
        u1_0.avg_rating_cache,
        u1_0.bio,
        u1_0.country,
        u1_0.created_at,
        u1_0.curp,
        u1_0.firstname,
        u1_0.lastname,
        u1_0.lat,
        u1_0.lng,
        u1_0.password,
        u1_0.phone,
        p1_0.id,
        p1_0.image_id,
        p1_0.url,
        p1_0.user_id,
        u1_0.rfc_homoclave,
        u1_0.role,
        u1_0.service_radius_km,
        u1_0.username 
    from
        users u1_0 
    left join
        user_photos p1_0 
            on u1_0.id=p1_0.user_id 
    where
        u1_0.id=?
Hibernate: 
    select
        u1_0.id,
        u1_0.address_text,
        u1_0.avg_rating_cache,
        u1_0.bio,
        u1_0.country,
        u1_0.created_at,
        u1_0.curp,
        u1_0.firstname,
        u1_0.lastname,
        u1_0.lat,
        u1_0.lng,
        u1_0.password,
        u1_0.phone,
        p1_0.id,
        p1_0.image_id,
        p1_0.url,
        p1_0.user_id,
        u1_0.rfc_homoclave,
        u1_0.role,
        u1_0.service_radius_km,
        u1_0.username 
    from
        users u1_0 
    left join
        user_photos p1_0 
            on u1_0.id=p1_0.user_id 
    where
        u1_0.id=?
2025-11-09T12:58:57.104-08:00 DEBUG 17965 --- [JobsyApplication] [nio-8080-exec-1] org.hibernate.SQL                        : 
    select
        d1_0.provider_request_id,
        d1_0.id,
        d1_0.public_id,
        d1_0.url 
    from
        provider_documents d1_0 
    where
        d1_0.provider_request_id=?
Hibernate: 
    select
        d1_0.provider_request_id,
        d1_0.id,
        d1_0.public_id,
        d1_0.url 
    from
        provider_documents d1_0 
    where
        d1_0.provider_request_id=?
2025-11-09T12:58:57.191-08:00 DEBUG 17965 --- [JobsyApplication] [nio-8080-exec-1] org.hibernate.SQL                        : 
    select
        d1_0.provider_request_id,
        d1_0.id,
        d1_0.public_id,
        d1_0.url 
    from
        provider_documents d1_0 
    where
        d1_0.provider_request_id=?
Hibernate: 
    select
        d1_0.provider_request_id,
        d1_0.id,
        d1_0.public_id,
        d1_0.url 
    from
        provider_documents d1_0 
    where
        d1_0.provider_request_id=?
2025-11-09T12:58:57.280-08:00 DEBUG 17965 --- [JobsyApplication] [nio-8080-exec-1] org.hibernate.SQL                        : 
    select
        d1_0.provider_request_id,
        d1_0.id,
        d1_0.public_id,
        d1_0.url 
    from
        provider_documents d1_0 
    where
        d1_0.provider_request_id=?
Hibernate: 
    select
        d1_0.provider_request_id,
        d1_0.id,
        d1_0.public_id,
        d1_0.url 
    from
        provider_documents d1_0 
    where
        d1_0.provider_request_id=?
2025-11-09T12:58:57.368-08:00 DEBUG 17965 --- [JobsyApplication] [nio-8080-exec-1] org.hibernate.SQL                        : 
    select
        d1_0.provider_request_id,
        d1_0.id,
        d1_0.public_id,
        d1_0.url 
    from
        provider_documents d1_0 
    where
        d1_0.provider_request_id=?
Hibernate: 
    select
        d1_0.provider_request_id,
        d1_0.id,
        d1_0.public_id,
        d1_0.url 
    from
        provider_documents d1_0 
    where
        d1_0.provider_request_id=?
2025-11-09T12:58:57.456-08:00 DEBUG 17965 --- [JobsyApplication] [nio-8080-exec-1] org.hibernate.SQL                        : 
    select
        d1_0.provider_request_id,
        d1_0.id,
        d1_0.public_id,
        d1_0.url 
    from
        provider_documents d1_0 
    where
        d1_0.provider_request_id=?
Hibernate: 
    select
        d1_0.provider_request_id,
        d1_0.id,
        d1_0.public_id,
        d1_0.url 
    from
        provider_documents d1_0 
    where
        d1_0.provider_request_id=?
2025-11-09T12:58:57.544-08:00 DEBUG 17965 --- [JobsyApplication] [nio-8080-exec-1] org.hibernate.SQL                        : 
    select
        d1_0.provider_request_id,
        d1_0.id,
        d1_0.public_id,
        d1_0.url 
    from
        provider_documents d1_0 
    where
        d1_0.provider_request_id=?
Hibernate: 
    select
        d1_0.provider_request_id,
        d1_0.id,
        d1_0.public_id,
        d1_0.url 
    from
        provider_documents d1_0 
    where
        d1_0.provider_request_id=?
2025-11-09T12:58:57.632-08:00 DEBUG 17965 --- [JobsyApplication] [nio-8080-exec-1] org.hibernate.SQL                        : 
    select
        d1_0.provider_request_id,
        d1_0.id,
        d1_0.public_id,
        d1_0.url 
    from
        provider_documents d1_0 
    where
        d1_0.provider_request_id=?
Hibernate: 
    select
        d1_0.provider_request_id,
        d1_0.id,
        d1_0.public_id,
        d1_0.url 
    from
        provider_documents d1_0 
    where
        d1_0.provider_request_id=?
2025-11-09T12:58:57.722-08:00 DEBUG 17965 --- [JobsyApplication] [nio-8080-exec-1] org.hibernate.SQL                        : 
    select
        d1_0.provider_request_id,
        d1_0.id,
        d1_0.public_id,
        d1_0.url 
    from
        provider_documents d1_0 
    where
        d1_0.provider_request_id=?
Hibernate: 
    select
        d1_0.provider_request_id,
        d1_0.id,
        d1_0.public_id,
        d1_0.url 
    from
        provider_documents d1_0 
    where
        d1_0.provider_request_id=?
2025-11-09T12:59:10.469-08:00 DEBUG 17965 --- [JobsyApplication] [nio-8080-exec-8] org.hibernate.SQL                        : 
    /* <criteria> */ select
        u1_0.id,
        u1_0.address_text,
        u1_0.avg_rating_cache,
        u1_0.bio,
        u1_0.country,
        u1_0.created_at,
        u1_0.curp,
        u1_0.firstname,
        u1_0.lastname,
        u1_0.lat,
        u1_0.lng,
        u1_0.password,
        u1_0.phone,
        u1_0.rfc_homoclave,
        u1_0.role,
        u1_0.service_radius_km,
        u1_0.username 
    from
        users u1_0 
    where
        u1_0.username=?
Hibernate: 
    /* <criteria> */ select
        u1_0.id,
        u1_0.address_text,
        u1_0.avg_rating_cache,
        u1_0.bio,
        u1_0.country,
        u1_0.created_at,
        u1_0.curp,
        u1_0.firstname,
        u1_0.lastname,
        u1_0.lat,
        u1_0.lng,
        u1_0.password,
        u1_0.phone,
        u1_0.rfc_homoclave,
        u1_0.role,
        u1_0.service_radius_km,
        u1_0.username 
    from
        users u1_0 
    where
        u1_0.username=?
2025-11-09T12:59:10.641-08:00 DEBUG 17965 --- [JobsyApplication] [nio-8080-exec-8] org.hibernate.SQL                        : 
    select
        up1_0.id,
        up1_0.image_id,
        up1_0.url,
        up1_0.user_id,
        u1_0.id,
        u1_0.address_text,
        u1_0.avg_rating_cache,
        u1_0.bio,
        u1_0.country,
        u1_0.created_at,
        u1_0.curp,
        u1_0.firstname,
        u1_0.lastname,
        u1_0.lat,
        u1_0.lng,
        u1_0.password,
        u1_0.phone,
        u1_0.rfc_homoclave,
        u1_0.role,
        u1_0.service_radius_km,
        u1_0.username 
    from
        user_photos up1_0 
    join
        users u1_0 
            on u1_0.id=up1_0.user_id 
    where
        up1_0.user_id=?
Hibernate: 
    select
        up1_0.id,
        up1_0.image_id,
        up1_0.url,
        up1_0.user_id,
        u1_0.id,
        u1_0.address_text,
        u1_0.avg_rating_cache,
        u1_0.bio,
        u1_0.country,
        u1_0.created_at,
        u1_0.curp,
        u1_0.firstname,
        u1_0.lastname,
        u1_0.lat,
        u1_0.lng,
        u1_0.password,
        u1_0.phone,
        u1_0.rfc_homoclave,
        u1_0.role,
        u1_0.service_radius_km,
        u1_0.username 
    from
        user_photos up1_0 
    join
        users u1_0 
            on u1_0.id=up1_0.user_id 
    where
        up1_0.user_id=?
2025-11-09T12:59:10.806-08:00 DEBUG 17965 --- [JobsyApplication] [nio-8080-exec-8] org.hibernate.SQL                        : 
    /* <criteria> */ select
        u1_0.id,
        u1_0.address_text,
        u1_0.avg_rating_cache,
        u1_0.bio,
        u1_0.country,
        u1_0.created_at,
        u1_0.curp,
        u1_0.firstname,
        u1_0.lastname,
        u1_0.lat,
        u1_0.lng,
        u1_0.password,
        u1_0.phone,
        u1_0.rfc_homoclave,
        u1_0.role,
        u1_0.service_radius_km,
        u1_0.username 
    from
        users u1_0 
    where
        u1_0.username=?
Hibernate: 
    /* <criteria> */ select
        u1_0.id,
        u1_0.address_text,
        u1_0.avg_rating_cache,
        u1_0.bio,
        u1_0.country,
        u1_0.created_at,
        u1_0.curp,
        u1_0.firstname,
        u1_0.lastname,
        u1_0.lat,
        u1_0.lng,
        u1_0.password,
        u1_0.phone,
        u1_0.rfc_homoclave,
        u1_0.role,
        u1_0.service_radius_km,
        u1_0.username 
    from
        users u1_0 
    where
        u1_0.username=?
2025-11-09T12:59:10.892-08:00 DEBUG 17965 --- [JobsyApplication] [nio-8080-exec-8] org.hibernate.SQL                        : 
    select
        up1_0.id,
        up1_0.image_id,
        up1_0.url,
        up1_0.user_id,
        u1_0.id,
        u1_0.address_text,
        u1_0.avg_rating_cache,
        u1_0.bio,
        u1_0.country,
        u1_0.created_at,
        u1_0.curp,
        u1_0.firstname,
        u1_0.lastname,
        u1_0.lat,
        u1_0.lng,
        u1_0.password,
        u1_0.phone,
        u1_0.rfc_homoclave,
        u1_0.role,
        u1_0.service_radius_km,
        u1_0.username 
    from
        user_photos up1_0 
    join
        users u1_0 
            on u1_0.id=up1_0.user_id 
    where
        up1_0.user_id=?
Hibernate: 
    select
        up1_0.id,
        up1_0.image_id,
        up1_0.url,
        up1_0.user_id,
        u1_0.id,
        u1_0.address_text,
        u1_0.avg_rating_cache,
        u1_0.bio,
        u1_0.country,
        u1_0.created_at,
        u1_0.curp,
        u1_0.firstname,
        u1_0.lastname,
        u1_0.lat,
        u1_0.lng,
        u1_0.password,
        u1_0.phone,
        u1_0.rfc_homoclave,
        u1_0.role,
        u1_0.service_radius_km,
        u1_0.username 
    from
        user_photos up1_0 
    join
        users u1_0 
            on u1_0.id=up1_0.user_id 
    where
        up1_0.user_id=?
2025-11-09T12:59:11.234-08:00 DEBUG 17965 --- [JobsyApplication] [nio-8080-exec-5] org.hibernate.SQL                        : 
    /* <criteria> */ select
        u1_0.id,
        u1_0.address_text,
        u1_0.avg_rating_cache,
        u1_0.bio,
        u1_0.country,
        u1_0.created_at,
        u1_0.curp,
        u1_0.firstname,
        u1_0.lastname,
        u1_0.lat,
        u1_0.lng,
        u1_0.password,
        u1_0.phone,
        u1_0.rfc_homoclave,
        u1_0.role,
        u1_0.service_radius_km,
        u1_0.username 
    from
        users u1_0 
    where
        u1_0.username=?
Hibernate: 
    /* <criteria> */ select
        u1_0.id,
        u1_0.address_text,
        u1_0.avg_rating_cache,
        u1_0.bio,
        u1_0.country,
        u1_0.created_at,
        u1_0.curp,
        u1_0.firstname,
        u1_0.lastname,
        u1_0.lat,
        u1_0.lng,
        u1_0.password,
        u1_0.phone,
        u1_0.rfc_homoclave,
        u1_0.role,
        u1_0.service_radius_km,
        u1_0.username 
    from
        users u1_0 
    where
        u1_0.username=?
2025-11-09T12:59:11.409-08:00 DEBUG 17965 --- [JobsyApplication] [nio-8080-exec-5] org.hibernate.SQL                        : 
    select
        up1_0.id,
        up1_0.image_id,
        up1_0.url,
        up1_0.user_id,
        u1_0.id,
        u1_0.address_text,
        u1_0.avg_rating_cache,
        u1_0.bio,
        u1_0.country,
        u1_0.created_at,
        u1_0.curp,
        u1_0.firstname,
        u1_0.lastname,
        u1_0.lat,
        u1_0.lng,
        u1_0.password,
        u1_0.phone,
        u1_0.rfc_homoclave,
        u1_0.role,
        u1_0.service_radius_km,
        u1_0.username 
    from
        user_photos up1_0 
    join
        users u1_0 
            on u1_0.id=up1_0.user_id 
    where
        up1_0.user_id=?
Hibernate: 
    select
        up1_0.id,
        up1_0.image_id,
        up1_0.url,
        up1_0.user_id,
        u1_0.id,
        u1_0.address_text,
        u1_0.avg_rating_cache,
        u1_0.bio,
        u1_0.country,
        u1_0.created_at,
        u1_0.curp,
        u1_0.firstname,
        u1_0.lastname,
        u1_0.lat,
        u1_0.lng,
        u1_0.password,
        u1_0.phone,
        u1_0.rfc_homoclave,
        u1_0.role,
        u1_0.service_radius_km,
        u1_0.username 
    from
        user_photos up1_0 
    join
        users u1_0 
            on u1_0.id=up1_0.user_id 
    where
        up1_0.user_id=?
2025-11-09T12:59:11.879-08:00 DEBUG 17965 --- [JobsyApplication] [nio-8080-exec-2] org.hibernate.SQL                        : 
    /* <criteria> */ select
        u1_0.id,
        u1_0.address_text,
        u1_0.avg_rating_cache,
        u1_0.bio,
        u1_0.country,
        u1_0.created_at,
        u1_0.curp,
        u1_0.firstname,
        u1_0.lastname,
        u1_0.lat,
        u1_0.lng,
        u1_0.password,
        u1_0.phone,
        u1_0.rfc_homoclave,
        u1_0.role,
        u1_0.service_radius_km,
        u1_0.username 
    from
        users u1_0 
    where
        u1_0.username=?
Hibernate: 
    /* <criteria> */ select
        u1_0.id,
        u1_0.address_text,
        u1_0.avg_rating_cache,
        u1_0.bio,
        u1_0.country,
        u1_0.created_at,
        u1_0.curp,
        u1_0.firstname,
        u1_0.lastname,
        u1_0.lat,
        u1_0.lng,
        u1_0.password,
        u1_0.phone,
        u1_0.rfc_homoclave,
        u1_0.role,
        u1_0.service_radius_km,
        u1_0.username 
    from
        users u1_0 
    where
        u1_0.username=?
2025-11-09T12:59:11.879-08:00 DEBUG 17965 --- [JobsyApplication] [nio-8080-exec-8] org.hibernate.SQL                        : 
    /* <criteria> */ select
        u1_0.id,
        u1_0.address_text,
        u1_0.avg_rating_cache,
        u1_0.bio,
        u1_0.country,
        u1_0.created_at,
        u1_0.curp,
        u1_0.firstname,
        u1_0.lastname,
        u1_0.lat,
        u1_0.lng,
        u1_0.password,
        u1_0.phone,
        u1_0.rfc_homoclave,
        u1_0.role,
        u1_0.service_radius_km,
        u1_0.username 
    from
        users u1_0 
    where
        u1_0.username=?
Hibernate: 
    /* <criteria> */ select
        u1_0.id,
        u1_0.address_text,
        u1_0.avg_rating_cache,
        u1_0.bio,
        u1_0.country,
        u1_0.created_at,
        u1_0.curp,
        u1_0.firstname,
        u1_0.lastname,
        u1_0.lat,
        u1_0.lng,
        u1_0.password,
        u1_0.phone,
        u1_0.rfc_homoclave,
        u1_0.role,
        u1_0.service_radius_km,
        u1_0.username 
    from
        users u1_0 
    where
        u1_0.username=?
2025-11-09T12:59:11.879-08:00 DEBUG 17965 --- [JobsyApplication] [nio-8080-exec-1] org.hibernate.SQL                        : 
    /* <criteria> */ select
        u1_0.id,
        u1_0.address_text,
        u1_0.avg_rating_cache,
        u1_0.bio,
        u1_0.country,
        u1_0.created_at,
        u1_0.curp,
        u1_0.firstname,
        u1_0.lastname,
        u1_0.lat,
        u1_0.lng,
        u1_0.password,
        u1_0.phone,
        u1_0.rfc_homoclave,
        u1_0.role,
        u1_0.service_radius_km,
        u1_0.username 
    from
        users u1_0 
    where
        u1_0.username=?
Hibernate: 
    /* <criteria> */ select
        u1_0.id,
        u1_0.address_text,
        u1_0.avg_rating_cache,
        u1_0.bio,
        u1_0.country,
        u1_0.created_at,
        u1_0.curp,
        u1_0.firstname,
        u1_0.lastname,
        u1_0.lat,
        u1_0.lng,
        u1_0.password,
        u1_0.phone,
        u1_0.rfc_homoclave,
        u1_0.role,
        u1_0.service_radius_km,
        u1_0.username 
    from
        users u1_0 
    where
        u1_0.username=?
2025-11-09T12:59:11.888-08:00 DEBUG 17965 --- [JobsyApplication] [nio-8080-exec-5] org.hibernate.SQL                        : 
    /* <criteria> */ select
        u1_0.id,
        u1_0.address_text,
        u1_0.avg_rating_cache,
        u1_0.bio,
        u1_0.country,
        u1_0.created_at,
        u1_0.curp,
        u1_0.firstname,
        u1_0.lastname,
        u1_0.lat,
        u1_0.lng,
        u1_0.password,
        u1_0.phone,
        u1_0.rfc_homoclave,
        u1_0.role,
        u1_0.service_radius_km,
        u1_0.username 
    from
        users u1_0 
    where
        u1_0.username=?
Hibernate: 
    /* <criteria> */ select
        u1_0.id,
        u1_0.address_text,
        u1_0.avg_rating_cache,
        u1_0.bio,
        u1_0.country,
        u1_0.created_at,
        u1_0.curp,
        u1_0.firstname,
        u1_0.lastname,
        u1_0.lat,
        u1_0.lng,
        u1_0.password,
        u1_0.phone,
        u1_0.rfc_homoclave,
        u1_0.role,
        u1_0.service_radius_km,
        u1_0.username 
    from
        users u1_0 
    where
        u1_0.username=?
2025-11-09T12:59:11.966-08:00 DEBUG 17965 --- [JobsyApplication] [nio-8080-exec-2] org.hibernate.SQL                        : 
    select
        up1_0.id,
        up1_0.image_id,
        up1_0.url,
        up1_0.user_id,
        u1_0.id,
        u1_0.address_text,
        u1_0.avg_rating_cache,
        u1_0.bio,
        u1_0.country,
        u1_0.created_at,
        u1_0.curp,
        u1_0.firstname,
        u1_0.lastname,
        u1_0.lat,
        u1_0.lng,
        u1_0.password,
        u1_0.phone,
        u1_0.rfc_homoclave,
        u1_0.role,
        u1_0.service_radius_km,
        u1_0.username 
    from
        user_photos up1_0 
    join
        users u1_0 
            on u1_0.id=up1_0.user_id 
    where
        up1_0.user_id=?
Hibernate: 
    select
        up1_0.id,
        up1_0.image_id,
        up1_0.url,
        up1_0.user_id,
        u1_0.id,
        u1_0.address_text,
        u1_0.avg_rating_cache,
        u1_0.bio,
        u1_0.country,
        u1_0.created_at,
        u1_0.curp,
        u1_0.firstname,
        u1_0.lastname,
        u1_0.lat,
        u1_0.lng,
        u1_0.password,
        u1_0.phone,
        u1_0.rfc_homoclave,
        u1_0.role,
        u1_0.service_radius_km,
        u1_0.username 
    from
        user_photos up1_0 
    join
        users u1_0 
            on u1_0.id=up1_0.user_id 
    where
        up1_0.user_id=?
2025-11-09T12:59:12.048-08:00 DEBUG 17965 --- [JobsyApplication] [nio-8080-exec-8] org.hibernate.SQL                        : 
    select
        up1_0.id,
        up1_0.image_id,
        up1_0.url,
        up1_0.user_id,
        u1_0.id,
        u1_0.address_text,
        u1_0.avg_rating_cache,
        u1_0.bio,
        u1_0.country,
        u1_0.created_at,
        u1_0.curp,
        u1_0.firstname,
        u1_0.lastname,
        u1_0.lat,
        u1_0.lng,
        u1_0.password,
        u1_0.phone,
        u1_0.rfc_homoclave,
        u1_0.role,
        u1_0.service_radius_km,
        u1_0.username 
    from
        user_photos up1_0 
    join
        users u1_0 
            on u1_0.id=up1_0.user_id 
    where
        up1_0.user_id=?
Hibernate: 
    select
        up1_0.id,
        up1_0.image_id,
        up1_0.url,
        up1_0.user_id,
        u1_0.id,
        u1_0.address_text,
        u1_0.avg_rating_cache,
        u1_0.bio,
        u1_0.country,
        u1_0.created_at,
        u1_0.curp,
        u1_0.firstname,
        u1_0.lastname,
        u1_0.lat,
        u1_0.lng,
        u1_0.password,
        u1_0.phone,
        u1_0.rfc_homoclave,
        u1_0.role,
        u1_0.service_radius_km,
        u1_0.username 
    from
        user_photos up1_0 
    join
        users u1_0 
            on u1_0.id=up1_0.user_id 
    where
        up1_0.user_id=?
2025-11-09T12:59:12.056-08:00 DEBUG 17965 --- [JobsyApplication] [nio-8080-exec-1] org.hibernate.SQL                        : 
    select
        up1_0.id,
        up1_0.image_id,
        up1_0.url,
        up1_0.user_id,
        u1_0.id,
        u1_0.address_text,
        u1_0.avg_rating_cache,
        u1_0.bio,
        u1_0.country,
        u1_0.created_at,
        u1_0.curp,
        u1_0.firstname,
        u1_0.lastname,
        u1_0.lat,
        u1_0.lng,
        u1_0.password,
        u1_0.phone,
        u1_0.rfc_homoclave,
        u1_0.role,
        u1_0.service_radius_km,
        u1_0.username 
    from
        user_photos up1_0 
    join
        users u1_0 
            on u1_0.id=up1_0.user_id 
    where
        up1_0.user_id=?
Hibernate: 
    select
        up1_0.id,
        up1_0.image_id,
        up1_0.url,
        up1_0.user_id,
        u1_0.id,
        u1_0.address_text,
        u1_0.avg_rating_cache,
        u1_0.bio,
        u1_0.country,
        u1_0.created_at,
        u1_0.curp,
        u1_0.firstname,
        u1_0.lastname,
        u1_0.lat,
        u1_0.lng,
        u1_0.password,
        u1_0.phone,
        u1_0.rfc_homoclave,
        u1_0.role,
        u1_0.service_radius_km,
        u1_0.username 
    from
        user_photos up1_0 
    join
        users u1_0 
            on u1_0.id=up1_0.user_id 
    where
        up1_0.user_id=?
2025-11-09T12:59:12.057-08:00 DEBUG 17965 --- [JobsyApplication] [nio-8080-exec-5] org.hibernate.SQL                        : 
    select
        up1_0.id,
        up1_0.image_id,
        up1_0.url,
        up1_0.user_id,
        u1_0.id,
        u1_0.address_text,
        u1_0.avg_rating_cache,
        u1_0.bio,
        u1_0.country,
        u1_0.created_at,
        u1_0.curp,
        u1_0.firstname,
        u1_0.lastname,
        u1_0.lat,
        u1_0.lng,
        u1_0.password,
        u1_0.phone,
        u1_0.rfc_homoclave,
        u1_0.role,
        u1_0.service_radius_km,
        u1_0.username 
    from
        user_photos up1_0 
    join
        users u1_0 
            on u1_0.id=up1_0.user_id 
    where
        up1_0.user_id=?
Hibernate: 
    select
        up1_0.id,
        up1_0.image_id,
        up1_0.url,
        up1_0.user_id,
        u1_0.id,
        u1_0.address_text,
        u1_0.avg_rating_cache,
        u1_0.bio,
        u1_0.country,
        u1_0.created_at,
        u1_0.curp,
        u1_0.firstname,
        u1_0.lastname,
        u1_0.lat,
        u1_0.lng,
        u1_0.password,
        u1_0.phone,
        u1_0.rfc_homoclave,
        u1_0.role,
        u1_0.service_radius_km,
        u1_0.username 
    from
        user_photos up1_0 
    join
        users u1_0 
            on u1_0.id=up1_0.user_id 
    where
        up1_0.user_id=?
2025-11-09T12:59:12.058-08:00 DEBUG 17965 --- [JobsyApplication] [nio-8080-exec-2] org.hibernate.SQL                        : 
    /* <criteria> */ select
        pr1_0.id,
        pr1_0.address_text,
        pr1_0.bio,
        pr1_0.created_at,
        pr1_0.curp,
        pr1_0.rejection_reason,
        pr1_0.reviewed_at,
        pr1_0.reviewed_by,
        pr1_0.rfc_homoclave,
        pr1_0.status,
        pr1_0.updated_at,
        pr1_0.user_id 
    from
        provider_applies pr1_0 
    offset
        ? rows 
    fetch
        first ? rows only
Hibernate: 
    /* <criteria> */ select
        pr1_0.id,
        pr1_0.address_text,
        pr1_0.bio,
        pr1_0.created_at,
        pr1_0.curp,
        pr1_0.rejection_reason,
        pr1_0.reviewed_at,
        pr1_0.reviewed_by,
        pr1_0.rfc_homoclave,
        pr1_0.status,
        pr1_0.updated_at,
        pr1_0.user_id 
    from
        provider_applies pr1_0 
    offset
        ? rows 
    fetch
        first ? rows only
2025-11-09T12:59:12.138-08:00 DEBUG 17965 --- [JobsyApplication] [nio-8080-exec-8] org.hibernate.SQL                        : 
    /* <criteria> */ select
        n1_0.id,
        n1_0.created_at,
        n1_0.message,
        n1_0.read,
        n1_0.recipient_id,
        n1_0.title,
        n1_0.type 
    from
        notifications n1_0 
    left join
        users r1_0 
            on r1_0.id=n1_0.recipient_id 
    where
        r1_0.id=? 
    order by
        n1_0.created_at desc,
        n1_0.created_at desc 
    fetch
        first ? rows only
Hibernate: 
    /* <criteria> */ select
        n1_0.id,
        n1_0.created_at,
        n1_0.message,
        n1_0.read,
        n1_0.recipient_id,
        n1_0.title,
        n1_0.type 
    from
        notifications n1_0 
    left join
        users r1_0 
            on r1_0.id=n1_0.recipient_id 
    where
        r1_0.id=? 
    order by
        n1_0.created_at desc,
        n1_0.created_at desc 
    fetch
        first ? rows only
2025-11-09T12:59:12.147-08:00 DEBUG 17965 --- [JobsyApplication] [nio-8080-exec-2] org.hibernate.SQL                        : 
    select
        u1_0.id,
        u1_0.address_text,
        u1_0.avg_rating_cache,
        u1_0.bio,
        u1_0.country,
        u1_0.created_at,
        u1_0.curp,
        u1_0.firstname,
        u1_0.lastname,
        u1_0.lat,
        u1_0.lng,
        u1_0.password,
        u1_0.phone,
        p1_0.id,
        p1_0.image_id,
        p1_0.url,
        p1_0.user_id,
        u1_0.rfc_homoclave,
        u1_0.role,
        u1_0.service_radius_km,
        u1_0.username 
    from
        users u1_0 
    left join
        user_photos p1_0 
            on u1_0.id=p1_0.user_id 
    where
        u1_0.id=?
Hibernate: 
    select
        u1_0.id,
        u1_0.address_text,
        u1_0.avg_rating_cache,
        u1_0.bio,
        u1_0.country,
        u1_0.created_at,
        u1_0.curp,
        u1_0.firstname,
        u1_0.lastname,
        u1_0.lat,
        u1_0.lng,
        u1_0.password,
        u1_0.phone,
        p1_0.id,
        p1_0.image_id,
        p1_0.url,
        p1_0.user_id,
        u1_0.rfc_homoclave,
        u1_0.role,
        u1_0.service_radius_km,
        u1_0.username 
    from
        users u1_0 
    left join
        user_photos p1_0 
            on u1_0.id=p1_0.user_id 
    where
        u1_0.id=?
2025-11-09T12:59:12.235-08:00 DEBUG 17965 --- [JobsyApplication] [nio-8080-exec-2] org.hibernate.SQL                        : 
    select
        u1_0.id,
        u1_0.address_text,
        u1_0.avg_rating_cache,
        u1_0.bio,
        u1_0.country,
        u1_0.created_at,
        u1_0.curp,
        u1_0.firstname,
        u1_0.lastname,
        u1_0.lat,
        u1_0.lng,
        u1_0.password,
        u1_0.phone,
        p1_0.id,
        p1_0.image_id,
        p1_0.url,
        p1_0.user_id,
        u1_0.rfc_homoclave,
        u1_0.role,
        u1_0.service_radius_km,
        u1_0.username 
    from
        users u1_0 
    left join
        user_photos p1_0 
            on u1_0.id=p1_0.user_id 
    where
        u1_0.id=?
Hibernate: 
    select
        u1_0.id,
        u1_0.address_text,
        u1_0.avg_rating_cache,
        u1_0.bio,
        u1_0.country,
        u1_0.created_at,
        u1_0.curp,
        u1_0.firstname,
        u1_0.lastname,
        u1_0.lat,
        u1_0.lng,
        u1_0.password,
        u1_0.phone,
        p1_0.id,
        p1_0.image_id,
        p1_0.url,
        p1_0.user_id,
        u1_0.rfc_homoclave,
        u1_0.role,
        u1_0.service_radius_km,
        u1_0.username 
    from
        users u1_0 
    left join
        user_photos p1_0 
            on u1_0.id=p1_0.user_id 
    where
        u1_0.id=?
2025-11-09T12:59:12.257-08:00 DEBUG 17965 --- [JobsyApplication] [nio-8080-exec-4] org.hibernate.SQL                        : 
    /* <criteria> */ select
        u1_0.id,
        u1_0.address_text,
        u1_0.avg_rating_cache,
        u1_0.bio,
        u1_0.country,
        u1_0.created_at,
        u1_0.curp,
        u1_0.firstname,
        u1_0.lastname,
        u1_0.lat,
        u1_0.lng,
        u1_0.password,
        u1_0.phone,
        u1_0.rfc_homoclave,
        u1_0.role,
        u1_0.service_radius_km,
        u1_0.username 
    from
        users u1_0 
    where
        u1_0.username=?
Hibernate: 
    /* <criteria> */ select
        u1_0.id,
        u1_0.address_text,
        u1_0.avg_rating_cache,
        u1_0.bio,
        u1_0.country,
        u1_0.created_at,
        u1_0.curp,
        u1_0.firstname,
        u1_0.lastname,
        u1_0.lat,
        u1_0.lng,
        u1_0.password,
        u1_0.phone,
        u1_0.rfc_homoclave,
        u1_0.role,
        u1_0.service_radius_km,
        u1_0.username 
    from
        users u1_0 
    where
        u1_0.username=?
2025-11-09T12:59:12.325-08:00 DEBUG 17965 --- [JobsyApplication] [nio-8080-exec-2] org.hibernate.SQL                        : 
    select
        d1_0.provider_request_id,
        d1_0.id,
        d1_0.public_id,
        d1_0.url 
    from
        provider_documents d1_0 
    where
        d1_0.provider_request_id=?
Hibernate: 
    select
        d1_0.provider_request_id,
        d1_0.id,
        d1_0.public_id,
        d1_0.url 
    from
        provider_documents d1_0 
    where
        d1_0.provider_request_id=?
2025-11-09T12:59:12.342-08:00 DEBUG 17965 --- [JobsyApplication] [nio-8080-exec-4] org.hibernate.SQL                        : 
    select
        up1_0.id,
        up1_0.image_id,
        up1_0.url,
        up1_0.user_id,
        u1_0.id,
        u1_0.address_text,
        u1_0.avg_rating_cache,
        u1_0.bio,
        u1_0.country,
        u1_0.created_at,
        u1_0.curp,
        u1_0.firstname,
        u1_0.lastname,
        u1_0.lat,
        u1_0.lng,
        u1_0.password,
        u1_0.phone,
        u1_0.rfc_homoclave,
        u1_0.role,
        u1_0.service_radius_km,
        u1_0.username 
    from
        user_photos up1_0 
    join
        users u1_0 
            on u1_0.id=up1_0.user_id 
    where
        up1_0.user_id=?
Hibernate: 
    select
        up1_0.id,
        up1_0.image_id,
        up1_0.url,
        up1_0.user_id,
        u1_0.id,
        u1_0.address_text,
        u1_0.avg_rating_cache,
        u1_0.bio,
        u1_0.country,
        u1_0.created_at,
        u1_0.curp,
        u1_0.firstname,
        u1_0.lastname,
        u1_0.lat,
        u1_0.lng,
        u1_0.password,
        u1_0.phone,
        u1_0.rfc_homoclave,
        u1_0.role,
        u1_0.service_radius_km,
        u1_0.username 
    from
        user_photos up1_0 
    join
        users u1_0 
            on u1_0.id=up1_0.user_id 
    where
        up1_0.user_id=?
2025-11-09T12:59:12.413-08:00 DEBUG 17965 --- [JobsyApplication] [nio-8080-exec-2] org.hibernate.SQL                        : 
    select
        d1_0.provider_request_id,
        d1_0.id,
        d1_0.public_id,
        d1_0.url 
    from
        provider_documents d1_0 
    where
        d1_0.provider_request_id=?
Hibernate: 
    select
        d1_0.provider_request_id,
        d1_0.id,
        d1_0.public_id,
        d1_0.url 
    from
        provider_documents d1_0 
    where
        d1_0.provider_request_id=?
2025-11-09T12:59:12.503-08:00 DEBUG 17965 --- [JobsyApplication] [nio-8080-exec-2] org.hibernate.SQL                        : 
    select
        d1_0.provider_request_id,
        d1_0.id,
        d1_0.public_id,
        d1_0.url 
    from
        provider_documents d1_0 
    where
        d1_0.provider_request_id=?
Hibernate: 
    select
        d1_0.provider_request_id,
        d1_0.id,
        d1_0.public_id,
        d1_0.url 
    from
        provider_documents d1_0 
    where
        d1_0.provider_request_id=?
2025-11-09T12:59:12.592-08:00 DEBUG 17965 --- [JobsyApplication] [nio-8080-exec-2] org.hibernate.SQL                        : 
    select
        d1_0.provider_request_id,
        d1_0.id,
        d1_0.public_id,
        d1_0.url 
    from
        provider_documents d1_0 
    where
        d1_0.provider_request_id=?
Hibernate: 
    select
        d1_0.provider_request_id,
        d1_0.id,
        d1_0.public_id,
        d1_0.url 
    from
        provider_documents d1_0 
    where
        d1_0.provider_request_id=?
2025-11-09T12:59:12.681-08:00 DEBUG 17965 --- [JobsyApplication] [nio-8080-exec-2] org.hibernate.SQL                        : 
    select
        d1_0.provider_request_id,
        d1_0.id,
        d1_0.public_id,
        d1_0.url 
    from
        provider_documents d1_0 
    where
        d1_0.provider_request_id=?
Hibernate: 
    select
        d1_0.provider_request_id,
        d1_0.id,
        d1_0.public_id,
        d1_0.url 
    from
        provider_documents d1_0 
    where
        d1_0.provider_request_id=?
2025-11-09T12:59:12.771-08:00 DEBUG 17965 --- [JobsyApplication] [nio-8080-exec-2] org.hibernate.SQL                        : 
    select
        d1_0.provider_request_id,
        d1_0.id,
        d1_0.public_id,
        d1_0.url 
    from
        provider_documents d1_0 
    where
        d1_0.provider_request_id=?
Hibernate: 
    select
        d1_0.provider_request_id,
        d1_0.id,
        d1_0.public_id,
        d1_0.url 
    from
        provider_documents d1_0 
    where
        d1_0.provider_request_id=?
2025-11-09T12:59:12.861-08:00 DEBUG 17965 --- [JobsyApplication] [nio-8080-exec-2] org.hibernate.SQL                        : 
    select
        d1_0.provider_request_id,
        d1_0.id,
        d1_0.public_id,
        d1_0.url 
    from
        provider_documents d1_0 
    where
        d1_0.provider_request_id=?
Hibernate: 
    select
        d1_0.provider_request_id,
        d1_0.id,
        d1_0.public_id,
        d1_0.url 
    from
        provider_documents d1_0 
    where
        d1_0.provider_request_id=?
2025-11-09T12:59:12.949-08:00 DEBUG 17965 --- [JobsyApplication] [nio-8080-exec-2] org.hibernate.SQL                        : 
    select
        d1_0.provider_request_id,
        d1_0.id,
        d1_0.public_id,
        d1_0.url 
    from
        provider_documents d1_0 
    where
        d1_0.provider_request_id=?
Hibernate: 
    select
        d1_0.provider_request_id,
        d1_0.id,
        d1_0.public_id,
        d1_0.url 
    from
        provider_documents d1_0 
    where
        d1_0.provider_request_id=?
2025-11-09T12:59:16.761-08:00 DEBUG 17965 --- [JobsyApplication] [io-8080-exec-10] org.hibernate.SQL                        : 
    /* <criteria> */ select
        u1_0.id,
        u1_0.address_text,
        u1_0.avg_rating_cache,
        u1_0.bio,
        u1_0.country,
        u1_0.created_at,
        u1_0.curp,
        u1_0.firstname,
        u1_0.lastname,
        u1_0.lat,
        u1_0.lng,
        u1_0.password,
        u1_0.phone,
        u1_0.rfc_homoclave,
        u1_0.role,
        u1_0.service_radius_km,
        u1_0.username 
    from
        users u1_0 
    where
        u1_0.username=?
Hibernate: 
    /* <criteria> */ select
        u1_0.id,
        u1_0.address_text,
        u1_0.avg_rating_cache,
        u1_0.bio,
        u1_0.country,
        u1_0.created_at,
        u1_0.curp,
        u1_0.firstname,
        u1_0.lastname,
        u1_0.lat,
        u1_0.lng,
        u1_0.password,
        u1_0.phone,
        u1_0.rfc_homoclave,
        u1_0.role,
        u1_0.service_radius_km,
        u1_0.username 
    from
        users u1_0 
    where
        u1_0.username=?
2025-11-09T12:59:16.941-08:00 DEBUG 17965 --- [JobsyApplication] [io-8080-exec-10] org.hibernate.SQL                        : 
    select
        up1_0.id,
        up1_0.image_id,
        up1_0.url,
        up1_0.user_id,
        u1_0.id,
        u1_0.address_text,
        u1_0.avg_rating_cache,
        u1_0.bio,
        u1_0.country,
        u1_0.created_at,
        u1_0.curp,
        u1_0.firstname,
        u1_0.lastname,
        u1_0.lat,
        u1_0.lng,
        u1_0.password,
        u1_0.phone,
        u1_0.rfc_homoclave,
        u1_0.role,
        u1_0.service_radius_km,
        u1_0.username 
    from
        user_photos up1_0 
    join
        users u1_0 
            on u1_0.id=up1_0.user_id 
    where
        up1_0.user_id=?
Hibernate: 
    select
        up1_0.id,
        up1_0.image_id,
        up1_0.url,
        up1_0.user_id,
        u1_0.id,
        u1_0.address_text,
        u1_0.avg_rating_cache,
        u1_0.bio,
        u1_0.country,
        u1_0.created_at,
        u1_0.curp,
        u1_0.firstname,
        u1_0.lastname,
        u1_0.lat,
        u1_0.lng,
        u1_0.password,
        u1_0.phone,
        u1_0.rfc_homoclave,
        u1_0.role,
        u1_0.service_radius_km,
        u1_0.username 
    from
        user_photos up1_0 
    join
        users u1_0 
            on u1_0.id=up1_0.user_id 
    where
        up1_0.user_id=?
2025-11-09T12:59:17.032-08:00 DEBUG 17965 --- [JobsyApplication] [io-8080-exec-10] org.hibernate.SQL                        : 
    /* <criteria> */ select
        pr1_0.id,
        pr1_0.address_text,
        pr1_0.bio,
        pr1_0.created_at,
        pr1_0.curp,
        pr1_0.rejection_reason,
        pr1_0.reviewed_at,
        pr1_0.reviewed_by,
        pr1_0.rfc_homoclave,
        pr1_0.status,
        pr1_0.updated_at,
        pr1_0.user_id 
    from
        provider_applies pr1_0 
    offset
        ? rows 
    fetch
        first ? rows only
Hibernate: 
    /* <criteria> */ select
        pr1_0.id,
        pr1_0.address_text,
        pr1_0.bio,
        pr1_0.created_at,
        pr1_0.curp,
        pr1_0.rejection_reason,
        pr1_0.reviewed_at,
        pr1_0.reviewed_by,
        pr1_0.rfc_homoclave,
        pr1_0.status,
        pr1_0.updated_at,
        pr1_0.user_id 
    from
        provider_applies pr1_0 
    offset
        ? rows 
    fetch
        first ? rows only
2025-11-09T12:59:17.208-08:00 DEBUG 17965 --- [JobsyApplication] [io-8080-exec-10] org.hibernate.SQL                        : 
    select
        u1_0.id,
        u1_0.address_text,
        u1_0.avg_rating_cache,
        u1_0.bio,
        u1_0.country,
        u1_0.created_at,
        u1_0.curp,
        u1_0.firstname,
        u1_0.lastname,
        u1_0.lat,
        u1_0.lng,
        u1_0.password,
        u1_0.phone,
        p1_0.id,
        p1_0.image_id,
        p1_0.url,
        p1_0.user_id,
        u1_0.rfc_homoclave,
        u1_0.role,
        u1_0.service_radius_km,
        u1_0.username 
    from
        users u1_0 
    left join
        user_photos p1_0 
            on u1_0.id=p1_0.user_id 
    where
        u1_0.id=?
Hibernate: 
    select
        u1_0.id,
        u1_0.address_text,
        u1_0.avg_rating_cache,
        u1_0.bio,
        u1_0.country,
        u1_0.created_at,
        u1_0.curp,
        u1_0.firstname,
        u1_0.lastname,
        u1_0.lat,
        u1_0.lng,
        u1_0.password,
        u1_0.phone,
        p1_0.id,
        p1_0.image_id,
        p1_0.url,
        p1_0.user_id,
        u1_0.rfc_homoclave,
        u1_0.role,
        u1_0.service_radius_km,
        u1_0.username 
    from
        users u1_0 
    left join
        user_photos p1_0 
            on u1_0.id=p1_0.user_id 
    where
        u1_0.id=?
2025-11-09T12:59:17.298-08:00 DEBUG 17965 --- [JobsyApplication] [io-8080-exec-10] org.hibernate.SQL                        : 
    select
        u1_0.id,
        u1_0.address_text,
        u1_0.avg_rating_cache,
        u1_0.bio,
        u1_0.country,
        u1_0.created_at,
        u1_0.curp,
        u1_0.firstname,
        u1_0.lastname,
        u1_0.lat,
        u1_0.lng,
        u1_0.password,
        u1_0.phone,
        p1_0.id,
        p1_0.image_id,
        p1_0.url,
        p1_0.user_id,
        u1_0.rfc_homoclave,
        u1_0.role,
        u1_0.service_radius_km,
        u1_0.username 
    from
        users u1_0 
    left join
        user_photos p1_0 
            on u1_0.id=p1_0.user_id 
    where
        u1_0.id=?
Hibernate: 
    select
        u1_0.id,
        u1_0.address_text,
        u1_0.avg_rating_cache,
        u1_0.bio,
        u1_0.country,
        u1_0.created_at,
        u1_0.curp,
        u1_0.firstname,
        u1_0.lastname,
        u1_0.lat,
        u1_0.lng,
        u1_0.password,
        u1_0.phone,
        p1_0.id,
        p1_0.image_id,
        p1_0.url,
        p1_0.user_id,
        u1_0.rfc_homoclave,
        u1_0.role,
        u1_0.service_radius_km,
        u1_0.username 
    from
        users u1_0 
    left join
        user_photos p1_0 
            on u1_0.id=p1_0.user_id 
    where
        u1_0.id=?
2025-11-09T12:59:17.388-08:00 DEBUG 17965 --- [JobsyApplication] [io-8080-exec-10] org.hibernate.SQL                        : 
    select
        d1_0.provider_request_id,
        d1_0.id,
        d1_0.public_id,
        d1_0.url 
    from
        provider_documents d1_0 
    where
        d1_0.provider_request_id=?
Hibernate: 
    select
        d1_0.provider_request_id,
        d1_0.id,
        d1_0.public_id,
        d1_0.url 
    from
        provider_documents d1_0 
    where
        d1_0.provider_request_id=?
2025-11-09T12:59:17.479-08:00 DEBUG 17965 --- [JobsyApplication] [io-8080-exec-10] org.hibernate.SQL                        : 
    select
        d1_0.provider_request_id,
        d1_0.id,
        d1_0.public_id,
        d1_0.url 
    from
        provider_documents d1_0 
    where
        d1_0.provider_request_id=?
Hibernate: 
    select
        d1_0.provider_request_id,
        d1_0.id,
        d1_0.public_id,
        d1_0.url 
    from
        provider_documents d1_0 
    where
        d1_0.provider_request_id=?
2025-11-09T12:59:17.567-08:00 DEBUG 17965 --- [JobsyApplication] [io-8080-exec-10] org.hibernate.SQL                        : 
    select
        d1_0.provider_request_id,
        d1_0.id,
        d1_0.public_id,
        d1_0.url 
    from
        provider_documents d1_0 
    where
        d1_0.provider_request_id=?
Hibernate: 
    select
        d1_0.provider_request_id,
        d1_0.id,
        d1_0.public_id,
        d1_0.url 
    from
        provider_documents d1_0 
    where
        d1_0.provider_request_id=?
2025-11-09T12:59:17.655-08:00 DEBUG 17965 --- [JobsyApplication] [io-8080-exec-10] org.hibernate.SQL                        : 
    select
        d1_0.provider_request_id,
        d1_0.id,
        d1_0.public_id,
        d1_0.url 
    from
        provider_documents d1_0 
    where
        d1_0.provider_request_id=?
Hibernate: 
    select
        d1_0.provider_request_id,
        d1_0.id,
        d1_0.public_id,
        d1_0.url 
    from
        provider_documents d1_0 
    where
        d1_0.provider_request_id=?
2025-11-09T12:59:17.743-08:00 DEBUG 17965 --- [JobsyApplication] [io-8080-exec-10] org.hibernate.SQL                        : 
    select
        d1_0.provider_request_id,
        d1_0.id,
        d1_0.public_id,
        d1_0.url 
    from
        provider_documents d1_0 
    where
        d1_0.provider_request_id=?
Hibernate: 
    select
        d1_0.provider_request_id,
        d1_0.id,
        d1_0.public_id,
        d1_0.url 
    from
        provider_documents d1_0 
    where
        d1_0.provider_request_id=?
2025-11-09T12:59:17.831-08:00 DEBUG 17965 --- [JobsyApplication] [io-8080-exec-10] org.hibernate.SQL                        : 
    select
        d1_0.provider_request_id,
        d1_0.id,
        d1_0.public_id,
        d1_0.url 
    from
        provider_documents d1_0 
    where
        d1_0.provider_request_id=?
Hibernate: 
    select
        d1_0.provider_request_id,
        d1_0.id,
        d1_0.public_id,
        d1_0.url 
    from
        provider_documents d1_0 
    where
        d1_0.provider_request_id=?
2025-11-09T12:59:17.922-08:00 DEBUG 17965 --- [JobsyApplication] [io-8080-exec-10] org.hibernate.SQL                        : 
    select
        d1_0.provider_request_id,
        d1_0.id,
        d1_0.public_id,
        d1_0.url 
    from
        provider_documents d1_0 
    where
        d1_0.provider_request_id=?
Hibernate: 
    select
        d1_0.provider_request_id,
        d1_0.id,
        d1_0.public_id,
        d1_0.url 
    from
        provider_documents d1_0 
    where
        d1_0.provider_request_id=?
2025-11-09T12:59:18.011-08:00 DEBUG 17965 --- [JobsyApplication] [io-8080-exec-10] org.hibernate.SQL                        : 
    select
        d1_0.provider_request_id,
        d1_0.id,
        d1_0.public_id,
        d1_0.url 
    from
        provider_documents d1_0 
    where
        d1_0.provider_request_id=?
Hibernate: 
    select
        d1_0.provider_request_id,
        d1_0.id,
        d1_0.public_id,
        d1_0.url 
    from
        provider_documents d1_0 
    where
        d1_0.provider_request_id=?
2025-11-09T12:59:21.877-08:00 DEBUG 17965 --- [JobsyApplication] [nio-8080-exec-1] org.hibernate.SQL                        : 
    /* <criteria> */ select
        u1_0.id,
        u1_0.address_text,
        u1_0.avg_rating_cache,
        u1_0.bio,
        u1_0.country,
        u1_0.created_at,
        u1_0.curp,
        u1_0.firstname,
        u1_0.lastname,
        u1_0.lat,
        u1_0.lng,
        u1_0.password,
        u1_0.phone,
        u1_0.rfc_homoclave,
        u1_0.role,
        u1_0.service_radius_km,
        u1_0.username 
    from
        users u1_0 
    where
        u1_0.username=?
Hibernate: 
    /* <criteria> */ select
        u1_0.id,
        u1_0.address_text,
        u1_0.avg_rating_cache,
        u1_0.bio,
        u1_0.country,
        u1_0.created_at,
        u1_0.curp,
        u1_0.firstname,
        u1_0.lastname,
        u1_0.lat,
        u1_0.lng,
        u1_0.password,
        u1_0.phone,
        u1_0.rfc_homoclave,
        u1_0.role,
        u1_0.service_radius_km,
        u1_0.username 
    from
        users u1_0 
    where
        u1_0.username=?
2025-11-09T12:59:22.058-08:00 DEBUG 17965 --- [JobsyApplication] [nio-8080-exec-1] org.hibernate.SQL                        : 
    select
        up1_0.id,
        up1_0.image_id,
        up1_0.url,
        up1_0.user_id,
        u1_0.id,
        u1_0.address_text,
        u1_0.avg_rating_cache,
        u1_0.bio,
        u1_0.country,
        u1_0.created_at,
        u1_0.curp,
        u1_0.firstname,
        u1_0.lastname,
        u1_0.lat,
        u1_0.lng,
        u1_0.password,
        u1_0.phone,
        u1_0.rfc_homoclave,
        u1_0.role,
        u1_0.service_radius_km,
        u1_0.username 
    from
        user_photos up1_0 
    join
        users u1_0 
            on u1_0.id=up1_0.user_id 
    where
        up1_0.user_id=?
Hibernate: 
    select
        up1_0.id,
        up1_0.image_id,
        up1_0.url,
        up1_0.user_id,
        u1_0.id,
        u1_0.address_text,
        u1_0.avg_rating_cache,
        u1_0.bio,
        u1_0.country,
        u1_0.created_at,
        u1_0.curp,
        u1_0.firstname,
        u1_0.lastname,
        u1_0.lat,
        u1_0.lng,
        u1_0.password,
        u1_0.phone,
        u1_0.rfc_homoclave,
        u1_0.role,
        u1_0.service_radius_km,
        u1_0.username 
    from
        user_photos up1_0 
    join
        users u1_0 
            on u1_0.id=up1_0.user_id 
    where
        up1_0.user_id=?
2025-11-09T12:59:22.151-08:00 DEBUG 17965 --- [JobsyApplication] [nio-8080-exec-1] org.hibernate.SQL                        : 
    /* <criteria> */ select
        pr1_0.id,
        pr1_0.address_text,
        pr1_0.bio,
        pr1_0.created_at,
        pr1_0.curp,
        pr1_0.rejection_reason,
        pr1_0.reviewed_at,
        pr1_0.reviewed_by,
        pr1_0.rfc_homoclave,
        pr1_0.status,
        pr1_0.updated_at,
        pr1_0.user_id 
    from
        provider_applies pr1_0 
    offset
        ? rows 
    fetch
        first ? rows only
Hibernate: 
    /* <criteria> */ select
        pr1_0.id,
        pr1_0.address_text,
        pr1_0.bio,
        pr1_0.created_at,
        pr1_0.curp,
        pr1_0.rejection_reason,
        pr1_0.reviewed_at,
        pr1_0.reviewed_by,
        pr1_0.rfc_homoclave,
        pr1_0.status,
        pr1_0.updated_at,
        pr1_0.user_id 
    from
        provider_applies pr1_0 
    offset
        ? rows 
    fetch
        first ? rows only
2025-11-09T12:59:22.240-08:00 DEBUG 17965 --- [JobsyApplication] [nio-8080-exec-1] org.hibernate.SQL                        : 
    select
        u1_0.id,
        u1_0.address_text,
        u1_0.avg_rating_cache,
        u1_0.bio,
        u1_0.country,
        u1_0.created_at,
        u1_0.curp,
        u1_0.firstname,
        u1_0.lastname,
        u1_0.lat,
        u1_0.lng,
        u1_0.password,
        u1_0.phone,
        p1_0.id,
        p1_0.image_id,
        p1_0.url,
        p1_0.user_id,
        u1_0.rfc_homoclave,
        u1_0.role,
        u1_0.service_radius_km,
        u1_0.username 
    from
        users u1_0 
    left join
        user_photos p1_0 
            on u1_0.id=p1_0.user_id 
    where
        u1_0.id=?
Hibernate: 
    select
        u1_0.id,
        u1_0.address_text,
        u1_0.avg_rating_cache,
        u1_0.bio,
        u1_0.country,
        u1_0.created_at,
        u1_0.curp,
        u1_0.firstname,
        u1_0.lastname,
        u1_0.lat,
        u1_0.lng,
        u1_0.password,
        u1_0.phone,
        p1_0.id,
        p1_0.image_id,
        p1_0.url,
        p1_0.user_id,
        u1_0.rfc_homoclave,
        u1_0.role,
        u1_0.service_radius_km,
        u1_0.username 
    from
        users u1_0 
    left join
        user_photos p1_0 
            on u1_0.id=p1_0.user_id 
    where
        u1_0.id=?
2025-11-09T12:59:22.330-08:00 DEBUG 17965 --- [JobsyApplication] [nio-8080-exec-1] org.hibernate.SQL                        : 
    select
        u1_0.id,
        u1_0.address_text,
        u1_0.avg_rating_cache,
        u1_0.bio,
        u1_0.country,
        u1_0.created_at,
        u1_0.curp,
        u1_0.firstname,
        u1_0.lastname,
        u1_0.lat,
        u1_0.lng,
        u1_0.password,
        u1_0.phone,
        p1_0.id,
        p1_0.image_id,
        p1_0.url,
        p1_0.user_id,
        u1_0.rfc_homoclave,
        u1_0.role,
        u1_0.service_radius_km,
        u1_0.username 
    from
        users u1_0 
    left join
        user_photos p1_0 
            on u1_0.id=p1_0.user_id 
    where
        u1_0.id=?
Hibernate: 
    select
        u1_0.id,
        u1_0.address_text,
        u1_0.avg_rating_cache,
        u1_0.bio,
        u1_0.country,
        u1_0.created_at,
        u1_0.curp,
        u1_0.firstname,
        u1_0.lastname,
        u1_0.lat,
        u1_0.lng,
        u1_0.password,
        u1_0.phone,
        p1_0.id,
        p1_0.image_id,
        p1_0.url,
        p1_0.user_id,
        u1_0.rfc_homoclave,
        u1_0.role,
        u1_0.service_radius_km,
        u1_0.username 
    from
        users u1_0 
    left join
        user_photos p1_0 
            on u1_0.id=p1_0.user_id 
    where
        u1_0.id=?
2025-11-09T12:59:22.420-08:00 DEBUG 17965 --- [JobsyApplication] [nio-8080-exec-1] org.hibernate.SQL                        : 
    select
        d1_0.provider_request_id,
        d1_0.id,
        d1_0.public_id,
        d1_0.url 
    from
        provider_documents d1_0 
    where
        d1_0.provider_request_id=?
Hibernate: 
    select
        d1_0.provider_request_id,
        d1_0.id,
        d1_0.public_id,
        d1_0.url 
    from
        provider_documents d1_0 
    where
        d1_0.provider_request_id=?
2025-11-09T12:59:22.509-08:00 DEBUG 17965 --- [JobsyApplication] [nio-8080-exec-1] org.hibernate.SQL                        : 
    select
        d1_0.provider_request_id,
        d1_0.id,
        d1_0.public_id,
        d1_0.url 
    from
        provider_documents d1_0 
    where
        d1_0.provider_request_id=?
Hibernate: 
    select
        d1_0.provider_request_id,
        d1_0.id,
        d1_0.public_id,
        d1_0.url 
    from
        provider_documents d1_0 
    where
        d1_0.provider_request_id=?
2025-11-09T12:59:22.597-08:00 DEBUG 17965 --- [JobsyApplication] [nio-8080-exec-1] org.hibernate.SQL                        : 
    select
        d1_0.provider_request_id,
        d1_0.id,
        d1_0.public_id,
        d1_0.url 
    from
        provider_documents d1_0 
    where
        d1_0.provider_request_id=?
Hibernate: 
    select
        d1_0.provider_request_id,
        d1_0.id,
        d1_0.public_id,
        d1_0.url 
    from
        provider_documents d1_0 
    where
        d1_0.provider_request_id=?
2025-11-09T12:59:22.687-08:00 DEBUG 17965 --- [JobsyApplication] [nio-8080-exec-1] org.hibernate.SQL                        : 
    select
        d1_0.provider_request_id,
        d1_0.id,
        d1_0.public_id,
        d1_0.url 
    from
        provider_documents d1_0 
    where
        d1_0.provider_request_id=?
Hibernate: 
    select
        d1_0.provider_request_id,
        d1_0.id,
        d1_0.public_id,
        d1_0.url 
    from
        provider_documents d1_0 
    where
        d1_0.provider_request_id=?
2025-11-09T12:59:22.775-08:00 DEBUG 17965 --- [JobsyApplication] [nio-8080-exec-1] org.hibernate.SQL                        : 
    select
        d1_0.provider_request_id,
        d1_0.id,
        d1_0.public_id,
        d1_0.url 
    from
        provider_documents d1_0 
    where
        d1_0.provider_request_id=?
Hibernate: 
    select
        d1_0.provider_request_id,
        d1_0.id,
        d1_0.public_id,
        d1_0.url 
    from
        provider_documents d1_0 
    where
        d1_0.provider_request_id=?
2025-11-09T12:59:22.863-08:00 DEBUG 17965 --- [JobsyApplication] [nio-8080-exec-1] org.hibernate.SQL                        : 
    select
        d1_0.provider_request_id,
        d1_0.id,
        d1_0.public_id,
        d1_0.url 
    from
        provider_documents d1_0 
    where
        d1_0.provider_request_id=?
Hibernate: 
    select
        d1_0.provider_request_id,
        d1_0.id,
        d1_0.public_id,
        d1_0.url 
    from
        provider_documents d1_0 
    where
        d1_0.provider_request_id=?
2025-11-09T12:59:22.950-08:00 DEBUG 17965 --- [JobsyApplication] [nio-8080-exec-1] org.hibernate.SQL                        : 
    select
        d1_0.provider_request_id,
        d1_0.id,
        d1_0.public_id,
        d1_0.url 
    from
        provider_documents d1_0 
    where
        d1_0.provider_request_id=?
Hibernate: 
    select
        d1_0.provider_request_id,
        d1_0.id,
        d1_0.public_id,
        d1_0.url 
    from
        provider_documents d1_0 
    where
        d1_0.provider_request_id=?
2025-11-09T12:59:23.039-08:00 DEBUG 17965 --- [JobsyApplication] [nio-8080-exec-1] org.hibernate.SQL                        : 
    select
        d1_0.provider_request_id,
        d1_0.id,
        d1_0.public_id,
        d1_0.url 
    from
        provider_documents d1_0 
    where
        d1_0.provider_request_id=?
Hibernate: 
    select
        d1_0.provider_request_id,
        d1_0.id,
        d1_0.public_id,
        d1_0.url 
    from
        provider_documents d1_0 
    where
        d1_0.provider_request_id=?
2025-11-09T13:00:01.908-08:00 DEBUG 17965 --- [JobsyApplication] [nio-8080-exec-7] org.hibernate.SQL                        : 
    /* <criteria> */ select
        u1_0.id,
        u1_0.address_text,
        u1_0.avg_rating_cache,
        u1_0.bio,
        u1_0.country,
        u1_0.created_at,
        u1_0.curp,
        u1_0.firstname,
        u1_0.lastname,
        u1_0.lat,
        u1_0.lng,
        u1_0.password,
        u1_0.phone,
        u1_0.rfc_homoclave,
        u1_0.role,
        u1_0.service_radius_km,
        u1_0.username 
    from
        users u1_0 
    where
        u1_0.username=?
Hibernate: 
    /* <criteria> */ select
        u1_0.id,
        u1_0.address_text,
        u1_0.avg_rating_cache,
        u1_0.bio,
        u1_0.country,
        u1_0.created_at,
        u1_0.curp,
        u1_0.firstname,
        u1_0.lastname,
        u1_0.lat,
        u1_0.lng,
        u1_0.password,
        u1_0.phone,
        u1_0.rfc_homoclave,
        u1_0.role,
        u1_0.service_radius_km,
        u1_0.username 
    from
        users u1_0 
    where
        u1_0.username=?
2025-11-09T13:00:02.085-08:00 DEBUG 17965 --- [JobsyApplication] [nio-8080-exec-7] org.hibernate.SQL                        : 
    select
        up1_0.id,
        up1_0.image_id,
        up1_0.url,
        up1_0.user_id,
        u1_0.id,
        u1_0.address_text,
        u1_0.avg_rating_cache,
        u1_0.bio,
        u1_0.country,
        u1_0.created_at,
        u1_0.curp,
        u1_0.firstname,
        u1_0.lastname,
        u1_0.lat,
        u1_0.lng,
        u1_0.password,
        u1_0.phone,
        u1_0.rfc_homoclave,
        u1_0.role,
        u1_0.service_radius_km,
        u1_0.username 
    from
        user_photos up1_0 
    join
        users u1_0 
            on u1_0.id=up1_0.user_id 
    where
        up1_0.user_id=?
Hibernate: 
    select
        up1_0.id,
        up1_0.image_id,
        up1_0.url,
        up1_0.user_id,
        u1_0.id,
        u1_0.address_text,
        u1_0.avg_rating_cache,
        u1_0.bio,
        u1_0.country,
        u1_0.created_at,
        u1_0.curp,
        u1_0.firstname,
        u1_0.lastname,
        u1_0.lat,
        u1_0.lng,
        u1_0.password,
        u1_0.phone,
        u1_0.rfc_homoclave,
        u1_0.role,
        u1_0.service_radius_km,
        u1_0.username 
    from
        user_photos up1_0 
    join
        users u1_0 
            on u1_0.id=up1_0.user_id 
    where
        up1_0.user_id=?
2025-11-09T13:00:02.254-08:00 DEBUG 17965 --- [JobsyApplication] [nio-8080-exec-7] org.hibernate.SQL                        : 
    /* <criteria> */ select
        u1_0.id,
        u1_0.address_text,
        u1_0.avg_rating_cache,
        u1_0.bio,
        u1_0.country,
        u1_0.created_at,
        u1_0.curp,
        u1_0.firstname,
        u1_0.lastname,
        u1_0.lat,
        u1_0.lng,
        u1_0.password,
        u1_0.phone,
        u1_0.rfc_homoclave,
        u1_0.role,
        u1_0.service_radius_km,
        u1_0.username 
    from
        users u1_0 
    where
        u1_0.username=?
Hibernate: 
    /* <criteria> */ select
        u1_0.id,
        u1_0.address_text,
        u1_0.avg_rating_cache,
        u1_0.bio,
        u1_0.country,
        u1_0.created_at,
        u1_0.curp,
        u1_0.firstname,
        u1_0.lastname,
        u1_0.lat,
        u1_0.lng,
        u1_0.password,
        u1_0.phone,
        u1_0.rfc_homoclave,
        u1_0.role,
        u1_0.service_radius_km,
        u1_0.username 
    from
        users u1_0 
    where
        u1_0.username=?
2025-11-09T13:00:02.341-08:00 DEBUG 17965 --- [JobsyApplication] [nio-8080-exec-7] org.hibernate.SQL                        : 
    select
        up1_0.id,
        up1_0.image_id,
        up1_0.url,
        up1_0.user_id,
        u1_0.id,
        u1_0.address_text,
        u1_0.avg_rating_cache,
        u1_0.bio,
        u1_0.country,
        u1_0.created_at,
        u1_0.curp,
        u1_0.firstname,
        u1_0.lastname,
        u1_0.lat,
        u1_0.lng,
        u1_0.password,
        u1_0.phone,
        u1_0.rfc_homoclave,
        u1_0.role,
        u1_0.service_radius_km,
        u1_0.username 
    from
        user_photos up1_0 
    join
        users u1_0 
            on u1_0.id=up1_0.user_id 
    where
        up1_0.user_id=?
Hibernate: 
    select
        up1_0.id,
        up1_0.image_id,
        up1_0.url,
        up1_0.user_id,
        u1_0.id,
        u1_0.address_text,
        u1_0.avg_rating_cache,
        u1_0.bio,
        u1_0.country,
        u1_0.created_at,
        u1_0.curp,
        u1_0.firstname,
        u1_0.lastname,
        u1_0.lat,
        u1_0.lng,
        u1_0.password,
        u1_0.phone,
        u1_0.rfc_homoclave,
        u1_0.role,
        u1_0.service_radius_km,
        u1_0.username 
    from
        user_photos up1_0 
    join
        users u1_0 
            on u1_0.id=up1_0.user_id 
    where
        up1_0.user_id=?
2025-11-09T13:00:02.803-08:00 DEBUG 17965 --- [JobsyApplication] [nio-8080-exec-1] org.hibernate.SQL                        : 
    /* <criteria> */ select
        u1_0.id,
        u1_0.address_text,
        u1_0.avg_rating_cache,
        u1_0.bio,
        u1_0.country,
        u1_0.created_at,
        u1_0.curp,
        u1_0.firstname,
        u1_0.lastname,
        u1_0.lat,
        u1_0.lng,
        u1_0.password,
        u1_0.phone,
        u1_0.rfc_homoclave,
        u1_0.role,
        u1_0.service_radius_km,
        u1_0.username 
    from
        users u1_0 
    where
        u1_0.username=?
Hibernate: 
    /* <criteria> */ select
        u1_0.id,
        u1_0.address_text,
        u1_0.avg_rating_cache,
        u1_0.bio,
        u1_0.country,
        u1_0.created_at,
        u1_0.curp,
        u1_0.firstname,
        u1_0.lastname,
        u1_0.lat,
        u1_0.lng,
        u1_0.password,
        u1_0.phone,
        u1_0.rfc_homoclave,
        u1_0.role,
        u1_0.service_radius_km,
        u1_0.username 
    from
        users u1_0 
    where
        u1_0.username=?
2025-11-09T13:00:02.981-08:00 DEBUG 17965 --- [JobsyApplication] [nio-8080-exec-1] org.hibernate.SQL                        : 
    select
        up1_0.id,
        up1_0.image_id,
        up1_0.url,
        up1_0.user_id,
        u1_0.id,
        u1_0.address_text,
        u1_0.avg_rating_cache,
        u1_0.bio,
        u1_0.country,
        u1_0.created_at,
        u1_0.curp,
        u1_0.firstname,
        u1_0.lastname,
        u1_0.lat,
        u1_0.lng,
        u1_0.password,
        u1_0.phone,
        u1_0.rfc_homoclave,
        u1_0.role,
        u1_0.service_radius_km,
        u1_0.username 
    from
        user_photos up1_0 
    join
        users u1_0 
            on u1_0.id=up1_0.user_id 
    where
        up1_0.user_id=?
Hibernate: 
    select
        up1_0.id,
        up1_0.image_id,
        up1_0.url,
        up1_0.user_id,
        u1_0.id,
        u1_0.address_text,
        u1_0.avg_rating_cache,
        u1_0.bio,
        u1_0.country,
        u1_0.created_at,
        u1_0.curp,
        u1_0.firstname,
        u1_0.lastname,
        u1_0.lat,
        u1_0.lng,
        u1_0.password,
        u1_0.phone,
        u1_0.rfc_homoclave,
        u1_0.role,
        u1_0.service_radius_km,
        u1_0.username 
    from
        user_photos up1_0 
    join
        users u1_0 
            on u1_0.id=up1_0.user_id 
    where
        up1_0.user_id=?
2025-11-09T13:00:03.441-08:00 DEBUG 17965 --- [JobsyApplication] [nio-8080-exec-4] org.hibernate.SQL                        : 
    /* <criteria> */ select
        u1_0.id,
        u1_0.address_text,
        u1_0.avg_rating_cache,
        u1_0.bio,
        u1_0.country,
        u1_0.created_at,
        u1_0.curp,
        u1_0.firstname,
        u1_0.lastname,
        u1_0.lat,
        u1_0.lng,
        u1_0.password,
        u1_0.phone,
        u1_0.rfc_homoclave,
        u1_0.role,
        u1_0.service_radius_km,
        u1_0.username 
    from
        users u1_0 
    where
        u1_0.username=?
Hibernate: 
    /* <criteria> */ select
        u1_0.id,
        u1_0.address_text,
        u1_0.avg_rating_cache,
        u1_0.bio,
        u1_0.country,
        u1_0.created_at,
        u1_0.curp,
        u1_0.firstname,
        u1_0.lastname,
        u1_0.lat,
        u1_0.lng,
        u1_0.password,
        u1_0.phone,
        u1_0.rfc_homoclave,
        u1_0.role,
        u1_0.service_radius_km,
        u1_0.username 
    from
        users u1_0 
    where
        u1_0.username=?
2025-11-09T13:00:03.447-08:00 DEBUG 17965 --- [JobsyApplication] [nio-8080-exec-7] org.hibernate.SQL                        : 
    /* <criteria> */ select
        u1_0.id,
        u1_0.address_text,
        u1_0.avg_rating_cache,
        u1_0.bio,
        u1_0.country,
        u1_0.created_at,
        u1_0.curp,
        u1_0.firstname,
        u1_0.lastname,
        u1_0.lat,
        u1_0.lng,
        u1_0.password,
        u1_0.phone,
        u1_0.rfc_homoclave,
        u1_0.role,
        u1_0.service_radius_km,
        u1_0.username 
    from
        users u1_0 
    where
        u1_0.username=?
Hibernate: 
    /* <criteria> */ select
        u1_0.id,
        u1_0.address_text,
        u1_0.avg_rating_cache,
        u1_0.bio,
        u1_0.country,
        u1_0.created_at,
        u1_0.curp,
        u1_0.firstname,
        u1_0.lastname,
        u1_0.lat,
        u1_0.lng,
        u1_0.password,
        u1_0.phone,
        u1_0.rfc_homoclave,
        u1_0.role,
        u1_0.service_radius_km,
        u1_0.username 
    from
        users u1_0 
    where
        u1_0.username=?
2025-11-09T13:00:03.531-08:00 DEBUG 17965 --- [JobsyApplication] [nio-8080-exec-1] org.hibernate.SQL                        : 
    /* <criteria> */ select
        u1_0.id,
        u1_0.address_text,
        u1_0.avg_rating_cache,
        u1_0.bio,
        u1_0.country,
        u1_0.created_at,
        u1_0.curp,
        u1_0.firstname,
        u1_0.lastname,
        u1_0.lat,
        u1_0.lng,
        u1_0.password,
        u1_0.phone,
        u1_0.rfc_homoclave,
        u1_0.role,
        u1_0.service_radius_km,
        u1_0.username 
    from
        users u1_0 
    where
        u1_0.username=?
Hibernate: 
    /* <criteria> */ select
        u1_0.id,
        u1_0.address_text,
        u1_0.avg_rating_cache,
        u1_0.bio,
        u1_0.country,
        u1_0.created_at,
        u1_0.curp,
        u1_0.firstname,
        u1_0.lastname,
        u1_0.lat,
        u1_0.lng,
        u1_0.password,
        u1_0.phone,
        u1_0.rfc_homoclave,
        u1_0.role,
        u1_0.service_radius_km,
        u1_0.username 
    from
        users u1_0 
    where
        u1_0.username=?
2025-11-09T13:00:03.531-08:00 DEBUG 17965 --- [JobsyApplication] [nio-8080-exec-9] org.hibernate.SQL                        : 
    /* <criteria> */ select
        u1_0.id,
        u1_0.address_text,
        u1_0.avg_rating_cache,
        u1_0.bio,
        u1_0.country,
        u1_0.created_at,
        u1_0.curp,
        u1_0.firstname,
        u1_0.lastname,
        u1_0.lat,
        u1_0.lng,
        u1_0.password,
        u1_0.phone,
        u1_0.rfc_homoclave,
        u1_0.role,
        u1_0.service_radius_km,
        u1_0.username 
    from
        users u1_0 
    where
        u1_0.username=?
Hibernate: 
    /* <criteria> */ select
        u1_0.id,
        u1_0.address_text,
        u1_0.avg_rating_cache,
        u1_0.bio,
        u1_0.country,
        u1_0.created_at,
        u1_0.curp,
        u1_0.firstname,
        u1_0.lastname,
        u1_0.lat,
        u1_0.lng,
        u1_0.password,
        u1_0.phone,
        u1_0.rfc_homoclave,
        u1_0.role,
        u1_0.service_radius_km,
        u1_0.username 
    from
        users u1_0 
    where
        u1_0.username=?
2025-11-09T13:00:03.610-08:00 DEBUG 17965 --- [JobsyApplication] [nio-8080-exec-4] org.hibernate.SQL                        : 
    select
        up1_0.id,
        up1_0.image_id,
        up1_0.url,
        up1_0.user_id,
        u1_0.id,
        u1_0.address_text,
        u1_0.avg_rating_cache,
        u1_0.bio,
        u1_0.country,
        u1_0.created_at,
        u1_0.curp,
        u1_0.firstname,
        u1_0.lastname,
        u1_0.lat,
        u1_0.lng,
        u1_0.password,
        u1_0.phone,
        u1_0.rfc_homoclave,
        u1_0.role,
        u1_0.service_radius_km,
        u1_0.username 
    from
        user_photos up1_0 
    join
        users u1_0 
            on u1_0.id=up1_0.user_id 
    where
        up1_0.user_id=?
Hibernate: 
    select
        up1_0.id,
        up1_0.image_id,
        up1_0.url,
        up1_0.user_id,
        u1_0.id,
        u1_0.address_text,
        u1_0.avg_rating_cache,
        u1_0.bio,
        u1_0.country,
        u1_0.created_at,
        u1_0.curp,
        u1_0.firstname,
        u1_0.lastname,
        u1_0.lat,
        u1_0.lng,
        u1_0.password,
        u1_0.phone,
        u1_0.rfc_homoclave,
        u1_0.role,
        u1_0.service_radius_km,
        u1_0.username 
    from
        user_photos up1_0 
    join
        users u1_0 
            on u1_0.id=up1_0.user_id 
    where
        up1_0.user_id=?
2025-11-09T13:00:03.620-08:00 DEBUG 17965 --- [JobsyApplication] [nio-8080-exec-1] org.hibernate.SQL                        : 
    select
        up1_0.id,
        up1_0.image_id,
        up1_0.url,
        up1_0.user_id,
        u1_0.id,
        u1_0.address_text,
        u1_0.avg_rating_cache,
        u1_0.bio,
        u1_0.country,
        u1_0.created_at,
        u1_0.curp,
        u1_0.firstname,
        u1_0.lastname,
        u1_0.lat,
        u1_0.lng,
        u1_0.password,
        u1_0.phone,
        u1_0.rfc_homoclave,
        u1_0.role,
        u1_0.service_radius_km,
        u1_0.username 
    from
        user_photos up1_0 
    join
        users u1_0 
            on u1_0.id=up1_0.user_id 
    where
        up1_0.user_id=?
Hibernate: 
    select
        up1_0.id,
        up1_0.image_id,
        up1_0.url,
        up1_0.user_id,
        u1_0.id,
        u1_0.address_text,
        u1_0.avg_rating_cache,
        u1_0.bio,
        u1_0.country,
        u1_0.created_at,
        u1_0.curp,
        u1_0.firstname,
        u1_0.lastname,
        u1_0.lat,
        u1_0.lng,
        u1_0.password,
        u1_0.phone,
        u1_0.rfc_homoclave,
        u1_0.role,
        u1_0.service_radius_km,
        u1_0.username 
    from
        user_photos up1_0 
    join
        users u1_0 
            on u1_0.id=up1_0.user_id 
    where
        up1_0.user_id=?
2025-11-09T13:00:03.630-08:00 DEBUG 17965 --- [JobsyApplication] [nio-8080-exec-7] org.hibernate.SQL                        : 
    select
        up1_0.id,
        up1_0.image_id,
        up1_0.url,
        up1_0.user_id,
        u1_0.id,
        u1_0.address_text,
        u1_0.avg_rating_cache,
        u1_0.bio,
        u1_0.country,
        u1_0.created_at,
        u1_0.curp,
        u1_0.firstname,
        u1_0.lastname,
        u1_0.lat,
        u1_0.lng,
        u1_0.password,
        u1_0.phone,
        u1_0.rfc_homoclave,
        u1_0.role,
        u1_0.service_radius_km,
        u1_0.username 
    from
        user_photos up1_0 
    join
        users u1_0 
            on u1_0.id=up1_0.user_id 
    where
        up1_0.user_id=?
Hibernate: 
    select
        up1_0.id,
        up1_0.image_id,
        up1_0.url,
        up1_0.user_id,
        u1_0.id,
        u1_0.address_text,
        u1_0.avg_rating_cache,
        u1_0.bio,
        u1_0.country,
        u1_0.created_at,
        u1_0.curp,
        u1_0.firstname,
        u1_0.lastname,
        u1_0.lat,
        u1_0.lng,
        u1_0.password,
        u1_0.phone,
        u1_0.rfc_homoclave,
        u1_0.role,
        u1_0.service_radius_km,
        u1_0.username 
    from
        user_photos up1_0 
    join
        users u1_0 
            on u1_0.id=up1_0.user_id 
    where
        up1_0.user_id=?
2025-11-09T13:00:03.702-08:00 DEBUG 17965 --- [JobsyApplication] [nio-8080-exec-9] org.hibernate.SQL                        : 
    select
        up1_0.id,
        up1_0.image_id,
        up1_0.url,
        up1_0.user_id,
        u1_0.id,
        u1_0.address_text,
        u1_0.avg_rating_cache,
        u1_0.bio,
        u1_0.country,
        u1_0.created_at,
        u1_0.curp,
        u1_0.firstname,
        u1_0.lastname,
        u1_0.lat,
        u1_0.lng,
        u1_0.password,
        u1_0.phone,
        u1_0.rfc_homoclave,
        u1_0.role,
        u1_0.service_radius_km,
        u1_0.username 
    from
        user_photos up1_0 
    join
        users u1_0 
            on u1_0.id=up1_0.user_id 
    where
        up1_0.user_id=?
Hibernate: 
    select
        up1_0.id,
        up1_0.image_id,
        up1_0.url,
        up1_0.user_id,
        u1_0.id,
        u1_0.address_text,
        u1_0.avg_rating_cache,
        u1_0.bio,
        u1_0.country,
        u1_0.created_at,
        u1_0.curp,
        u1_0.firstname,
        u1_0.lastname,
        u1_0.lat,
        u1_0.lng,
        u1_0.password,
        u1_0.phone,
        u1_0.rfc_homoclave,
        u1_0.role,
        u1_0.service_radius_km,
        u1_0.username 
    from
        user_photos up1_0 
    join
        users u1_0 
            on u1_0.id=up1_0.user_id 
    where
        up1_0.user_id=?
2025-11-09T13:00:03.714-08:00 DEBUG 17965 --- [JobsyApplication] [nio-8080-exec-1] org.hibernate.SQL                        : 
    /* <criteria> */ select
        n1_0.id,
        n1_0.created_at,
        n1_0.message,
        n1_0.read,
        n1_0.recipient_id,
        n1_0.title,
        n1_0.type 
    from
        notifications n1_0 
    left join
        users r1_0 
            on r1_0.id=n1_0.recipient_id 
    where
        r1_0.id=? 
    order by
        n1_0.created_at desc,
        n1_0.created_at desc 
    fetch
        first ? rows only
Hibernate: 
    /* <criteria> */ select
        n1_0.id,
        n1_0.created_at,
        n1_0.message,
        n1_0.read,
        n1_0.recipient_id,
        n1_0.title,
        n1_0.type 
    from
        notifications n1_0 
    left join
        users r1_0 
            on r1_0.id=n1_0.recipient_id 
    where
        r1_0.id=? 
    order by
        n1_0.created_at desc,
        n1_0.created_at desc 
    fetch
        first ? rows only
2025-11-09T13:00:03.722-08:00 DEBUG 17965 --- [JobsyApplication] [nio-8080-exec-7] org.hibernate.SQL                        : 
    /* <criteria> */ select
        pr1_0.id,
        pr1_0.address_text,
        pr1_0.bio,
        pr1_0.created_at,
        pr1_0.curp,
        pr1_0.rejection_reason,
        pr1_0.reviewed_at,
        pr1_0.reviewed_by,
        pr1_0.rfc_homoclave,
        pr1_0.status,
        pr1_0.updated_at,
        pr1_0.user_id 
    from
        provider_applies pr1_0 
    offset
        ? rows 
    fetch
        first ? rows only
Hibernate: 
    /* <criteria> */ select
        pr1_0.id,
        pr1_0.address_text,
        pr1_0.bio,
        pr1_0.created_at,
        pr1_0.curp,
        pr1_0.rejection_reason,
        pr1_0.reviewed_at,
        pr1_0.reviewed_by,
        pr1_0.rfc_homoclave,
        pr1_0.status,
        pr1_0.updated_at,
        pr1_0.user_id 
    from
        provider_applies pr1_0 
    offset
        ? rows 
    fetch
        first ? rows only
2025-11-09T13:00:03.809-08:00 DEBUG 17965 --- [JobsyApplication] [nio-8080-exec-7] org.hibernate.SQL                        : 
    select
        u1_0.id,
        u1_0.address_text,
        u1_0.avg_rating_cache,
        u1_0.bio,
        u1_0.country,
        u1_0.created_at,
        u1_0.curp,
        u1_0.firstname,
        u1_0.lastname,
        u1_0.lat,
        u1_0.lng,
        u1_0.password,
        u1_0.phone,
        p1_0.id,
        p1_0.image_id,
        p1_0.url,
        p1_0.user_id,
        u1_0.rfc_homoclave,
        u1_0.role,
        u1_0.service_radius_km,
        u1_0.username 
    from
        users u1_0 
    left join
        user_photos p1_0 
            on u1_0.id=p1_0.user_id 
    where
        u1_0.id=?
Hibernate: 
    select
        u1_0.id,
        u1_0.address_text,
        u1_0.avg_rating_cache,
        u1_0.bio,
        u1_0.country,
        u1_0.created_at,
        u1_0.curp,
        u1_0.firstname,
        u1_0.lastname,
        u1_0.lat,
        u1_0.lng,
        u1_0.password,
        u1_0.phone,
        p1_0.id,
        p1_0.image_id,
        p1_0.url,
        p1_0.user_id,
        u1_0.rfc_homoclave,
        u1_0.role,
        u1_0.service_radius_km,
        u1_0.username 
    from
        users u1_0 
    left join
        user_photos p1_0 
            on u1_0.id=p1_0.user_id 
    where
        u1_0.id=?
2025-11-09T13:00:03.900-08:00 DEBUG 17965 --- [JobsyApplication] [nio-8080-exec-7] org.hibernate.SQL                        : 
    select
        u1_0.id,
        u1_0.address_text,
        u1_0.avg_rating_cache,
        u1_0.bio,
        u1_0.country,
        u1_0.created_at,
        u1_0.curp,
        u1_0.firstname,
        u1_0.lastname,
        u1_0.lat,
        u1_0.lng,
        u1_0.password,
        u1_0.phone,
        p1_0.id,
        p1_0.image_id,
        p1_0.url,
        p1_0.user_id,
        u1_0.rfc_homoclave,
        u1_0.role,
        u1_0.service_radius_km,
        u1_0.username 
    from
        users u1_0 
    left join
        user_photos p1_0 
            on u1_0.id=p1_0.user_id 
    where
        u1_0.id=?
Hibernate: 
    select
        u1_0.id,
        u1_0.address_text,
        u1_0.avg_rating_cache,
        u1_0.bio,
        u1_0.country,
        u1_0.created_at,
        u1_0.curp,
        u1_0.firstname,
        u1_0.lastname,
        u1_0.lat,
        u1_0.lng,
        u1_0.password,
        u1_0.phone,
        p1_0.id,
        p1_0.image_id,
        p1_0.url,
        p1_0.user_id,
        u1_0.rfc_homoclave,
        u1_0.role,
        u1_0.service_radius_km,
        u1_0.username 
    from
        users u1_0 
    left join
        user_photos p1_0 
            on u1_0.id=p1_0.user_id 
    where
        u1_0.id=?
2025-11-09T13:00:03.941-08:00 DEBUG 17965 --- [JobsyApplication] [io-8080-exec-10] org.hibernate.SQL                        : 
    /* <criteria> */ select
        u1_0.id,
        u1_0.address_text,
        u1_0.avg_rating_cache,
        u1_0.bio,
        u1_0.country,
        u1_0.created_at,
        u1_0.curp,
        u1_0.firstname,
        u1_0.lastname,
        u1_0.lat,
        u1_0.lng,
        u1_0.password,
        u1_0.phone,
        u1_0.rfc_homoclave,
        u1_0.role,
        u1_0.service_radius_km,
        u1_0.username 
    from
        users u1_0 
    where
        u1_0.username=?
Hibernate: 
    /* <criteria> */ select
        u1_0.id,
        u1_0.address_text,
        u1_0.avg_rating_cache,
        u1_0.bio,
        u1_0.country,
        u1_0.created_at,
        u1_0.curp,
        u1_0.firstname,
        u1_0.lastname,
        u1_0.lat,
        u1_0.lng,
        u1_0.password,
        u1_0.phone,
        u1_0.rfc_homoclave,
        u1_0.role,
        u1_0.service_radius_km,
        u1_0.username 
    from
        users u1_0 
    where
        u1_0.username=?
2025-11-09T13:00:03.988-08:00 DEBUG 17965 --- [JobsyApplication] [nio-8080-exec-7] org.hibernate.SQL                        : 
    select
        d1_0.provider_request_id,
        d1_0.id,
        d1_0.public_id,
        d1_0.url 
    from
        provider_documents d1_0 
    where
        d1_0.provider_request_id=?
Hibernate: 
    select
        d1_0.provider_request_id,
        d1_0.id,
        d1_0.public_id,
        d1_0.url 
    from
        provider_documents d1_0 
    where
        d1_0.provider_request_id=?
2025-11-09T13:00:04.030-08:00 DEBUG 17965 --- [JobsyApplication] [io-8080-exec-10] org.hibernate.SQL                        : 
    select
        up1_0.id,
        up1_0.image_id,
        up1_0.url,
        up1_0.user_id,
        u1_0.id,
        u1_0.address_text,
        u1_0.avg_rating_cache,
        u1_0.bio,
        u1_0.country,
        u1_0.created_at,
        u1_0.curp,
        u1_0.firstname,
        u1_0.lastname,
        u1_0.lat,
        u1_0.lng,
        u1_0.password,
        u1_0.phone,
        u1_0.rfc_homoclave,
        u1_0.role,
        u1_0.service_radius_km,
        u1_0.username 
    from
        user_photos up1_0 
    join
        users u1_0 
            on u1_0.id=up1_0.user_id 
    where
        up1_0.user_id=?
Hibernate: 
    select
        up1_0.id,
        up1_0.image_id,
        up1_0.url,
        up1_0.user_id,
        u1_0.id,
        u1_0.address_text,
        u1_0.avg_rating_cache,
        u1_0.bio,
        u1_0.country,
        u1_0.created_at,
        u1_0.curp,
        u1_0.firstname,
        u1_0.lastname,
        u1_0.lat,
        u1_0.lng,
        u1_0.password,
        u1_0.phone,
        u1_0.rfc_homoclave,
        u1_0.role,
        u1_0.service_radius_km,
        u1_0.username 
    from
        user_photos up1_0 
    join
        users u1_0 
            on u1_0.id=up1_0.user_id 
    where
        up1_0.user_id=?
2025-11-09T13:00:04.076-08:00 DEBUG 17965 --- [JobsyApplication] [nio-8080-exec-7] org.hibernate.SQL                        : 
    select
        d1_0.provider_request_id,
        d1_0.id,
        d1_0.public_id,
        d1_0.url 
    from
        provider_documents d1_0 
    where
        d1_0.provider_request_id=?
Hibernate: 
    select
        d1_0.provider_request_id,
        d1_0.id,
        d1_0.public_id,
        d1_0.url 
    from
        provider_documents d1_0 
    where
        d1_0.provider_request_id=?
2025-11-09T13:00:04.164-08:00 DEBUG 17965 --- [JobsyApplication] [nio-8080-exec-7] org.hibernate.SQL                        : 
    select
        d1_0.provider_request_id,
        d1_0.id,
        d1_0.public_id,
        d1_0.url 
    from
        provider_documents d1_0 
    where
        d1_0.provider_request_id=?
Hibernate: 
    select
        d1_0.provider_request_id,
        d1_0.id,
        d1_0.public_id,
        d1_0.url 
    from
        provider_documents d1_0 
    where
        d1_0.provider_request_id=?
2025-11-09T13:00:04.254-08:00 DEBUG 17965 --- [JobsyApplication] [nio-8080-exec-7] org.hibernate.SQL                        : 
    select
        d1_0.provider_request_id,
        d1_0.id,
        d1_0.public_id,
        d1_0.url 
    from
        provider_documents d1_0 
    where
        d1_0.provider_request_id=?
Hibernate: 
    select
        d1_0.provider_request_id,
        d1_0.id,
        d1_0.public_id,
        d1_0.url 
    from
        provider_documents d1_0 
    where
        d1_0.provider_request_id=?
2025-11-09T13:00:04.350-08:00 DEBUG 17965 --- [JobsyApplication] [nio-8080-exec-7] org.hibernate.SQL                        : 
    select
        d1_0.provider_request_id,
        d1_0.id,
        d1_0.public_id,
        d1_0.url 
    from
        provider_documents d1_0 
    where
        d1_0.provider_request_id=?
Hibernate: 
    select
        d1_0.provider_request_id,
        d1_0.id,
        d1_0.public_id,
        d1_0.url 
    from
        provider_documents d1_0 
    where
        d1_0.provider_request_id=?
2025-11-09T13:00:04.438-08:00 DEBUG 17965 --- [JobsyApplication] [nio-8080-exec-7] org.hibernate.SQL                        : 
    select
        d1_0.provider_request_id,
        d1_0.id,
        d1_0.public_id,
        d1_0.url 
    from
        provider_documents d1_0 
    where
        d1_0.provider_request_id=?
Hibernate: 
    select
        d1_0.provider_request_id,
        d1_0.id,
        d1_0.public_id,
        d1_0.url 
    from
        provider_documents d1_0 
    where
        d1_0.provider_request_id=?
2025-11-09T13:00:04.525-08:00 DEBUG 17965 --- [JobsyApplication] [nio-8080-exec-7] org.hibernate.SQL                        : 
    select
        d1_0.provider_request_id,
        d1_0.id,
        d1_0.public_id,
        d1_0.url 
    from
        provider_documents d1_0 
    where
        d1_0.provider_request_id=?
Hibernate: 
    select
        d1_0.provider_request_id,
        d1_0.id,
        d1_0.public_id,
        d1_0.url 
    from
        provider_documents d1_0 
    where
        d1_0.provider_request_id=?
2025-11-09T13:00:04.615-08:00 DEBUG 17965 --- [JobsyApplication] [nio-8080-exec-7] org.hibernate.SQL                        : 
    select
        d1_0.provider_request_id,
        d1_0.id,
        d1_0.public_id,
        d1_0.url 
    from
        provider_documents d1_0 
    where
        d1_0.provider_request_id=?
Hibernate: 
    select
        d1_0.provider_request_id,
        d1_0.id,
        d1_0.public_id,
        d1_0.url 
    from
        provider_documents d1_0 
    where
        d1_0.provider_request_id=?
2025-11-09T13:00:08.297-08:00 DEBUG 17965 --- [JobsyApplication] [nio-8080-exec-3] org.hibernate.SQL                        : 
    /* <criteria> */ select
        u1_0.id,
        u1_0.address_text,
        u1_0.avg_rating_cache,
        u1_0.bio,
        u1_0.country,
        u1_0.created_at,
        u1_0.curp,
        u1_0.firstname,
        u1_0.lastname,
        u1_0.lat,
        u1_0.lng,
        u1_0.password,
        u1_0.phone,
        u1_0.rfc_homoclave,
        u1_0.role,
        u1_0.service_radius_km,
        u1_0.username 
    from
        users u1_0 
    where
        u1_0.username=?
Hibernate: 
    /* <criteria> */ select
        u1_0.id,
        u1_0.address_text,
        u1_0.avg_rating_cache,
        u1_0.bio,
        u1_0.country,
        u1_0.created_at,
        u1_0.curp,
        u1_0.firstname,
        u1_0.lastname,
        u1_0.lat,
        u1_0.lng,
        u1_0.password,
        u1_0.phone,
        u1_0.rfc_homoclave,
        u1_0.role,
        u1_0.service_radius_km,
        u1_0.username 
    from
        users u1_0 
    where
        u1_0.username=?
2025-11-09T13:00:08.474-08:00 DEBUG 17965 --- [JobsyApplication] [nio-8080-exec-3] org.hibernate.SQL                        : 
    select
        up1_0.id,
        up1_0.image_id,
        up1_0.url,
        up1_0.user_id,
        u1_0.id,
        u1_0.address_text,
        u1_0.avg_rating_cache,
        u1_0.bio,
        u1_0.country,
        u1_0.created_at,
        u1_0.curp,
        u1_0.firstname,
        u1_0.lastname,
        u1_0.lat,
        u1_0.lng,
        u1_0.password,
        u1_0.phone,
        u1_0.rfc_homoclave,
        u1_0.role,
        u1_0.service_radius_km,
        u1_0.username 
    from
        user_photos up1_0 
    join
        users u1_0 
            on u1_0.id=up1_0.user_id 
    where
        up1_0.user_id=?
Hibernate: 
    select
        up1_0.id,
        up1_0.image_id,
        up1_0.url,
        up1_0.user_id,
        u1_0.id,
        u1_0.address_text,
        u1_0.avg_rating_cache,
        u1_0.bio,
        u1_0.country,
        u1_0.created_at,
        u1_0.curp,
        u1_0.firstname,
        u1_0.lastname,
        u1_0.lat,
        u1_0.lng,
        u1_0.password,
        u1_0.phone,
        u1_0.rfc_homoclave,
        u1_0.role,
        u1_0.service_radius_km,
        u1_0.username 
    from
        user_photos up1_0 
    join
        users u1_0 
            on u1_0.id=up1_0.user_id 
    where
        up1_0.user_id=?
2025-11-09T13:00:08.566-08:00 DEBUG 17965 --- [JobsyApplication] [nio-8080-exec-3] org.hibernate.SQL                        : 
    /* <criteria> */ select
        pr1_0.id,
        pr1_0.address_text,
        pr1_0.bio,
        pr1_0.created_at,
        pr1_0.curp,
        pr1_0.rejection_reason,
        pr1_0.reviewed_at,
        pr1_0.reviewed_by,
        pr1_0.rfc_homoclave,
        pr1_0.status,
        pr1_0.updated_at,
        pr1_0.user_id 
    from
        provider_applies pr1_0 
    offset
        ? rows 
    fetch
        first ? rows only
Hibernate: 
    /* <criteria> */ select
        pr1_0.id,
        pr1_0.address_text,
        pr1_0.bio,
        pr1_0.created_at,
        pr1_0.curp,
        pr1_0.rejection_reason,
        pr1_0.reviewed_at,
        pr1_0.reviewed_by,
        pr1_0.rfc_homoclave,
        pr1_0.status,
        pr1_0.updated_at,
        pr1_0.user_id 
    from
        provider_applies pr1_0 
    offset
        ? rows 
    fetch
        first ? rows only
2025-11-09T13:00:08.742-08:00 DEBUG 17965 --- [JobsyApplication] [nio-8080-exec-3] org.hibernate.SQL                        : 
    select
        u1_0.id,
        u1_0.address_text,
        u1_0.avg_rating_cache,
        u1_0.bio,
        u1_0.country,
        u1_0.created_at,
        u1_0.curp,
        u1_0.firstname,
        u1_0.lastname,
        u1_0.lat,
        u1_0.lng,
        u1_0.password,
        u1_0.phone,
        p1_0.id,
        p1_0.image_id,
        p1_0.url,
        p1_0.user_id,
        u1_0.rfc_homoclave,
        u1_0.role,
        u1_0.service_radius_km,
        u1_0.username 
    from
        users u1_0 
    left join
        user_photos p1_0 
            on u1_0.id=p1_0.user_id 
    where
        u1_0.id=?
Hibernate: 
    select
        u1_0.id,
        u1_0.address_text,
        u1_0.avg_rating_cache,
        u1_0.bio,
        u1_0.country,
        u1_0.created_at,
        u1_0.curp,
        u1_0.firstname,
        u1_0.lastname,
        u1_0.lat,
        u1_0.lng,
        u1_0.password,
        u1_0.phone,
        p1_0.id,
        p1_0.image_id,
        p1_0.url,
        p1_0.user_id,
        u1_0.rfc_homoclave,
        u1_0.role,
        u1_0.service_radius_km,
        u1_0.username 
    from
        users u1_0 
    left join
        user_photos p1_0 
            on u1_0.id=p1_0.user_id 
    where
        u1_0.id=?
2025-11-09T13:00:08.833-08:00 DEBUG 17965 --- [JobsyApplication] [nio-8080-exec-3] org.hibernate.SQL                        : 
    select
        u1_0.id,
        u1_0.address_text,
        u1_0.avg_rating_cache,
        u1_0.bio,
        u1_0.country,
        u1_0.created_at,
        u1_0.curp,
        u1_0.firstname,
        u1_0.lastname,
        u1_0.lat,
        u1_0.lng,
        u1_0.password,
        u1_0.phone,
        p1_0.id,
        p1_0.image_id,
        p1_0.url,
        p1_0.user_id,
        u1_0.rfc_homoclave,
        u1_0.role,
        u1_0.service_radius_km,
        u1_0.username 
    from
        users u1_0 
    left join
        user_photos p1_0 
            on u1_0.id=p1_0.user_id 
    where
        u1_0.id=?
Hibernate: 
    select
        u1_0.id,
        u1_0.address_text,
        u1_0.avg_rating_cache,
        u1_0.bio,
        u1_0.country,
        u1_0.created_at,
        u1_0.curp,
        u1_0.firstname,
        u1_0.lastname,
        u1_0.lat,
        u1_0.lng,
        u1_0.password,
        u1_0.phone,
        p1_0.id,
        p1_0.image_id,
        p1_0.url,
        p1_0.user_id,
        u1_0.rfc_homoclave,
        u1_0.role,
        u1_0.service_radius_km,
        u1_0.username 
    from
        users u1_0 
    left join
        user_photos p1_0 
            on u1_0.id=p1_0.user_id 
    where
        u1_0.id=?
2025-11-09T13:00:08.921-08:00 DEBUG 17965 --- [JobsyApplication] [nio-8080-exec-3] org.hibernate.SQL                        : 
    select
        d1_0.provider_request_id,
        d1_0.id,
        d1_0.public_id,
        d1_0.url 
    from
        provider_documents d1_0 
    where
        d1_0.provider_request_id=?
Hibernate: 
    select
        d1_0.provider_request_id,
        d1_0.id,
        d1_0.public_id,
        d1_0.url 
    from
        provider_documents d1_0 
    where
        d1_0.provider_request_id=?
2025-11-09T13:00:09.009-08:00 DEBUG 17965 --- [JobsyApplication] [nio-8080-exec-3] org.hibernate.SQL                        : 
    select
        d1_0.provider_request_id,
        d1_0.id,
        d1_0.public_id,
        d1_0.url 
    from
        provider_documents d1_0 
    where
        d1_0.provider_request_id=?
Hibernate: 
    select
        d1_0.provider_request_id,
        d1_0.id,
        d1_0.public_id,
        d1_0.url 
    from
        provider_documents d1_0 
    where
        d1_0.provider_request_id=?
2025-11-09T13:00:09.097-08:00 DEBUG 17965 --- [JobsyApplication] [nio-8080-exec-3] org.hibernate.SQL                        : 
    select
        d1_0.provider_request_id,
        d1_0.id,
        d1_0.public_id,
        d1_0.url 
    from
        provider_documents d1_0 
    where
        d1_0.provider_request_id=?
Hibernate: 
    select
        d1_0.provider_request_id,
        d1_0.id,
        d1_0.public_id,
        d1_0.url 
    from
        provider_documents d1_0 
    where
        d1_0.provider_request_id=?
2025-11-09T13:00:09.185-08:00 DEBUG 17965 --- [JobsyApplication] [nio-8080-exec-3] org.hibernate.SQL                        : 
    select
        d1_0.provider_request_id,
        d1_0.id,
        d1_0.public_id,
        d1_0.url 
    from
        provider_documents d1_0 
    where
        d1_0.provider_request_id=?
Hibernate: 
    select
        d1_0.provider_request_id,
        d1_0.id,
        d1_0.public_id,
        d1_0.url 
    from
        provider_documents d1_0 
    where
        d1_0.provider_request_id=?
2025-11-09T13:00:09.275-08:00 DEBUG 17965 --- [JobsyApplication] [nio-8080-exec-3] org.hibernate.SQL                        : 
    select
        d1_0.provider_request_id,
        d1_0.id,
        d1_0.public_id,
        d1_0.url 
    from
        provider_documents d1_0 
    where
        d1_0.provider_request_id=?
Hibernate: 
    select
        d1_0.provider_request_id,
        d1_0.id,
        d1_0.public_id,
        d1_0.url 
    from
        provider_documents d1_0 
    where
        d1_0.provider_request_id=?
2025-11-09T13:00:09.369-08:00 DEBUG 17965 --- [JobsyApplication] [nio-8080-exec-3] org.hibernate.SQL                        : 
    select
        d1_0.provider_request_id,
        d1_0.id,
        d1_0.public_id,
        d1_0.url 
    from
        provider_documents d1_0 
    where
        d1_0.provider_request_id=?
Hibernate: 
    select
        d1_0.provider_request_id,
        d1_0.id,
        d1_0.public_id,
        d1_0.url 
    from
        provider_documents d1_0 
    where
        d1_0.provider_request_id=?
2025-11-09T13:00:09.457-08:00 DEBUG 17965 --- [JobsyApplication] [nio-8080-exec-3] org.hibernate.SQL                        : 
    select
        d1_0.provider_request_id,
        d1_0.id,
        d1_0.public_id,
        d1_0.url 
    from
        provider_documents d1_0 
    where
        d1_0.provider_request_id=?
Hibernate: 
    select
        d1_0.provider_request_id,
        d1_0.id,
        d1_0.public_id,
        d1_0.url 
    from
        provider_documents d1_0 
    where
        d1_0.provider_request_id=?
2025-11-09T13:00:09.545-08:00 DEBUG 17965 --- [JobsyApplication] [nio-8080-exec-3] org.hibernate.SQL                        : 
    select
        d1_0.provider_request_id,
        d1_0.id,
        d1_0.public_id,
        d1_0.url 
    from
        provider_documents d1_0 
    where
        d1_0.provider_request_id=?
Hibernate: 
    select
        d1_0.provider_request_id,
        d1_0.id,
        d1_0.public_id,
        d1_0.url 
    from
        provider_documents d1_0 
    where
        d1_0.provider_request_id=?
2025-11-09T13:21:09.801-08:00  INFO 17965 --- [JobsyApplication] [MessageBroker-2] o.s.w.s.c.WebSocketMessageBrokerStats    : WebSocketSession[0 current WS(0)-HttpStream(0)-HttpPoll(0), 12 total, 0 closed abnormally (0 connect failure, 0 send limit, 1 transport error)], stompSubProtocol[processed CONNECT(12)-CONNECTED(12)-DISCONNECT(7)], stompBrokerRelay[null], inboundChannel[pool size = 0, active threads = 0, queued tasks = 0, completed tasks = 264], outboundChannel[pool size = 0, active threads = 0, queued tasks = 0, completed tasks = 31], sockJsScheduler[pool size = 4, active threads = 1, queued tasks = 1, completed tasks = 327]
